/*******************************************************************************
 * Size: 18 px
 * Bpp: 1
 * Opts: --bpp 1 --size 18 --no-compress --stride 1 --align 1 --font OpenMoji-black-glyf.ttf --range 128512-128591,127744-128511,128000-128255,9728-9983,9984-10175 --format lvgl -o emoji.c
 ******************************************************************************/

#ifdef __has_include
    #if __has_include("lvgl.h")
        #ifndef LV_LVGL_H_INCLUDE_SIMPLE
            #define LV_LVGL_H_INCLUDE_SIMPLE
        #endif
    #endif
#endif

#ifdef LV_LVGL_H_INCLUDE_SIMPLE
    #include "lvgl.h"
#else
    #include "lvgl/lvgl.h"
#endif



#ifndef EMOJI
#define EMOJI 1
#endif

#if EMOJI

/*-----------------
 *    BITMAPS
 *----------------*/

/*Store the image of the glyphs*/
static LV_ATTRIBUTE_LARGE_CONST const uint8_t glyph_bitmap[] = {
    /* U+2600 "☀" */
    0x0, 0x60, 0x0, 0x46, 0x20, 0x6, 0x96, 0x0,
    0x5f, 0xa0, 0x7, 0xe, 0x7, 0xc0, 0x3e, 0x28,
    0x1, 0x43, 0x80, 0x18, 0x30, 0x0, 0xcd, 0x0,
    0xb, 0xd0, 0x0, 0xb3, 0x0, 0xc, 0x18, 0x1,
    0x82, 0x80, 0x14, 0x7c, 0x3, 0xe0, 0x70, 0xe0,
    0x5, 0xfa, 0x0, 0x79, 0xe0, 0x4, 0x62, 0x0,
    0x6, 0x0,

    /* U+2601 "☁" */
    0x0, 0x18, 0x0, 0xc, 0x60, 0x7, 0x2, 0x0,
    0x80, 0x10, 0x10, 0x1, 0x3, 0x0, 0xc, 0x40,
    0x0, 0x28, 0x0, 0x1, 0x80, 0x0, 0x18, 0x0,
    0x1, 0x80, 0x0, 0x1c, 0x0, 0x3, 0x40, 0x0,
    0x63, 0xff, 0xfc,

    /* U+2602 "☂" */
    0x0, 0x20, 0x0, 0xf, 0xe0, 0x1, 0xd5, 0xc0,
    0x15, 0x15, 0x1, 0x48, 0x94, 0x14, 0x42, 0x51,
    0x24, 0x12, 0x4a, 0x20, 0x8a, 0x91, 0x4, 0x4d,
    0x8, 0x22, 0x68, 0x41, 0x9, 0xff, 0xff, 0xf0,
    0x2, 0x0, 0x0, 0x10, 0x0, 0x0, 0x80, 0x0,
    0x4, 0x0, 0x0, 0x20, 0x0, 0x1, 0x0, 0x0,
    0x8, 0x0, 0x0, 0x48, 0x0, 0x2, 0x40, 0x0,
    0xc, 0x0,

    /* U+2603 "☃" */
    0x1, 0xf3, 0x0, 0x22, 0x60, 0x24, 0x40, 0xf,
    0xfc, 0x0, 0xa0, 0x0, 0x9, 0x50, 0x11, 0x2,
    0x12, 0x17, 0x42, 0xe1, 0x10, 0x63, 0x1c, 0x70,
    0x1c, 0x30, 0x21, 0x4, 0x3e, 0x40, 0x4e, 0xc8,
    0x88, 0x81, 0x1, 0x0, 0x22, 0x20, 0x2, 0x8,
    0x0, 0x2a, 0x0, 0x3, 0x80, 0x0,

    /* U+2604 "☄" */
    0x0, 0x0, 0x0, 0x4d, 0x6, 0x32, 0x6, 0x60,
    0x0, 0xc8, 0x11, 0x90, 0xb, 0x20, 0x6, 0x40,
    0x8, 0xc0, 0x71, 0x60, 0x89, 0x60, 0x86, 0x0,
    0x84, 0x0, 0x48, 0x0, 0x70, 0x0, 0x0, 0x0,

    /* U+2605 "★" */
    0x1, 0x80, 0x0, 0x30, 0x0, 0x3c, 0x0, 0x7,
    0x80, 0x7, 0xe0, 0x7, 0xff, 0xf, 0xff, 0xfa,
    0xff, 0xfc, 0x5f, 0xfe, 0xb, 0xff, 0x1, 0x7f,
    0x80, 0x3f, 0xe0, 0xf, 0xfc, 0x7, 0xdf, 0x1,
    0xdd, 0xc0, 0x98, 0xd0, 0x18, 0xc, 0x0,

    /* U+260E "☎" */
    0xf, 0xfe, 0xe, 0x0, 0x3a, 0xf, 0xe1, 0xc6,
    0x3, 0x18, 0xb1, 0xa3, 0xf7, 0xd7, 0xc1, 0x1,
    0x0, 0xca, 0x90, 0x20, 0x1, 0x4, 0x2a, 0x20,
    0x80, 0x4, 0x10, 0xa8, 0x82, 0x0, 0x10, 0x40,
    0x2, 0xf, 0xff, 0xc0,

    /* U+2611 "☑" */
    0x0, 0x40, 0x20, 0x10, 0x8, 0xff, 0x21, 0x48,
    0x52, 0xa4, 0x99, 0x24, 0x48, 0x13, 0xfc,

    /* U+2614 "☔" */
    0x1, 0x0, 0x0, 0x30, 0x0, 0x4, 0x80, 0x0,
    0x48, 0x0, 0x64, 0x80, 0x46, 0x30, 0xa, 0x90,
    0x1, 0x19, 0x0, 0x11, 0x90, 0x71, 0x16, 0x3d,
    0xee, 0x6, 0x8b, 0x1, 0xc8, 0x98, 0x15, 0x5,
    0x42, 0x90, 0x4c, 0x29, 0x4, 0xa5, 0x10, 0x4a,
    0x3f, 0xff, 0xe0, 0x12, 0x40, 0x0, 0x20, 0x0,
    0x2, 0x0, 0x0, 0x20, 0x0, 0x2, 0x0,

    /* U+2615 "☕" */
    0xff, 0xfd, 0x0, 0x16, 0x0, 0x2a, 0x0, 0x94,
    0x1, 0xc0, 0x0, 0x3f, 0xff, 0x3f, 0xfc,

    /* U+2618 "☘" */
    0x19, 0x82, 0x64, 0x20, 0x81, 0x8, 0x10, 0x8e,
    0x7, 0x80, 0x18, 0x1, 0x46, 0x28, 0x92, 0x51,
    0xa6, 0x46, 0x8, 0x0, 0x80, 0x10, 0x1, 0x0,
    0x10, 0x0, 0x0,

    /* U+261D "☝" */
    0x0, 0xe0, 0xa, 0x0, 0xa0, 0xa, 0x0, 0xa0,
    0xa, 0x0, 0xaf, 0xf2, 0xa5, 0x2a, 0x52, 0xa3,
    0xea, 0x42, 0x52, 0x18, 0x11, 0x80, 0x98, 0x11,
    0x80, 0x24, 0x2, 0x20, 0x21, 0xc, 0xf, 0x0,

    /* U+2620 "☠" */
    0x60, 0x6, 0x50, 0xa, 0x93, 0xc9, 0xcc, 0x33,
    0x38, 0xc, 0x10, 0x8, 0x20, 0x4, 0x20, 0x4,
    0x26, 0x64, 0x29, 0x94, 0x2a, 0x98, 0x16, 0x68,
    0x29, 0x90, 0xc9, 0x13, 0x99, 0x39, 0x51, 0xaa,
    0x60, 0x6,

    /* U+2622 "☢" */
    0x7, 0xe0, 0x18, 0x18, 0x30, 0xc, 0x60, 0x6,
    0x48, 0x22, 0x9c, 0x71, 0x9e, 0xf9, 0x9f, 0xf9,
    0x83, 0x81, 0x83, 0x81, 0x81, 0x1, 0x43, 0x82,
    0x67, 0xc6, 0x30, 0xc, 0x18, 0x18, 0x7, 0xe0,

    /* U+2623 "☣" */
    0x7, 0xe0, 0x18, 0x18, 0x30, 0xc, 0x61, 0x86,
    0x42, 0x42, 0x84, 0x41, 0x82, 0x41, 0x8f, 0xf1,
    0x95, 0xa9, 0x95, 0x49, 0x83, 0x81, 0x4e, 0x72,
    0x60, 0x6, 0x30, 0xc, 0x18, 0x18, 0x7, 0xe0,

    /* U+2626 "☦" */
    0xff, 0xff, 0x80, 0x1, 0x80, 0x81, 0x81, 0xc1,
    0x80, 0x81, 0x8f, 0xf9, 0x80, 0x81, 0x80, 0x81,
    0x80, 0x81, 0x80, 0x81, 0x80, 0x81, 0x81, 0x81,
    0x80, 0xe1, 0x80, 0x81, 0x80, 0x1, 0xff, 0xff,

    /* U+262A "☪" */
    0x7, 0xf0, 0x18, 0x78, 0x21, 0x80, 0x62, 0x0,
    0x44, 0x0, 0x84, 0x0, 0x88, 0x4, 0x88, 0x1b,
    0x88, 0x12, 0x88, 0x16, 0x88, 0x1a, 0x44, 0x0,
    0x46, 0x0, 0x23, 0x0, 0x10, 0xc0, 0xc, 0x38,
    0x3, 0xe0,

    /* U+262E "☮" */
    0x7, 0xe0, 0x6, 0xc, 0xd, 0xfd, 0x8f, 0x31,
    0x46, 0x18, 0x55, 0xc, 0x27, 0x6, 0xb, 0x83,
    0x5, 0xc1, 0x42, 0xe3, 0x11, 0x72, 0xd4, 0xae,
    0xb5, 0xa6, 0x99, 0x31, 0x8c, 0x70, 0x7e, 0xe0,
    0xf, 0xc0,

    /* U+262F "☯" */
    0x7, 0xf0, 0x6, 0x1c, 0xc, 0x7, 0x84, 0x19,
    0x44, 0x12, 0x96, 0x6, 0x4a, 0x0, 0x63, 0x0,
    0x61, 0x83, 0xe0, 0xc3, 0x0, 0x63, 0x0, 0x39,
    0x18, 0x24, 0x92, 0x11, 0x46, 0x10, 0xf0, 0x18,
    0x1c, 0x30, 0x7, 0xe0, 0x0,

    /* U+2638 "☸" */
    0xff, 0xff, 0x80, 0x1, 0x80, 0x81, 0x83, 0xe1,
    0x8c, 0x99, 0x8c, 0x99, 0x93, 0xe5, 0x93, 0x65,
    0xbe, 0x7f, 0x91, 0xc5, 0x92, 0xa5, 0x8c, 0x99,
    0x8c, 0x99, 0x83, 0xe1, 0x80, 0x81, 0xff, 0xff,

    /* U+2639 "☹" */
    0x7, 0xe0, 0x18, 0x18, 0x30, 0xc, 0x60, 0x6,
    0x40, 0x2, 0x80, 0x1, 0x8c, 0x31, 0x8c, 0x31,
    0x80, 0x1, 0x80, 0x1, 0x83, 0x81, 0x44, 0x42,
    0x68, 0x26, 0x30, 0xc, 0x18, 0x18, 0x7, 0xe0,

    /* U+263A "☺" */
    0x7, 0xe0, 0x18, 0x18, 0x30, 0xc, 0x60, 0x6,
    0x5c, 0x32, 0x80, 0x9, 0x80, 0x1, 0x9c, 0x71,
    0x80, 0x1, 0x80, 0x1, 0x80, 0x1, 0x40, 0x2,
    0x63, 0xc6, 0x30, 0xc, 0x18, 0x18, 0x7, 0xe0,

    /* U+2640 "♀" */
    0x6, 0x6, 0x31, 0x39, 0x28, 0xaa, 0xb, 0x41,
    0x68, 0x2d, 0x5, 0x51, 0x4d, 0xd8, 0xe6, 0x5,
    0x0, 0xa0, 0x63, 0xe, 0xe0, 0x50, 0xa, 0x1,
    0xc0,

    /* U+2642 "♂" */
    0x0, 0xfe, 0x3, 0x4, 0x7, 0xc8, 0x1, 0x50,
    0xe5, 0xa6, 0x35, 0x57, 0xd3, 0xd0, 0x66, 0xa0,
    0xa1, 0x41, 0x42, 0x82, 0x82, 0xda, 0x6, 0x48,
    0x3, 0xe0, 0x0,

    /* U+2648 "♈" */
    0xff, 0xff, 0x80, 0x1, 0x80, 0x1, 0x80, 0x1,
    0x8e, 0x1d, 0x92, 0x25, 0x81, 0x21, 0x81, 0x41,
    0x81, 0x41, 0x81, 0x41, 0x80, 0x81, 0x80, 0x81,
    0x80, 0x81, 0x80, 0x1, 0x80, 0x1, 0xff, 0xff,

    /* U+2649 "♉" */
    0xff, 0xff, 0x80, 0x1, 0x80, 0x1, 0x80, 0x1,
    0x9c, 0x1d, 0x86, 0x11, 0x83, 0xe1, 0x82, 0x21,
    0x84, 0x11, 0x84, 0x11, 0x84, 0x11, 0x82, 0x21,
    0x81, 0xc1, 0x80, 0x1, 0x80, 0x1, 0xff, 0xff,

    /* U+264A "♊" */
    0xff, 0xff, 0x80, 0x1, 0x80, 0x1, 0x88, 0x9,
    0x84, 0x19, 0x83, 0xe1, 0x82, 0x41, 0x82, 0x41,
    0x82, 0x41, 0x82, 0x41, 0x83, 0xe1, 0x84, 0x19,
    0x88, 0x9, 0x80, 0x1, 0x80, 0x1, 0xff, 0xff,

    /* U+264B "♋" */
    0xff, 0xff, 0x80, 0x1, 0x80, 0x1, 0x80, 0x1,
    0x8f, 0xe1, 0x9b, 0x39, 0x91, 0x1, 0x91, 0x1,
    0x8e, 0x71, 0x80, 0x49, 0x8e, 0x59, 0x83, 0xf1,
    0x80, 0x1, 0x80, 0x1, 0x80, 0x1, 0xff, 0xff,

    /* U+264C "♌" */
    0xff, 0xff, 0x80, 0x1, 0x80, 0x1, 0x80, 0xe1,
    0x81, 0x11, 0x81, 0x21, 0x81, 0x21, 0x87, 0x21,
    0x89, 0x21, 0x89, 0x41, 0x89, 0x41, 0x87, 0x51,
    0x80, 0x51, 0x80, 0x71, 0x80, 0x1, 0xff, 0xff,

    /* U+264D "♍" */
    0xff, 0xff, 0x80, 0x1, 0x80, 0x1, 0x80, 0x1,
    0x8b, 0x41, 0x84, 0xa1, 0x84, 0xa1, 0x84, 0xa1,
    0x84, 0xa1, 0x84, 0xa9, 0x84, 0xb5, 0x80, 0x35,
    0x80, 0x39, 0x80, 0x21, 0x80, 0x1, 0xff, 0xff,

    /* U+264E "♎" */
    0xff, 0xff, 0x80, 0x1, 0x80, 0x1, 0x80, 0x1,
    0x81, 0xc1, 0x82, 0x21, 0x84, 0x11, 0x84, 0x11,
    0x9e, 0x3d, 0x80, 0x1, 0x9f, 0xfd, 0x80, 0x1,
    0x80, 0x1, 0x80, 0x1, 0x80, 0x1, 0xff, 0xff,

    /* U+264F "♏" */
    0xff, 0xff, 0x80, 0x1, 0x80, 0x1, 0x80, 0x1,
    0x8b, 0x61, 0x84, 0xa1, 0x84, 0xa1, 0x84, 0xa1,
    0x84, 0xa1, 0x84, 0xa1, 0x84, 0xa1, 0x80, 0x21,
    0x80, 0x2d, 0x80, 0x1f, 0x80, 0xd, 0xff, 0xff,

    /* U+2650 "♐" */
    0xff, 0xff, 0x80, 0x1, 0x80, 0x1, 0x80, 0x1,
    0x80, 0x79, 0x80, 0x19, 0x82, 0x69, 0x82, 0xc9,
    0x81, 0x81, 0x83, 0x81, 0x86, 0xc1, 0x88, 0x1,
    0x90, 0x1, 0x80, 0x1, 0x80, 0x1, 0xff, 0xff,

    /* U+2651 "♑" */
    0xff, 0xff, 0x80, 0x1, 0x80, 0x1, 0x80, 0x1,
    0x8b, 0x81, 0x86, 0x41, 0x84, 0x41, 0x84, 0x41,
    0x84, 0x41, 0x84, 0x71, 0x84, 0x49, 0x84, 0x49,
    0x80, 0xb1, 0x80, 0x81, 0x80, 0x1, 0xff, 0xff,

    /* U+2652 "♒" */
    0xff, 0xff, 0x80, 0x1, 0x80, 0x1, 0x80, 0x1,
    0x80, 0x1, 0x9d, 0xdd, 0x95, 0x55, 0x87, 0x71,
    0x9d, 0x9d, 0x95, 0x55, 0x85, 0x51, 0x82, 0x61,
    0x80, 0x1, 0x80, 0x1, 0x80, 0x1, 0xff, 0xff,

    /* U+2653 "♓" */
    0xff, 0xff, 0x80, 0x1, 0x80, 0x1, 0x88, 0x9,
    0x84, 0x11, 0x84, 0x11, 0x82, 0x21, 0x82, 0x21,
    0x8f, 0xf9, 0x82, 0x21, 0x82, 0x21, 0x84, 0x11,
    0x88, 0x9, 0x80, 0x1, 0x80, 0x1, 0xff, 0xff,

    /* U+2654 "♔" */
    0x0, 0x0, 0x7, 0x0, 0x0, 0x0, 0x1e, 0x0,
    0xe7, 0x6, 0x49, 0x90, 0x61, 0x40, 0x81, 0x81,
    0x2, 0x82, 0x5, 0x4, 0x11, 0xff, 0xe1, 0x0,
    0x82, 0x1, 0x4, 0x2, 0x8, 0x4, 0x1f, 0xf8,

    /* U+2655 "♕" */
    0x61, 0xc3, 0x31, 0x21, 0x98, 0x90, 0xc8, 0x38,
    0x24, 0x18, 0x13, 0xc, 0x19, 0xc9, 0x1c, 0xbc,
    0xf2, 0x40, 0x1, 0x20, 0x0, 0x90, 0x0, 0x48,
    0x0, 0x24, 0x0, 0x17, 0xff, 0xfe, 0x0, 0x3,
    0xff, 0xff,

    /* U+2656 "♖" */
    0xf7, 0xbc, 0xc6, 0x7e, 0x3e, 0x40, 0x41, 0x2,
    0xf, 0xe0, 0x41, 0x2, 0x8, 0x10, 0x40, 0x82,
    0x4, 0x10, 0x20, 0x2, 0x2, 0x10, 0x11, 0x0,
    0x8f, 0xfe,

    /* U+2657 "♗" */
    0xc, 0x1, 0xc0, 0x44, 0x14, 0x42, 0xf8, 0x51,
    0x4, 0x40, 0x70, 0xff, 0xef, 0xf8, 0x48, 0x8,
    0x82, 0x10, 0x41, 0x10, 0x24, 0x2, 0xff, 0xe0,

    /* U+2658 "♘" */
    0xf, 0x0, 0x12, 0xc0, 0x11, 0xa0, 0x20, 0x50,
    0x40, 0x48, 0x50, 0x28, 0x81, 0x24, 0x83, 0x44,
    0x86, 0x42, 0xb8, 0x42, 0xe2, 0x41, 0x2, 0x21,
    0x1, 0x1, 0x1, 0x1, 0x2, 0x1, 0x2, 0x1,
    0x3, 0x6, 0x0, 0xf8,

    /* U+2659 "♙" */
    0x7, 0x0, 0x44, 0x4, 0x10, 0x20, 0x81, 0x4,
    0x8, 0x20, 0x22, 0x0, 0xe0, 0x7f, 0xfb, 0xff,
    0x82, 0x40, 0x11, 0x1, 0x8, 0x8, 0x20, 0x81,
    0x4, 0x4, 0x40, 0x17, 0xff, 0xc0,

    /* U+265A "♚" */
    0x0, 0x0, 0x7, 0x0, 0x0, 0x0, 0x1e, 0x1,
    0xff, 0x87, 0xff, 0x9f, 0xff, 0x3f, 0xff, 0xff,
    0xfe, 0xff, 0xfd, 0xff, 0xf1, 0xff, 0xc1, 0xff,
    0x3, 0xfe, 0x7, 0xfc, 0xf, 0xf8,

    /* U+265B "♛" */
    0x63, 0xc3, 0x63, 0xc3, 0x63, 0xe3, 0x63, 0xc3,
    0x40, 0x81, 0x60, 0x83, 0x71, 0x47, 0x7e, 0xff,
    0x7f, 0xff, 0x7f, 0xff, 0x7f, 0xff, 0x7f, 0xff,
    0x7f, 0xff, 0xff, 0xff, 0xff, 0xff, 0xff, 0xff,

    /* U+265C "♜" */
    0xff, 0x7f, 0xfb, 0xff, 0xfe, 0x3f, 0xc1, 0xfe,
    0xf, 0xf0, 0x7f, 0x3, 0xf8, 0x1f, 0xc0, 0xfe,
    0x7, 0xf0, 0x3f, 0x81, 0xfe, 0x1f, 0xf0, 0xff,
    0x9f, 0xff,

    /* U+265D "♝" */
    0x6, 0x0, 0xe0, 0x15, 0x1, 0xb8, 0x1b, 0x81,
    0xb8, 0x1b, 0x0, 0x40, 0xff, 0xf7, 0xfe, 0xf,
    0x1, 0xf0, 0x1f, 0x3, 0xf8, 0x3f, 0xc7, 0xfc,
    0xff, 0xe0,

    /* U+265E "♞" */
    0xf, 0x80, 0x1, 0xfc, 0x0, 0x7f, 0x80, 0x3b,
    0x70, 0x1e, 0xfe, 0xd, 0xbf, 0xc3, 0xf7, 0xf1,
    0xff, 0xfc, 0x7f, 0xdf, 0xbe, 0xb7, 0xe6, 0x1d,
    0xf8, 0x5, 0xbe, 0x0, 0xff, 0xc0, 0x5f, 0xf0,
    0x1f, 0xf8, 0xb, 0xfa, 0x1, 0xff, 0x0,

    /* U+265F "♟" */
    0x7, 0xc0, 0x3f, 0x80, 0xfe, 0x3, 0xf8, 0xf,
    0xe0, 0x3f, 0x80, 0xfe, 0x1, 0xf0, 0x7f, 0xfc,
    0xff, 0xe0, 0x7c, 0x1, 0xf0, 0x7, 0xc0, 0x3f,
    0x80, 0xfe, 0x7, 0xfc, 0x3f, 0xf9, 0xff, 0xf0,

    /* U+2660 "♠" */
    0x0, 0x0, 0x1, 0x80, 0x2, 0x40, 0x4, 0x20,
    0x8, 0x10, 0x10, 0x10, 0x10, 0x8, 0x20, 0x4,
    0x40, 0x2, 0x80, 0x2, 0x80, 0x1, 0x80, 0x1,
    0x80, 0x1, 0xc1, 0x83, 0x63, 0xc6, 0x3e, 0x7c,
    0x4, 0x20, 0xf, 0xf0,

    /* U+2663 "♣" */
    0x0, 0xf0, 0x0, 0x21, 0x0, 0x8, 0x10, 0x1,
    0x2, 0x0, 0x20, 0x40, 0x34, 0xe, 0x19, 0xc2,
    0x32, 0xf, 0x82, 0x81, 0x10, 0x30, 0x36, 0x6,
    0x2, 0xc0, 0xe0, 0xcc, 0x36, 0x29, 0x8c, 0x7a,
    0x2f, 0x0, 0x42, 0x0, 0x8, 0x40, 0x3, 0xfc,
    0x0,

    /* U+2665 "♥" */
    0x1e, 0x3c, 0x30, 0xa1, 0xb0, 0x20, 0x70, 0x0,
    0x18, 0x0, 0xc, 0x0, 0x6, 0x0, 0x2, 0x80,
    0x2, 0x20, 0x2, 0x8, 0x2, 0x4, 0x2, 0x1,
    0x1, 0x0, 0x41, 0x0, 0x11, 0x0, 0x5, 0x0,
    0x3, 0x0,

    /* U+2666 "♦" */
    0x2, 0x0, 0x28, 0x1, 0x40, 0x11, 0x1, 0x4,
    0x10, 0x10, 0x80, 0x88, 0x2, 0x80, 0xc, 0x0,
    0x50, 0x4, 0x80, 0x22, 0x2, 0x8, 0x20, 0x22,
    0x1, 0x10, 0x5, 0x0, 0x10, 0x0,

    /* U+2668 "♨" */
    0x1, 0x8, 0x0, 0x4a, 0x0, 0x12, 0x40, 0x2,
    0x48, 0x0, 0x49, 0x0, 0x4, 0x90, 0x2, 0x52,
    0x81, 0x89, 0x2c, 0x61, 0x24, 0xd8, 0x25, 0xf,
    0x9, 0x21, 0xe0, 0x0, 0x3a, 0x0, 0xa, 0xb0,
    0x2, 0x89, 0xc7, 0xa0, 0xe7, 0x38, 0x3, 0xf8,
    0x0,

    /* U+267B "♻" */
    0xe, 0xe0, 0x24, 0x20, 0x44, 0x60, 0x44, 0x87,
    0x6e, 0x9, 0x3, 0x92, 0x8, 0xc0, 0x31, 0x7e,
    0x7c, 0x5, 0x0, 0x8c, 0x21, 0x14, 0x81, 0xe7,
    0x0, 0x8, 0x0,

    /* U+267E "♾" */
    0xc, 0x6, 0x6, 0x63, 0x31, 0x72, 0xbd, 0x51,
    0x2c, 0x9a, 0x16, 0xb, 0x43, 0x41, 0x68, 0xd4,
    0x4a, 0xe5, 0x72, 0x61, 0x10, 0x83, 0xc1, 0xe0,

    /* U+267F "♿" */
    0xff, 0xff, 0x80, 0x1, 0x80, 0x71, 0x80, 0x71,
    0x81, 0xc1, 0x86, 0x41, 0x85, 0x41, 0x85, 0x41,
    0x89, 0x39, 0x91, 0xb9, 0x90, 0x79, 0x90, 0x39,
    0x88, 0x59, 0x87, 0x81, 0x80, 0x1, 0xff, 0xff,

    /* U+2692 "⚒" */
    0x0, 0x0, 0x3, 0xc8, 0x6, 0x8b, 0x4, 0x44,
    0x4e, 0x41, 0x13, 0xd1, 0x68, 0x98, 0xce, 0x6,
    0xc0, 0x2, 0xa0, 0x0, 0xe0, 0x0, 0x50, 0x0,
    0x54, 0x0, 0x49, 0x0, 0x2a, 0x80, 0x28, 0xa0,
    0xc, 0x20,

    /* U+2693 "⚓" */
    0x0, 0x0, 0x3, 0xc0, 0x3, 0x40, 0x2, 0x40,
    0x1, 0x80, 0x6, 0x60, 0x7, 0xe0, 0x21, 0x84,
    0x61, 0x8a, 0x91, 0x8a, 0xd1, 0x8b, 0x51, 0x8c,
    0x39, 0x94, 0x15, 0xa8, 0xb, 0xd0, 0x4, 0x60,
    0x3, 0x80,

    /* U+2694 "⚔" */
    0x0, 0x0, 0x44, 0x3, 0x60, 0x15, 0x0, 0x60,
    0x2, 0x80, 0xc, 0x1, 0x50, 0x9, 0x80, 0xaa,
    0x1e, 0x3c, 0x59, 0x63, 0xde, 0x30, 0x1a, 0x80,
    0xa8, 0x3,

    /* U+2695 "⚕" */
    0x4, 0x0, 0x7, 0x10, 0x1, 0x16, 0x0, 0x90,
    0x87, 0xf8, 0x45, 0xff, 0xc2, 0xde, 0x1d, 0x88,
    0x84, 0x25, 0xc0, 0x1f, 0xe0, 0x1f, 0xe0, 0xc,
    0x80, 0x7, 0x70, 0x1, 0xb4, 0x0, 0x7d, 0x0,
    0x21, 0x0, 0x1f, 0x0, 0x2, 0x0, 0x1, 0x0,
    0x0,

    /* U+2696 "⚖" */
    0x1, 0x0, 0x2, 0x0, 0x0, 0x0, 0xff, 0x86,
    0x10, 0xc4, 0x20, 0x8, 0x43, 0x30, 0x86, 0x71,
    0xc, 0xe2, 0x2a, 0xc4, 0x5f, 0xc8, 0xf8, 0x91,
    0x2e, 0x1, 0x81, 0xf0, 0x4, 0x18, 0x10, 0x10,

    /* U+2697 "⚗" */
    0xf, 0x80, 0x18, 0x60, 0x20, 0x10, 0x60, 0x8,
    0x40, 0x4, 0x40, 0x2, 0x40, 0xa, 0x40, 0x16,
    0x60, 0x10, 0x20, 0x20, 0x5f, 0xd0, 0x4f, 0x90,
    0x82, 0x8, 0x82, 0x0,

    /* U+2699 "⚙" */
    0x1, 0x80, 0x2, 0x48, 0x3a, 0x54, 0x24, 0x64,
    0x23, 0xc4, 0x14, 0x28, 0x79, 0x9e, 0x8a, 0x51,
    0x8a, 0x51, 0x79, 0x9e, 0x14, 0x28, 0x23, 0xc4,
    0x24, 0x24, 0x2a, 0x54, 0x12, 0x48, 0x1, 0x80,

    /* U+269B "⚛" */
    0x0, 0x60, 0x0, 0x12, 0x0, 0x4, 0x40, 0x0,
    0x88, 0x0, 0x10, 0x80, 0xfe, 0x17, 0xa0, 0x32,
    0xa, 0x15, 0x82, 0x42, 0xc, 0x46, 0x5d, 0x60,
    0x22, 0xa6, 0x13, 0x25, 0x24, 0x19, 0x84, 0x80,
    0xc0, 0x50, 0x87, 0xb1, 0xc8, 0x48, 0x1, 0x10,
    0x0, 0x22, 0x0, 0x2, 0x40, 0x0, 0x30, 0x0,

    /* U+269C "⚜" */
    0x0, 0x40, 0x0, 0x14, 0x0, 0x4, 0x80, 0x0,
    0x88, 0x0, 0x20, 0x80, 0x4, 0x10, 0x0, 0x82,
    0x0, 0x10, 0x40, 0x3d, 0x17, 0x88, 0x63, 0xa,
    0x76, 0xf8, 0xd1, 0x58, 0x9e, 0xa, 0x16, 0xc7,
    0xf3, 0x80, 0x0, 0x0, 0x4f, 0x80, 0xe, 0xde,
    0x1, 0xb6, 0x80, 0xc, 0xa0, 0x0, 0x50, 0x0,
    0x4, 0x0,

    /* U+26A0 "⚠" */
    0x1, 0xc0, 0x0, 0xa0, 0x0, 0x88, 0x0, 0x5c,
    0x0, 0x4d, 0x0, 0x26, 0x80, 0x23, 0x20, 0x11,
    0x90, 0x10, 0xc4, 0x8, 0x62, 0x8, 0x30, 0x84,
    0x18, 0x44, 0x0, 0x12, 0x6, 0xa, 0x3, 0x3,
    0x0, 0x1, 0xff, 0xff, 0x80,

    /* U+26A1 "⚡" */
    0x0, 0x20, 0x2, 0x0, 0x30, 0x3, 0x0, 0x28,
    0x2, 0x80, 0x24, 0x2, 0x40, 0x23, 0xfa, 0x0,
    0x60, 0x5, 0xfc, 0x40, 0x44, 0x2, 0x40, 0x24,
    0x1, 0x40, 0x14, 0x1, 0x40, 0xc, 0x0, 0xc0,
    0x4, 0x0, 0x0,

    /* U+26A7 "⚧" */
    0xf0, 0x3f, 0x70, 0xf6, 0x40, 0x4f, 0x61, 0x36,
    0x7d, 0xe5, 0x7c, 0x87, 0x14, 0xc, 0x18, 0x14,
    0x50, 0x17, 0x40, 0x11, 0x0, 0x14, 0x0, 0x28,
    0x0, 0xdc, 0x1, 0xb0, 0x1, 0xc0,

    /* U+26AA "⚪" */
    0x3, 0xf8, 0x1, 0xc1, 0xc0, 0x60, 0xc, 0x10,
    0x0, 0x46, 0x0, 0xc, 0x80, 0x0, 0xb0, 0x0,
    0x1c, 0x0, 0x1, 0x80, 0x0, 0x30, 0x0, 0x6,
    0x0, 0x0, 0xc0, 0x0, 0x1c, 0x0, 0x6, 0x80,
    0x0, 0x98, 0x0, 0x31, 0x0, 0x4, 0x18, 0x3,
    0x1, 0xc1, 0xc0, 0xf, 0xe0, 0x0,

    /* U+26AB "⚫" */
    0x7, 0xf8, 0x7, 0xff, 0x83, 0xff, 0xf1, 0xff,
    0xfe, 0xbf, 0xff, 0xbf, 0xff, 0xff, 0xff, 0xff,
    0xff, 0xff, 0xff, 0xff, 0xff, 0xff, 0xff, 0xff,
    0xff, 0xff, 0xff, 0xff, 0xff, 0xef, 0xff, 0xe7,
    0xff, 0xf8, 0xff, 0xfc, 0x17, 0xfa, 0x3, 0xff,
    0x0,

    /* U+26B0 "⚰" */
    0xf, 0x80, 0x41, 0x1, 0x2, 0x8, 0x8, 0x40,
    0x11, 0x0, 0x28, 0x0, 0xa0, 0x2, 0x80, 0xa,
    0x0, 0x24, 0x1, 0x10, 0x4, 0x40, 0x10, 0x80,
    0x82, 0x2, 0x8, 0x8, 0x10, 0x40, 0x41, 0x1,
    0x4, 0x2, 0x10, 0xf, 0x80,

    /* U+26B1 "⚱" */
    0x1f, 0x82, 0x4, 0x20, 0x41, 0x8, 0x20, 0x64,
    0x2, 0x80, 0x18, 0x1, 0x80, 0x18, 0x1, 0x80,
    0x18, 0x1, 0x40, 0x24, 0x2, 0x40, 0x24, 0x2,
    0x20, 0x42, 0x4, 0x20, 0x41, 0xf8,

    /* U+26BD "⚽" */
    0x3, 0xf8, 0x1, 0xff, 0xc0, 0x63, 0x8c, 0x10,
    0x20, 0xc6, 0x4, 0xd, 0xc0, 0x81, 0xb8, 0x10,
    0x3f, 0x3, 0x7, 0xff, 0xff, 0xf8, 0x3e, 0xe,
    0x7, 0xc0, 0xc0, 0x78, 0x1c, 0x11, 0x6, 0x84,
    0x10, 0x9c, 0x82, 0x31, 0xe0, 0x3c, 0x1e, 0xf,
    0x1, 0xc1, 0xc0, 0xf, 0xe0, 0x0,

    /* U+26BE "⚾" */
    0x1, 0xf8, 0x0, 0x60, 0x60, 0x18, 0x1, 0x83,
    0x0, 0xc, 0x38, 0x1, 0x45, 0x80, 0x22, 0x4c,
    0x3, 0x28, 0x40, 0x41, 0x84, 0x6, 0x18, 0x40,
    0x41, 0x86, 0x6, 0x18, 0x40, 0x41, 0x8c, 0x4,
    0x14, 0x80, 0x22, 0x48, 0x2, 0x23, 0x0, 0x14,
    0x38, 0x0, 0xc1, 0x80, 0x18, 0x6, 0x6, 0x0,
    0x1f, 0x80,

    /* U+26C4 "⛄" */
    0x1, 0xf0, 0x0, 0x22, 0x0, 0x4, 0x40, 0x1,
    0xfc, 0x0, 0x20, 0x0, 0x9, 0x50, 0x11, 0x2,
    0x12, 0x17, 0x42, 0xe1, 0x10, 0x63, 0x1c, 0x70,
    0x1c, 0x30, 0x1, 0x4, 0x0, 0x40, 0x40, 0x8,
    0x88, 0x1, 0x1, 0x0, 0x22, 0x20, 0x2, 0x8,
    0x0, 0x2a, 0x0, 0x3, 0x80, 0x0,

    /* U+26C5 "⛅" */
    0x2, 0x0, 0x0, 0xb6, 0x0, 0xb, 0xd0, 0x0,
    0x21, 0x80, 0xe, 0x7, 0x0, 0x30, 0x30, 0x1,
    0x80, 0x7c, 0x1c, 0x1c, 0x10, 0xf1, 0x0, 0x41,
    0x48, 0x3, 0xd, 0x80, 0x4, 0x50, 0x0, 0x10,
    0x80, 0x0, 0x84, 0x0, 0x4, 0x20, 0x0, 0x20,
    0x80, 0x2, 0x3, 0xff, 0xe0,

    /* U+26C8 "⛈" */
    0x1, 0xf0, 0x7, 0x4, 0x4, 0x1, 0x2, 0x0,
    0xc6, 0x0, 0x14, 0x0, 0x6, 0x0, 0x3, 0x0,
    0x1, 0x80, 0x0, 0xa0, 0x0, 0x8f, 0xff, 0x84,
    0x5e, 0x46, 0x7a, 0x63, 0xa, 0x10, 0x26, 0x60,
    0x36, 0x70,

    /* U+26CE "⛎" */
    0xff, 0xff, 0x80, 0x1, 0x80, 0x1, 0x84, 0x21,
    0x84, 0x21, 0x84, 0x21, 0x8f, 0x21, 0x9c, 0xa1,
    0x84, 0xe5, 0x84, 0x79, 0x84, 0x21, 0x86, 0x61,
    0x83, 0xc1, 0x80, 0x1, 0x80, 0x1, 0xff, 0xff,

    /* U+26CF "⛏" */
    0x1, 0x0, 0x1f, 0xe1, 0xc0, 0x76, 0x7f, 0x33,
    0x31, 0x80, 0x60, 0x0, 0xc0, 0x1, 0x80, 0x3,
    0x0, 0x6, 0x0, 0xa, 0x0, 0x14, 0x0, 0x28,
    0x0, 0x50, 0x0, 0xa0, 0x1, 0x40, 0x3, 0x80,

    /* U+26D1 "⛑" */
    0x1, 0xf0, 0x0, 0x7f, 0x80, 0x17, 0xc8, 0x4,
    0xf9, 0x80, 0x9f, 0x10, 0x23, 0xe2, 0x4, 0x0,
    0x46, 0x80, 0xb, 0x83, 0xf0, 0x3c, 0x0, 0x1c,
    0x7f, 0xfc, 0x0, 0x0, 0x81, 0x0, 0x10, 0x10,
    0x2, 0x2, 0x0, 0x80, 0x20, 0x30, 0x2, 0xc,
    0x0, 0x3f, 0x0, 0x1, 0x80, 0x0,

    /* U+26D3 "⛓" */
    0x7a, 0xdc, 0xf3, 0xef, 0xd7, 0x9e, 0xb7, 0xbc,
    0xff, 0xe5, 0xe7, 0xad, 0xef, 0x3e, 0x5e,

    /* U+26D4 "⛔" */
    0x3, 0xe0, 0x6, 0xc, 0xc, 0x1, 0x84, 0x0,
    0x44, 0x0, 0x16, 0x0, 0xa, 0x0, 0x3, 0x7f,
    0xfd, 0xa0, 0x2, 0xdf, 0xff, 0x60, 0x0, 0x38,
    0x0, 0x24, 0x0, 0x11, 0x0, 0x10, 0xc0, 0x18,
    0x18, 0x30, 0x7, 0xf0, 0x0,

    /* U+26E9 "⛩" */
    0xe0, 0x6, 0x5f, 0xfc, 0x3f, 0xfc, 0x19, 0xb0,
    0x7f, 0xfc, 0x7f, 0xec, 0x18, 0x30, 0x18, 0x30,
    0x18, 0x30, 0x18, 0x30, 0x18, 0x30, 0x24, 0x28,
    0x1c, 0x38,

    /* U+26EA "⛪" */
    0x4, 0x1, 0xc0, 0x10, 0x3, 0x0, 0x90, 0x21,
    0x4, 0x20, 0xa4, 0xb, 0x6, 0x11, 0x19, 0x4c,
    0x99, 0x13, 0x1c, 0x60, 0xc, 0x21, 0x8a, 0x32,
    0x26, 0x44, 0xff, 0x70, 0xf0,

    /* U+26F0 "⛰" */
    0x8, 0x0, 0x14, 0x0, 0x12, 0x0, 0x26, 0xe0,
    0x23, 0x10, 0x23, 0xc0, 0x40, 0x30, 0x40, 0x18,
    0x40, 0x8, 0x40, 0x18, 0x80, 0x14, 0x80, 0x12,
    0x0, 0x21,

    /* U+26F1 "⛱" */
    0x0, 0x0, 0x0, 0xc0, 0x3, 0x7c, 0x6, 0xc9,
    0x84, 0x88, 0xe2, 0x88, 0x68, 0xc8, 0x2c, 0x18,
    0x25, 0x6, 0x12, 0x80, 0xc9, 0x40, 0x58, 0xa0,
    0x42, 0x90, 0x20, 0xc8, 0x20, 0x18, 0x20, 0x0,
    0x10, 0x0,

    /* U+26F2 "⛲" */
    0x3, 0x8c, 0x0, 0x9, 0x48, 0x0, 0x25, 0x20,
    0x0, 0x94, 0x80, 0x2, 0x52, 0x0, 0xc8, 0x9,
    0x84, 0xa0, 0xa9, 0x12, 0xbe, 0xa4, 0x58, 0x90,
    0x91, 0x32, 0x46, 0x44, 0x3f, 0xe1, 0x10, 0x41,
    0x4, 0x41, 0x4, 0x10, 0x2, 0x20, 0x4f, 0x88,
    0x87, 0xe1, 0xff, 0xe1, 0x80, 0x0, 0x6, 0x0,
    0x0, 0x1f, 0xff, 0xff, 0xc0,

    /* U+26F3 "⛳" */
    0xc, 0x0, 0x60, 0x0, 0x0, 0x1e, 0x0, 0x8f,
    0x4, 0x4, 0x23, 0xc1, 0xe0, 0xc, 0x0, 0x60,
    0x3, 0x0, 0x18, 0x0, 0xc0, 0x6, 0x0, 0x30,
    0x1, 0x80, 0xc, 0x3, 0xf8, 0x23, 0x21, 0x1,
    0x8, 0x8, 0x7f, 0xc0,

    /* U+26F4 "⛴" */
    0x0, 0x0, 0xf0, 0x0, 0x7, 0x80, 0x3, 0xfe,
    0x0, 0x1f, 0xe0, 0x0, 0x80, 0x0, 0xf, 0xfc,
    0x0, 0x2f, 0xc0, 0xf, 0xff, 0x0, 0x7f, 0xf8,
    0x1, 0x0, 0x0, 0x4, 0x0, 0xc, 0x20, 0xf,
    0x9f, 0x80, 0x0, 0x4, 0x0, 0x0, 0x10, 0x0,
    0x0, 0x80, 0x0, 0x7, 0xf8,

    /* U+26F5 "⛵" */
    0x0, 0x20, 0x0, 0x6, 0x0, 0x1, 0xc0, 0x0,
    0x74, 0x0, 0xe, 0x40, 0x2, 0xc8, 0x0, 0x58,
    0x80, 0x13, 0x8, 0x2, 0x61, 0x0, 0x37, 0xc0,
    0x7f, 0xfe, 0x48, 0x20, 0x87, 0xfb, 0xfc,

    /* U+26F7 "⛷" */
    0x1, 0xc0, 0x0, 0x14, 0x0, 0x1, 0xc0, 0x0,
    0x2, 0x0, 0x0, 0xd0, 0x0, 0xa, 0x80, 0x0,
    0x68, 0x0, 0xc, 0x40, 0x0, 0x44, 0x0, 0x3,
    0x40, 0x0, 0xcc, 0x0, 0x11, 0xc0, 0x1, 0x6b,
    0x0, 0x16, 0x80, 0x1, 0x58, 0x0, 0x15, 0x80,
    0x1e, 0xdf, 0xf7, 0xff, 0xfc,

    /* U+26F8 "⛸" */
    0x7, 0xc0, 0xe, 0x10, 0x2, 0x4, 0x0, 0x81,
    0x0, 0x20, 0xe0, 0x8, 0x8, 0x2, 0x5, 0x1,
    0x0, 0x60, 0x40, 0x6, 0xc, 0x0, 0x60, 0xe0,
    0x4, 0x97, 0xf, 0x3c, 0x3c, 0x1, 0x0, 0x12,
    0x3c, 0x77, 0xff, 0xfe,

    /* U+26F9 "⛹" */
    0x7, 0x0, 0x2, 0x80, 0x1, 0xc0, 0x0, 0x58,
    0x0, 0x14, 0x0, 0x11, 0x0, 0x3c, 0x80, 0x2,
    0x20, 0x61, 0x10, 0x48, 0x98, 0x24, 0x92, 0xc,
    0x55, 0x0, 0x29, 0x60, 0x14, 0x68, 0xa, 0xc,
    0x6, 0x0, 0x1, 0x0, 0x0,

    /* U+26FA "⛺" */
    0x1, 0x0, 0x2, 0x0, 0xe, 0x0, 0x2a, 0x0,
    0x94, 0x1, 0x24, 0x4, 0x48, 0x8, 0x88, 0x21,
    0x8, 0x9e, 0x11, 0x44, 0x15, 0x8, 0x2f, 0xff,
    0xe0,

    /* U+26FD "⛽" */
    0x1f, 0xc0, 0x4, 0xf, 0xe0, 0xbd, 0x64, 0x14,
    0xac, 0x82, 0x67, 0xf0, 0xc0, 0x80, 0x18, 0x10,
    0x7, 0x3, 0xff, 0x60, 0x40, 0x2c, 0x8, 0x5,
    0x81, 0x0, 0xb0, 0x20, 0x12, 0x4, 0x2, 0x3f,
    0xff, 0xc0,

    /* U+2702 "✂" */
    0x0, 0x4, 0x0, 0x7, 0x0, 0x2, 0x40, 0x0,
    0xa0, 0x0, 0x48, 0x40, 0x14, 0xf0, 0x9, 0x49,
    0xf2, 0x84, 0x7b, 0x26, 0x2a, 0x6a, 0xa, 0xa4,
    0x1, 0x49, 0x0, 0x3a, 0xa0, 0x1, 0x54, 0x0,
    0x53, 0x0, 0x17, 0x40, 0x2, 0x20, 0x0, 0x70,
    0x0,

    /* U+2705 "✅" */
    0x0, 0xc, 0x0, 0xd0, 0x4, 0xc0, 0x24, 0xff,
    0xb2, 0x5, 0x48, 0x29, 0x2e, 0xa4, 0x9b, 0x12,
    0x54, 0x48, 0x91, 0x22, 0x84, 0x86, 0x12, 0x0,
    0x4f, 0xff, 0x0,

    /* U+2708 "✈" */
    0x0, 0x3, 0x0, 0x6, 0x9f, 0x84, 0x30, 0x3c,
    0x26, 0x4, 0x20, 0xe4, 0x20, 0x4, 0x20, 0x4,
    0x28, 0x4, 0x24, 0x4, 0x22, 0x1c, 0x29, 0x10,
    0x22, 0x46, 0x21, 0x20, 0x90, 0x90, 0x28, 0x28,
    0x18, 0x18, 0x0, 0x8, 0x0,

    /* U+2709 "✉" */
    0xff, 0xff, 0xe0, 0x0, 0xe8, 0x0, 0xb2, 0x0,
    0x98, 0x80, 0x8c, 0x20, 0x86, 0x28, 0xa3, 0x23,
    0x89, 0xa0, 0x2, 0xe0, 0x0, 0xdf, 0xff, 0xc0,

    /* U+270A "✊" */
    0x2, 0x2, 0xee, 0x29, 0x1, 0x4b, 0xea, 0x20,
    0xd0, 0x85, 0x63, 0x30, 0x39, 0x80, 0xc, 0x0,
    0x50, 0x6, 0x80, 0x23, 0x6, 0x7, 0xc0,

    /* U+270B "✋" */
    0x7, 0x0, 0xf6, 0x2, 0x54, 0x9, 0x50, 0xe5,
    0x42, 0x95, 0xa, 0x54, 0x29, 0x50, 0xa1, 0x42,
    0x1, 0x8, 0x4, 0xe0, 0x1d, 0x80, 0xa, 0x0,
    0x48, 0x2, 0x10, 0x18, 0x60, 0xc0, 0x7c, 0x0,

    /* U+270C "✌" */
    0x7, 0x18, 0x29, 0x41, 0x52, 0xa, 0x90, 0x54,
    0x82, 0x64, 0x13, 0x20, 0x99, 0x18, 0xcf, 0x2f,
    0xa9, 0x83, 0x4c, 0x1a, 0x58, 0xd2, 0x45, 0x94,
    0x27, 0x81, 0x40, 0xa, 0x0, 0x88, 0xc, 0x20,
    0xc0, 0xf8, 0x0,

    /* U+270D "✍" */
    0x0, 0x0, 0x0, 0x0, 0x30, 0x0, 0x2, 0x40,
    0x1, 0xa4, 0x0, 0x32, 0x60, 0x2, 0x24, 0xc0,
    0x22, 0x41, 0xe2, 0x24, 0x0, 0x22, 0x40, 0x0,
    0x24, 0x0, 0x1f, 0xc0, 0x0, 0x80, 0x0, 0x7,
    0xf0, 0x7, 0xd2, 0x7f, 0xc3, 0xf, 0x80, 0x0,
    0x0, 0x0,

    /* U+270F "✏" */
    0x0, 0xc, 0x0, 0x1, 0x0, 0xc, 0x40, 0x9,
    0x10, 0x8, 0x50, 0xa, 0x10, 0x8, 0x90, 0x8,
    0x30, 0x8, 0x10, 0x8, 0x10, 0xc, 0x10, 0x5,
    0x10, 0x4, 0x50, 0x2, 0x10, 0x1, 0xf0, 0x0,
    0xc0, 0x0,

    /* U+2712 "✒" */
    0x0, 0x10, 0x0, 0x20, 0x0, 0x40, 0x0, 0x80,
    0x0, 0x81, 0x0, 0xc2, 0x3, 0x64, 0x3f, 0xb8,
    0x22, 0xc0, 0x23, 0xc0, 0x24, 0x80, 0x28, 0x80,
    0x50, 0x80, 0x7f, 0x0, 0x60, 0x0, 0x80, 0x0,

    /* U+2714 "✔" */
    0x0, 0x2, 0x0, 0x2, 0x80, 0x2, 0x20, 0x2,
    0x10, 0x2, 0x10, 0x2, 0x10, 0xc2, 0x10, 0x92,
    0x10, 0x86, 0x10, 0x20, 0x10, 0x8, 0x10, 0x2,
    0x10, 0x0, 0x90, 0x0, 0x30, 0x0,

    /* U+2716 "✖" */
    0x20, 0x22, 0x82, 0xa2, 0x22, 0x8a, 0x22, 0x22,
    0x8, 0x20, 0x22, 0x2, 0x8, 0x22, 0x22, 0x28,
    0x92, 0x24, 0x60, 0xc0,

    /* U+271D "✝" */
    0xf, 0x0, 0x90, 0x9, 0x0, 0x90, 0xf9, 0xf8,
    0x1, 0x80, 0x1f, 0x9f, 0x9, 0x0, 0x90, 0x9,
    0x0, 0x90, 0x9, 0x0, 0x90, 0x9, 0x0, 0x90,
    0xf, 0x0,

    /* U+2721 "✡" */
    0xff, 0xff, 0x80, 0x1, 0x80, 0x1, 0x81, 0x81,
    0x81, 0x81, 0xbf, 0xfd, 0x94, 0x29, 0x9c, 0x31,
    0x88, 0x11, 0x94, 0x39, 0x94, 0x29, 0xbf, 0xfd,
    0x81, 0x81, 0x81, 0x81, 0x80, 0x1, 0xff, 0xff,

    /* U+2728 "✨" */
    0x0, 0x4, 0x0, 0x0, 0x40, 0x0, 0xc, 0x0,
    0x0, 0x40, 0x0, 0xc, 0x0, 0x7, 0x38, 0x2,
    0x1b, 0x0, 0x60, 0xc0, 0x6, 0xc, 0x0, 0x20,
    0x40, 0x2, 0x4, 0x0, 0x90, 0x8, 0x70, 0xe0,
    0x87, 0xf, 0x4, 0x9, 0x1, 0x40, 0x60, 0x77,
    0x6, 0x0, 0xc0, 0x60, 0x8, 0x6, 0x0, 0x80,
    0x20, 0x8, 0x0, 0x0, 0x0,

    /* U+2733 "✳" */
    0xff, 0xff, 0xc0, 0x0, 0x60, 0x0, 0x30, 0x10,
    0x18, 0x8, 0xc, 0x24, 0x86, 0xa, 0x83, 0x3,
    0x81, 0x9f, 0xfc, 0xc0, 0xe0, 0x60, 0xa8, 0x30,
    0x92, 0x18, 0x8, 0xc, 0x4, 0x6, 0x0, 0x3,
    0x0, 0x1, 0xff, 0xff, 0x80,

    /* U+2734 "✴" */
    0xff, 0xff, 0xc0, 0x0, 0x60, 0x30, 0x30, 0x18,
    0x18, 0x6d, 0x8c, 0x2f, 0x46, 0x8, 0x43, 0x1c,
    0x39, 0x9e, 0x1e, 0xc1, 0x8, 0x61, 0x7a, 0x30,
    0xdb, 0x18, 0xc, 0xc, 0x6, 0x6, 0x0, 0x3,
    0x0, 0x1, 0xff, 0xff, 0x80,

    /* U+2744 "❄" */
    0x0, 0x80, 0x0, 0x40, 0x1, 0xac, 0x2, 0x38,
    0x89, 0x8, 0x4b, 0x84, 0x38, 0x62, 0x10, 0xc9,
    0x36, 0x3, 0xe0, 0x0, 0xe0, 0x20, 0xa8, 0x2d,
    0x93, 0x63, 0x8, 0x62, 0x84, 0x2c, 0x42, 0x10,
    0x27, 0xc8, 0x4, 0x90, 0x0, 0x40, 0x0, 0x20,
    0x0,

    /* U+2747 "❇" */
    0xff, 0xff, 0xc0, 0x0, 0x60, 0x20, 0x30, 0x10,
    0x18, 0x18, 0xc, 0xa, 0x6, 0x8, 0x83, 0x38,
    0x39, 0x9c, 0xc, 0xc1, 0x18, 0x60, 0x50, 0x30,
    0x30, 0x18, 0x8, 0xc, 0x4, 0x6, 0x0, 0x3,
    0x0, 0x1, 0xff, 0xff, 0x80,

    /* U+274C "❌" */
    0x30, 0x18, 0x90, 0x4a, 0x11, 0xa, 0x14, 0x22,
    0x10, 0x82, 0x2, 0x2, 0x8, 0x4, 0x10, 0x10,
    0x10, 0x40, 0x11, 0xe, 0x14, 0x22, 0x14, 0x82,
    0x26, 0x2, 0x80, 0x2, 0x0,

    /* U+274E "❎" */
    0xff, 0xff, 0x80, 0x1, 0x88, 0x11, 0x94, 0x29,
    0xa2, 0x45, 0x91, 0x89, 0x88, 0x11, 0x84, 0x21,
    0x84, 0x21, 0x88, 0x11, 0x90, 0x9, 0xa3, 0x8d,
    0xa2, 0x45, 0x94, 0x29, 0x88, 0x11, 0x80, 0x1,
    0xff, 0xff,

    /* U+2753 "❓" */
    0x3e, 0x18, 0x6d, 0xea, 0x8d, 0xc1, 0x70, 0x60,
    0x28, 0x14, 0xa, 0x5, 0x1, 0x40, 0x50, 0x14,
    0x6, 0x0, 0x0, 0x0, 0x1c, 0x2, 0x0,

    /* U+2754 "❔" */
    0x3e, 0x18, 0x6d, 0xea, 0x8d, 0xc1, 0x70, 0x60,
    0x28, 0x14, 0xa, 0x5, 0x1, 0x40, 0x50, 0x14,
    0x6, 0x0, 0x0, 0x0, 0x1c, 0x2, 0x0,

    /* U+2755 "❕" */
    0xf6, 0xdb, 0x6d, 0xb6, 0xdb, 0xc7, 0xbc,

    /* U+2757 "❗" */
    0xf6, 0xdb, 0x6d, 0xb6, 0xdb, 0xc7, 0xbc,

    /* U+2763 "❣" */
    0x79, 0xd8, 0xce, 0x0, 0xc0, 0x18, 0x2, 0x80,
    0x88, 0x20, 0x88, 0xa, 0x1, 0xc0, 0x10, 0x0,
    0x0, 0x60, 0x12, 0x2, 0x40, 0x30,

    /* U+2764 "❤" */
    0x3c, 0x3c, 0x63, 0xc6, 0xc1, 0x83, 0x80, 0x1,
    0x80, 0x1, 0x80, 0x1, 0x80, 0x2, 0x40, 0x2,
    0x20, 0x4, 0x10, 0x8, 0x10, 0x10, 0x8, 0x20,
    0x4, 0x20, 0x2, 0x40, 0x1, 0x80, 0x0, 0x0,

    /* U+2795 "➕" */
    0x3, 0xc0, 0x2, 0x40, 0x2, 0x40, 0x2, 0x40,
    0x2, 0x40, 0x2, 0x40, 0xfe, 0x7f, 0x80, 0x1,
    0x80, 0x1, 0xfe, 0x7f, 0x2, 0x40, 0x2, 0x40,
    0x2, 0x40, 0x2, 0x40, 0x2, 0x40, 0x3, 0xc0,

    /* U+2796 "➖" */
    0xff, 0xff, 0x80, 0x1, 0x80, 0x1, 0xff, 0xff,

    /* U+2797 "➗" */
    0x1, 0x80, 0x2, 0x40, 0x2, 0x40, 0x1, 0x80,
    0x0, 0x0, 0xff, 0xff, 0x80, 0x1, 0x80, 0x1,
    0xff, 0xff, 0x0, 0x0, 0x1, 0x80, 0x2, 0x40,
    0x2, 0x40, 0x1, 0x80,

    /* U+27A1 "➡" */
    0x0, 0x3, 0x0, 0x0, 0x24, 0x0, 0x0, 0x90,
    0x0, 0x2, 0x4f, 0xff, 0xf9, 0x40, 0x0, 0x7,
    0xff, 0xfe, 0x40, 0x0, 0x24, 0x0, 0x2, 0x40,
    0x0, 0x24, 0x0, 0x0, 0xc0, 0x0, 0x0, 0x0,

    /* U+27B0 "➰" */
    0xff, 0x3f, 0xfe, 0x6f, 0xc0, 0x88, 0x0, 0x9a,
    0x0, 0xb2, 0x80, 0xa0, 0xa0, 0x50, 0x30, 0x30,
    0x18, 0x14, 0xc, 0xa, 0xa, 0x2, 0xca, 0x0,
    0xda, 0x0, 0x3e, 0x0,

    /* U+27BF "➿" */
    0xf9, 0xfe, 0xff, 0xff, 0xeb, 0xc5, 0xc1, 0xe0,
    0x53, 0x19, 0x83, 0xd, 0x86, 0x18, 0x6c, 0x30,
    0xa5, 0x53, 0x82, 0xd1, 0x68, 0xf, 0x7, 0x80,

    /* U+1F300 "🌀" */
    0x0, 0xf0, 0x0, 0x1, 0x80, 0x0, 0x8, 0x0,
    0x0, 0x80, 0x0, 0x8, 0x1f, 0x0, 0x8c, 0x10,
    0x13, 0x1, 0x1, 0x47, 0x10, 0x31, 0x92, 0x6,
    0x2a, 0x40, 0xc6, 0x48, 0x18, 0xb3, 0x3, 0x8,
    0xc0, 0xb0, 0xf0, 0x12, 0x0, 0x4, 0x20, 0x1,
    0x86, 0x0, 0x60, 0x30, 0x30, 0x1, 0xf8, 0x0,

    /* U+1F301 "🌁" */
    0x60, 0x1, 0xe0, 0xf3, 0xb0, 0x80, 0x54, 0x6,
    0x71, 0xb0, 0x4, 0x55, 0x40, 0x21, 0x6d, 0x32,
    0x1d, 0x56, 0x60, 0xca, 0xd1, 0xe, 0x55, 0x41,
    0xd2, 0xa5, 0x14, 0x95, 0x35, 0x66, 0x29, 0x11,
    0x4e, 0x46, 0x62, 0x9, 0xc8, 0xf0, 0x30, 0x0,
    0x41, 0x0, 0x2, 0x30, 0x0, 0xe, 0x0, 0x0,
    0x10, 0x0, 0x0, 0x80, 0x0, 0x4, 0x0, 0x0,

    /* U+1F302 "🌂" */
    0x0, 0x5, 0x0, 0x28, 0x0, 0x20, 0x1, 0x0,
    0x4, 0x0, 0x11, 0x0, 0xf8, 0xc, 0x40, 0x41,
    0x4, 0x8, 0x10, 0x40, 0x42, 0x1, 0x8, 0x4,
    0x40, 0x12, 0x0, 0x50, 0x1, 0x40, 0x6, 0x0,
    0x10,

    /* U+1F303 "🌃" */
    0x10, 0x1, 0x80, 0x80, 0x18, 0x0, 0x10, 0xc0,
    0x8, 0x6, 0x0, 0x40, 0x30, 0x0, 0x20, 0xc0,
    0xf0, 0x0, 0x4, 0x80, 0x0, 0x34, 0x3e, 0x1,
    0xa1, 0x9f, 0xcd, 0xe, 0xe2, 0x48, 0x77, 0x1f,
    0xff, 0xbc, 0xc0, 0x8d, 0x97, 0x45, 0x6c, 0xb5,
    0x23, 0x67, 0x80, 0x1b, 0xae, 0x2, 0xdd, 0x60,
    0x6, 0xff, 0x0, 0x26, 0x10,

    /* U+1F304 "🌄" */
    0x0, 0x0, 0x8, 0x0, 0x0, 0x86, 0x3e, 0x8,
    0x4a, 0x8, 0x84, 0x20, 0x28, 0x40, 0x80, 0x80,
    0x3, 0x4, 0x0, 0x4, 0x40, 0x0, 0x14, 0x0,
    0x0, 0x40, 0x0, 0x1, 0x0, 0x0, 0x4, 0x0,
    0x0, 0x10, 0x0, 0x0, 0x0,

    /* U+1F305 "🌅" */
    0x0, 0x0, 0xf, 0x7, 0xc1, 0x84, 0x41, 0x10,
    0x4, 0x4, 0x3, 0xc0, 0x16, 0x2, 0x0, 0xc0,
    0x10, 0x4, 0x0, 0x80, 0x20, 0xff, 0xff, 0xf8,

    /* U+1F306 "🌆" */
    0x3c, 0x0, 0x1, 0x20, 0x0, 0xd, 0xf, 0x80,
    0x68, 0x67, 0xf3, 0x43, 0xb8, 0x92, 0xd, 0xc7,
    0xff, 0xef, 0x30, 0x2b, 0x65, 0xd1, 0x5b, 0x2c,
    0x0, 0xd9, 0xe0, 0x6, 0xeb, 0x80, 0xb7, 0x5a,
    0x25, 0xbf, 0xc0, 0x9, 0x84,

    /* U+1F307 "🌇" */
    0x0, 0x78, 0x0, 0xc, 0x30, 0xf, 0x80, 0x80,
    0x4c, 0x2, 0x3, 0x43, 0xf0, 0x1a, 0x19, 0xfc,
    0xd8, 0xee, 0x24, 0xc3, 0x71, 0xff, 0xfb, 0xcc,
    0xa, 0xd9, 0x74, 0x56, 0xcb, 0x52, 0xb6, 0x78,
    0x1, 0xba, 0xe0, 0x2d, 0xd6, 0x89, 0x6f, 0xf0,
    0x2, 0x61,

    /* U+1F308 "🌈" */
    0x0, 0x3, 0xe0, 0x3, 0x84, 0x1, 0x9f, 0x80,
    0x4d, 0xf0, 0x36, 0xe2, 0xd, 0x67, 0xc3, 0x5b,
    0x88, 0x54, 0xdf, 0x15, 0x6d, 0xe5, 0x5a, 0xe4,
    0xda, 0xb7, 0xaa, 0xab, 0x86, 0xba, 0xc0, 0xd5,
    0xf0, 0x2f, 0xd4, 0x6, 0xaf, 0x80, 0xd6, 0xa0,
    0x1a, 0xd4, 0x3, 0xff, 0x80, 0x0,

    /* U+1F309 "🌉" */
    0x7f, 0xff, 0xa4, 0x0, 0x55, 0x0, 0x2a, 0x84,
    0x14, 0xc2, 0xa, 0x3, 0x25, 0x10, 0x2, 0x88,
    0x1, 0x48, 0x8, 0xae, 0xe, 0x5b, 0x8e, 0xaa,
    0xef, 0xb7, 0xff, 0xfa, 0x20, 0x45, 0x10, 0x22,
    0xff, 0xff,

    /* U+1F30A "🌊" */
    0x7, 0x80, 0x0, 0x66, 0x40, 0x3, 0x22, 0xc0,
    0x18, 0x84, 0x80, 0x46, 0x1c, 0x2, 0x18, 0x0,
    0x8, 0x70, 0x0, 0x21, 0x40, 0x0, 0x84, 0x80,
    0x2, 0x13, 0x0, 0x8, 0x42, 0x0, 0x20, 0x86,
    0x2, 0x82, 0x7, 0xf2, 0x6, 0x0, 0x8, 0x4,
    0x0, 0x20, 0xe, 0x3, 0x80, 0x7, 0xf6, 0x0,
    0x0, 0x18, 0x0, 0x0, 0x60, 0x13, 0x99, 0x80,
    0x31, 0x87, 0xff, 0xff, 0xf0,

    /* U+1F30B "🌋" */
    0xd, 0x80, 0x4, 0xa0, 0x0, 0x8c, 0x0, 0xf6,
    0x0, 0x31, 0xe0, 0x13, 0xc0, 0x0, 0x88, 0x0,
    0x5e, 0x0, 0x1b, 0x40, 0x5, 0xdc, 0x3, 0x50,
    0x80, 0xf0, 0x10, 0x38, 0x2, 0xa, 0x1, 0x84,
    0x0, 0x52, 0x0, 0x12, 0x80, 0x8, 0x40,

    /* U+1F30C "🌌" */
    0xff, 0xff, 0x80, 0x5, 0x80, 0x5, 0x80, 0x1,
    0x80, 0x31, 0x80, 0x5, 0x80, 0x41, 0x80, 0xbd,
    0x80, 0x59, 0x81, 0x1, 0x81, 0xe1, 0x8a, 0xc1,
    0x81, 0x1, 0x94, 0x1, 0xc0, 0x1, 0xff, 0xff,

    /* U+1F30D "🌍" */
    0x3, 0xf8, 0x1, 0xc5, 0xc0, 0x61, 0x5c, 0x10,
    0x5c, 0x46, 0x1e, 0xc, 0x81, 0x80, 0xb0, 0x40,
    0x1c, 0x16, 0x1, 0x87, 0x40, 0x30, 0xf0, 0x86,
    0x10, 0x1a, 0xc2, 0x4, 0xfc, 0x30, 0xc6, 0x81,
    0x20, 0x98, 0x24, 0x31, 0x5, 0x4, 0x18, 0xa3,
    0x1, 0xc9, 0xc0, 0xf, 0xe0, 0x0,

    /* U+1F30E "🌎" */
    0x3, 0xf8, 0x1, 0xc1, 0xc0, 0x60, 0x4c, 0x12,
    0x72, 0x46, 0xb0, 0x4c, 0xa0, 0x10, 0xb3, 0x2,
    0x1c, 0x10, 0x81, 0x82, 0x20, 0x30, 0x58, 0x6,
    0x7, 0x0, 0xc0, 0x58, 0x1c, 0x9, 0x6, 0x80,
    0xa0, 0x98, 0x18, 0x31, 0x3, 0x4, 0x18, 0x63,
    0x1, 0xc1, 0xc0, 0xf, 0xe0, 0x0,

    /* U+1F30F "🌏" */
    0x3, 0xf8, 0x1, 0xc1, 0xc0, 0x78, 0xc, 0x10,
    0xff, 0x46, 0x0, 0x6c, 0x80, 0x70, 0xb0, 0x10,
    0x1c, 0xc, 0x1, 0x81, 0x0, 0x3b, 0x40, 0x6,
    0xb4, 0x0, 0xc3, 0x80, 0x1c, 0x24, 0x6, 0x87,
    0x40, 0x98, 0x84, 0x31, 0x1c, 0x84, 0x18, 0x43,
    0x1, 0xc1, 0xc0, 0xf, 0xe0, 0x0,

    /* U+1F310 "🌐" */
    0x3, 0xf8, 0x1, 0xeb, 0xc0, 0x69, 0x2c, 0x12,
    0x22, 0x47, 0xff, 0xfc, 0x90, 0x88, 0xb2, 0x10,
    0x9c, 0x42, 0x11, 0x88, 0x42, 0x3f, 0xff, 0xfe,
    0x21, 0x8, 0xc4, 0x21, 0x1c, 0x84, 0x26, 0xff,
    0xff, 0x99, 0x11, 0x31, 0x22, 0x24, 0x1a, 0x4b,
    0x1, 0xeb, 0xc0, 0xf, 0xe0, 0x0,

    /* U+1F311 "🌑" */
    0x7, 0xfc, 0x1, 0xff, 0xc0, 0x7f, 0xfc, 0x1f,
    0xff, 0xc7, 0xff, 0xfd, 0xff, 0xff, 0xff, 0xff,
    0xff, 0xff, 0xff, 0xff, 0xff, 0xff, 0xff, 0xff,
    0xff, 0xff, 0xff, 0xff, 0xff, 0xff, 0xff, 0xff,
    0xff, 0xdf, 0xff, 0xf1, 0xff, 0xfc, 0x1f, 0xff,
    0x1, 0xff, 0xc0, 0x1f, 0xf0, 0x0,

    /* U+1F312 "🌒" */
    0x3, 0xf8, 0x0, 0xff, 0xe0, 0x1f, 0xfd, 0x3,
    0xff, 0xe8, 0x3f, 0xfe, 0x4b, 0xff, 0xf2, 0x7f,
    0xff, 0x27, 0xff, 0xf2, 0xff, 0xff, 0xaf, 0xff,
    0xfa, 0xff, 0xff, 0x2f, 0xff, 0xf2, 0xbf, 0xff,
    0x27, 0xff, 0xe4, 0x5f, 0xfe, 0x42, 0xff, 0xc8,
    0x1f, 0xfb, 0x0, 0xd2, 0xe0, 0x3, 0xfc, 0x0,

    /* U+1F313 "🌓" */
    0x3, 0xfc, 0x1, 0xf8, 0x60, 0x7f, 0x2, 0x1f,
    0xe0, 0x27, 0xfc, 0x5, 0x7f, 0x80, 0x5f, 0xf0,
    0xf, 0xfe, 0x1, 0xff, 0xc0, 0x3f, 0xf8, 0x7,
    0xff, 0x0, 0xbf, 0xe0, 0x1b, 0xfc, 0x2, 0xff,
    0x80, 0x8f, 0xf0, 0x10, 0xfe, 0x4, 0xf, 0xc3,
    0x0, 0x7f, 0x80,

    /* U+1F314 "🌔" */
    0x1, 0xf0, 0x0, 0xef, 0x80, 0x7e, 0x8, 0x1d,
    0x0, 0xc3, 0xc0, 0x8, 0xf8, 0x0, 0x9a, 0x0,
    0x15, 0x80, 0x1, 0xf0, 0x0, 0x3e, 0x0, 0x7,
    0xc0, 0x0, 0xf8, 0x0, 0x1b, 0x0, 0x2, 0xd0,
    0x0, 0x96, 0x0, 0x13, 0xa0, 0x4, 0x3c, 0x1,
    0x83, 0xe0, 0x60, 0x3f, 0x78, 0x1, 0xfc, 0x0,

    /* U+1F315 "🌕" */
    0x3, 0xf8, 0x1, 0xc1, 0xc0, 0x60, 0xc, 0x10,
    0x0, 0x46, 0x0, 0xc, 0x80, 0x0, 0xb0, 0x0,
    0x1c, 0x0, 0x1, 0x80, 0x0, 0x30, 0x0, 0x6,
    0x0, 0x0, 0xc0, 0x0, 0x1c, 0x0, 0x6, 0x80,
    0x0, 0x98, 0x0, 0x31, 0x0, 0x4, 0x18, 0x3,
    0x1, 0xc1, 0xc0, 0xf, 0xe0, 0x0,

    /* U+1F316 "🌖" */
    0x3, 0xf8, 0x1, 0xe7, 0xc0, 0x60, 0x5c, 0x18,
    0x5, 0xc6, 0x0, 0x5c, 0x80, 0x7, 0xb0, 0x0,
    0xb4, 0x0, 0xd, 0x80, 0x1, 0xf0, 0x0, 0x3e,
    0x0, 0x7, 0xc0, 0x0, 0xdc, 0x0, 0x2e, 0x80,
    0x7, 0x98, 0x1, 0x71, 0x0, 0x5c, 0x18, 0x1f,
    0x1, 0xdf, 0xc0, 0xf, 0xe0, 0x0,

    /* U+1F317 "🌗" */
    0x3, 0xfc, 0x1, 0x97, 0xc0, 0x42, 0xfc, 0x10,
    0x5f, 0xc4, 0xb, 0xfc, 0x81, 0x7f, 0xa0, 0x2f,
    0xfc, 0x5, 0xff, 0x80, 0xbf, 0xf0, 0x17, 0xfe,
    0x2, 0xff, 0xc0, 0x5f, 0xf4, 0xb, 0xfc, 0x81,
    0x7f, 0x88, 0x2f, 0xe0, 0x85, 0xf8, 0x8, 0xbe,
    0x0, 0xff, 0x80,

    /* U+1F318 "🌘" */
    0x0, 0xf0, 0x0, 0xf7, 0x80, 0x2f, 0xfc, 0x1a,
    0xff, 0xc2, 0xbf, 0xf8, 0x9f, 0xff, 0x93, 0xff,
    0xf4, 0xff, 0xff, 0x9f, 0xff, 0xf5, 0xff, 0xfe,
    0x7f, 0xff, 0xcf, 0xff, 0xf5, 0xff, 0xfc, 0xaf,
    0xff, 0x8b, 0xff, 0xe0, 0xbf, 0xfc, 0xb, 0xff,
    0x0, 0xef, 0x80, 0x3, 0x80, 0x0,

    /* U+1F319 "🌙" */
    0x0, 0x8, 0x0, 0x0, 0xe0, 0x0, 0x5, 0x0,
    0x0, 0x28, 0x0, 0x2, 0x40, 0x0, 0x12, 0x0,
    0x1, 0x20, 0x0, 0x11, 0x0, 0x1, 0x10, 0x0,
    0x11, 0x0, 0x2, 0x10, 0x0, 0x21, 0x40, 0x4,
    0x16, 0x0, 0xc2, 0x50, 0x30, 0x22, 0xfe, 0x4,
    0x10, 0x0, 0x80, 0x80, 0x10, 0x6, 0x6, 0x0,
    0x1f, 0x80,

    /* U+1F31A "🌚" */
    0x3, 0xf8, 0x1, 0xc1, 0xc0, 0x60, 0xc, 0x10,
    0x0, 0x46, 0x0, 0xc, 0x9f, 0x3c, 0xb2, 0xeb,
    0x9c, 0x6c, 0x91, 0x87, 0x9e, 0x30, 0xc, 0x6,
    0x1, 0x80, 0xc0, 0x0, 0x1c, 0x21, 0x6, 0x83,
    0xc0, 0x98, 0x0, 0x31, 0x0, 0x4, 0x18, 0x3,
    0x1, 0xc1, 0xc0, 0xf, 0xe0, 0x0,

    /* U+1F31B "🌛" */
    0xf8, 0x4, 0x30, 0x20, 0x60, 0x81, 0x82, 0x6,
    0x17, 0x18, 0x44, 0x42, 0xc2, 0x26, 0x9, 0x0,
    0x50, 0x3, 0x0, 0x17, 0x0, 0x88, 0x4, 0x80,
    0x47, 0x82, 0x10, 0x30, 0x83, 0x8, 0x30, 0x83,
    0x8, 0x70, 0x7c, 0x0,

    /* U+1F31C "🌜" */
    0x0, 0xf8, 0x38, 0x43, 0x4, 0x20, 0x42, 0x2,
    0x31, 0xe1, 0x11, 0x8, 0x68, 0x83, 0x44, 0x1,
    0x20, 0x5, 0x0, 0x28, 0x3, 0x40, 0x21, 0x0,
    0x88, 0x3c, 0x60, 0x41, 0x2, 0x4, 0x8, 0x18,
    0x20, 0x30, 0x80, 0x7c,

    /* U+1F31D "🌝" */
    0x3, 0xf8, 0x1, 0xc1, 0xc0, 0x60, 0xc, 0x10,
    0x0, 0x46, 0x0, 0xc, 0x9f, 0x3c, 0xb3, 0xa6,
    0x9c, 0x6c, 0xb1, 0x8f, 0x1e, 0x30, 0xc, 0x6,
    0x1, 0x80, 0xc0, 0x0, 0x1c, 0x20, 0x86, 0x83,
    0xe0, 0x98, 0x0, 0x31, 0x0, 0x4, 0x18, 0x3,
    0x1, 0xc1, 0xc0, 0xf, 0xe0, 0x0,

    /* U+1F31E "🌞" */
    0x0, 0x0, 0x0, 0x16, 0xd0, 0x0, 0xeb, 0x80,
    0x18, 0x3, 0x1, 0x0, 0x8, 0x18, 0x0, 0x30,
    0x86, 0x30, 0x84, 0x40, 0x44, 0xc0, 0x0, 0x1a,
    0x0, 0x0, 0x88, 0x63, 0x9, 0x83, 0x18, 0x34,
    0x0, 0x1, 0x20, 0x0, 0x9, 0x82, 0x20, 0xc4,
    0xe, 0x4, 0x38, 0x0, 0xe0, 0x80, 0x4, 0x3,
    0x0, 0x60, 0x7, 0x5c, 0x0, 0x2d, 0xa0, 0x0,
    0x0, 0x0,

    /* U+1F31F "🌟" */
    0x0, 0x20, 0x0, 0x61, 0x6, 0x3, 0x14, 0x50,
    0x8, 0xa3, 0x0, 0x8, 0x80, 0x0, 0x44, 0x0,
    0x7c, 0x1f, 0x4, 0x0, 0x4, 0x10, 0x0, 0x40,
    0x40, 0x4, 0x1, 0x0, 0x40, 0x4, 0x4, 0xf,
    0x40, 0x27, 0xa2, 0x0, 0x8c, 0x11, 0xc4, 0x0,
    0xb1, 0xa0, 0x6, 0x23, 0x0, 0x1, 0x0, 0x0,
    0x18, 0x0, 0x0, 0xe0, 0x0,

    /* U+1F320 "🌠" */
    0x0, 0x0, 0x0, 0x0, 0x0, 0x80, 0x0, 0x8,
    0x0, 0x0, 0x80, 0x0, 0x18, 0x0, 0x1, 0x80,
    0x0, 0x18, 0x0, 0x1, 0x88, 0x0, 0x1a, 0x80,
    0x1, 0xa8, 0x0, 0x1a, 0x80, 0x1, 0xa8, 0x0,
    0x12, 0x80, 0x1, 0x28, 0x0, 0x22, 0x80, 0x1,
    0x20, 0x0, 0x18, 0x0, 0x7, 0xbc, 0x0, 0x10,
    0xc0, 0x0, 0x48, 0x0, 0x2, 0xa0, 0x0, 0x1b,
    0x0, 0x0, 0x0, 0x0, 0x0,

    /* U+1F321 "🌡" */
    0x18, 0x24, 0x24, 0x3c, 0x24, 0x24, 0x3c, 0x24,
    0x3c, 0x24, 0x24, 0x3c, 0x24, 0x3c, 0x24, 0x4,
    0x2, 0x81, 0x81, 0x82, 0x42, 0x3c,

    /* U+1F324 "🌤" */
    0x0, 0x0, 0x0, 0x2, 0x0, 0x1, 0xa9, 0x0,
    0xb, 0xb8, 0x0, 0x62, 0xc0, 0x3e, 0x3, 0xc0,
    0xa0, 0xa, 0x2, 0x0, 0x20, 0x70, 0x1, 0x6,
    0x80, 0x1c, 0xc, 0x7, 0x10, 0x20, 0x40, 0x42,
    0x86, 0x1, 0x3e, 0x40, 0x4, 0x1a, 0x0, 0x20,
    0x90, 0x1, 0x6, 0xc0, 0x18, 0x3, 0xff, 0x80,

    /* U+1F325 "🌥" */
    0x4, 0x0, 0x1, 0xb4, 0x0, 0xb, 0xe0, 0x0,
    0x23, 0x0, 0xe, 0xe, 0x0, 0x30, 0xf, 0x81,
    0x87, 0x82, 0x14, 0x40, 0x8, 0x5a, 0x0, 0x61,
    0xe0, 0x0, 0x84, 0x0, 0x2, 0x20, 0x0, 0x11,
    0x0, 0x0, 0x88, 0x0, 0x4, 0x20, 0x0, 0x40,
    0xff, 0xfc,

    /* U+1F326 "🌦" */
    0x2, 0x0, 0x0, 0xb6, 0x0, 0xb, 0xd0, 0x0,
    0x21, 0x0, 0xe, 0x7, 0x0, 0x30, 0x30, 0x1,
    0x80, 0x7c, 0xc, 0x1c, 0x10, 0xf1, 0x0, 0x41,
    0x48, 0x3, 0x9, 0x80, 0x4, 0x58, 0x0, 0x10,
    0x80, 0x0, 0x84, 0x0, 0x4, 0x20, 0x0, 0x20,
    0x80, 0x2, 0x3, 0xff, 0xe0, 0x4, 0x2, 0x0,
    0x66, 0x30, 0x2, 0x31, 0x80, 0x6, 0x30, 0x0,
    0x52, 0x80, 0x1, 0x8, 0x0,

    /* U+1F327 "🌧" */
    0x1, 0xf0, 0x7, 0x4, 0x4, 0x1, 0x2, 0x0,
    0xc6, 0x0, 0x14, 0x0, 0x6, 0x0, 0x3, 0x0,
    0x1, 0x80, 0x0, 0xa0, 0x0, 0x8f, 0xff, 0x80,
    0x0, 0x1, 0x8c, 0xc1, 0x4c, 0x60, 0x48, 0xc0,
    0xc, 0xa0, 0x4, 0x20, 0x0,

    /* U+1F328 "🌨" */
    0x0, 0xf8, 0x3, 0xc3, 0x1, 0x0, 0x40, 0x40,
    0x18, 0x60, 0x0, 0xa0, 0x0, 0x28, 0x0, 0x6,
    0x0, 0x1, 0x80, 0x0, 0x90, 0x0, 0x23, 0xff,
    0xf0, 0x0, 0x4, 0x70, 0x23, 0x1c, 0x9c, 0x40,
    0x67, 0x0, 0x1c, 0x80,

    /* U+1F329 "🌩" */
    0x1, 0xf0, 0x7, 0x4, 0x4, 0x1, 0x2, 0x0,
    0xc6, 0x0, 0x14, 0x0, 0x6, 0x0, 0x3, 0x0,
    0x1, 0x80, 0x0, 0xa0, 0x0, 0x8f, 0xff, 0x80,
    0x5e, 0x0, 0x7a, 0x0, 0xa, 0x0, 0x6, 0x0,
    0x6, 0x0,

    /* U+1F32A "🌪" */
    0x3f, 0xff, 0xe6, 0x0, 0x0, 0xdf, 0xf8, 0x2,
    0xff, 0xff, 0xe4, 0xff, 0xfd, 0x1f, 0xff, 0xf8,
    0xbf, 0xfe, 0x83, 0xff, 0xf8, 0x10, 0x0, 0x40,
    0x3f, 0xfc, 0x1, 0x80, 0x60, 0x3, 0xfc, 0x0,
    0x3f, 0xf0, 0x0, 0x0, 0x0, 0x3, 0xf0, 0x0,
    0x1f, 0x80, 0x0, 0x0, 0x0, 0x1, 0x80, 0x0,
    0xc, 0x0,

    /* U+1F32B "🌫" */
    0x0, 0x0, 0x0, 0x0, 0xf, 0x9c, 0x7, 0x84,
    0x1c, 0x20, 0x30, 0x12, 0x0, 0x0, 0xe0, 0x38,
    0x8, 0x1e, 0x23, 0x1, 0x1, 0x25, 0x90, 0x2,
    0x12, 0x0, 0xc0, 0x8, 0x78, 0x0, 0x36, 0x0,
    0x3a, 0x20, 0x2, 0x28, 0x19, 0x80, 0x4d, 0x23,
    0x80, 0x80, 0x2, 0x8, 0x0, 0x8, 0xc0, 0x0,
    0x70, 0x0, 0x0, 0x40, 0x0, 0x2, 0x0, 0x0,
    0x0, 0x0,

    /* U+1F32C "🌬" */
    0x0, 0x1c, 0x0, 0x1, 0x8c, 0x0, 0x78, 0x8,
    0x3, 0x0, 0x10, 0x18, 0x0, 0x40, 0xc0, 0x0,
    0xc4, 0x18, 0xe0, 0xa0, 0x0, 0x39, 0x80, 0x18,
    0x16, 0x0, 0x20, 0x58, 0x1, 0x82, 0x70, 0x4,
    0xf2, 0x60, 0x0, 0x90, 0xff, 0xfe, 0x80, 0x0,
    0x8, 0x0, 0x0, 0x60,

    /* U+1F32D "🌭" */
    0x0, 0x3f, 0x0, 0x36, 0x40, 0x36, 0x20, 0x36,
    0xa0, 0x37, 0xe8, 0x36, 0xa4, 0x27, 0xe4, 0x26,
    0xa4, 0x27, 0xe4, 0x26, 0xa4, 0x27, 0xe4, 0x16,
    0xa4, 0xf, 0xe4, 0x6, 0xa4, 0x2, 0x24, 0x0,
    0xfc, 0x0,

    /* U+1F32E "🌮" */
    0x3, 0x18, 0x0, 0x6, 0x0, 0x17, 0x9e, 0x86,
    0x9f, 0x94, 0x16, 0x6, 0x86, 0xc0, 0x36, 0x98,
    0x1, 0x95, 0x0, 0xa, 0xa0, 0x0, 0x56, 0x0,
    0x6, 0x20, 0x0, 0x43, 0xff, 0xfc,

    /* U+1F32F "🌯" */
    0x3e, 0x43, 0x99, 0xa7, 0xc7, 0xa5, 0x9d, 0x89,
    0x89, 0x89, 0x89, 0x89, 0x89, 0x89, 0x89, 0x95,
    0x95, 0xa3, 0xa1, 0x7f,

    /* U+1F330 "🌰" */
    0x3, 0xf0, 0x2, 0x6, 0xc, 0x0, 0x8c, 0x0,
    0x27, 0x0, 0x74, 0x7f, 0xc6, 0x10, 0x23, 0x8,
    0x11, 0x84, 0x8, 0xc2, 0x4, 0x91, 0x2, 0x44,
    0x81, 0x41, 0xc0, 0xc0, 0x10, 0x80, 0x7, 0x80,

    /* U+1F331 "🌱" */
    0x0, 0x1, 0xe0, 0x2, 0x20, 0x3, 0xc0, 0x0,
    0x40, 0x0, 0x80, 0x0, 0x8f, 0x1, 0x11, 0x2,
    0x9e, 0x3, 0x0, 0x4, 0x0, 0x8, 0x0, 0x10,
    0x0, 0x20, 0x0, 0x40, 0x0,

    /* U+1F332 "🌲" */
    0x2, 0x0, 0x28, 0x1, 0x40, 0x11, 0x1, 0x4,
    0x8, 0x20, 0xc1, 0x82, 0x8, 0x20, 0x22, 0x1,
    0x18, 0xc, 0x40, 0x44, 0x2, 0x20, 0xa, 0x0,
    0x3f, 0x1f, 0x2, 0x0, 0x10, 0x0, 0x80,

    /* U+1F333 "🌳" */
    0x3, 0xe0, 0x3, 0x4, 0x1, 0x0, 0x80, 0xc0,
    0x1c, 0x20, 0x0, 0x88, 0x0, 0x14, 0x0, 0x6,
    0x0, 0x3, 0x80, 0x1, 0x30, 0x0, 0x43, 0xe0,
    0x60, 0x7, 0xe0, 0x2, 0x0, 0x0, 0x50, 0x0,
    0x8, 0x0, 0x2, 0x0, 0x0, 0x80, 0x0, 0x20,
    0x0,

    /* U+1F334 "🌴" */
    0x18, 0x78, 0x33, 0x42, 0x20, 0x4f, 0xb, 0xf8,
    0x42, 0x3f, 0x12, 0x28, 0x79, 0x6a, 0xc, 0xd4,
    0x80, 0xa, 0x40, 0x3, 0x20, 0x0, 0x10, 0x0,
    0x8, 0x0, 0x4, 0x0, 0x2, 0x0, 0x1, 0x0,
    0x0, 0x80,

    /* U+1F335 "🌵" */
    0x3, 0xc0, 0x6, 0x60, 0x5, 0x20, 0x4, 0x30,
    0x4, 0x20, 0xf5, 0x20, 0xd4, 0xa7, 0x9c, 0x2b,
    0x94, 0x29, 0x9c, 0x29, 0x84, 0x29, 0xc4, 0x39,
    0x7c, 0x21, 0x4, 0x23, 0x4, 0x21, 0x4, 0x3e,
    0x4, 0x20, 0x4, 0x20, 0x4, 0x20,

    /* U+1F336 "🌶" */
    0x0, 0x1c, 0x0, 0x3, 0x0, 0x0, 0x80, 0x0,
    0x40, 0x0, 0x78, 0x0, 0x44, 0x0, 0x1a, 0x0,
    0x12, 0x0, 0x8, 0x80, 0x8, 0x80, 0x4, 0x4c,
    0xc, 0x4b, 0xf8, 0x42, 0x0, 0x40, 0xc0, 0xc0,
    0xf, 0x80,

    /* U+1F337 "🌷" */
    0x10, 0x0, 0x40, 0xec, 0x86, 0x4b, 0x10, 0xe6,
    0x26, 0x2c, 0x50, 0x68, 0x21, 0x50, 0x42, 0xa2,
    0x49, 0x48, 0x62, 0xa0, 0x3, 0x40, 0x5, 0x80,
    0x7, 0x0, 0x2, 0x0, 0x0,

    /* U+1F338 "🌸" */
    0x0, 0xc0, 0x2, 0x80, 0x8, 0x80, 0x71, 0xe1,
    0x32, 0x44, 0x34, 0x46, 0x63, 0x5b, 0xc8, 0x88,
    0x89, 0x21, 0x9, 0x65, 0x11, 0x79, 0xc0, 0x20,
    0x0, 0x40, 0x1, 0x0, 0x2, 0x0, 0x4, 0x0,
    0x0, 0x0,

    /* U+1F339 "🌹" */
    0x0, 0x70, 0x1, 0x18, 0xc, 0x28, 0x27, 0x60,
    0x34, 0x5c, 0x24, 0x64, 0xb5, 0x45, 0x1e, 0x8d,
    0xa4, 0x98, 0x88, 0xf4, 0x60, 0x10, 0x0, 0x20,
    0x0, 0x80, 0x1, 0x0, 0x2, 0x0, 0x0, 0x0,

    /* U+1F33A "🌺" */
    0x0, 0xd8, 0x1, 0x24, 0x2, 0xa, 0x2, 0x12,
    0x2, 0x52, 0x4, 0x51, 0xe4, 0x29, 0x92, 0x12,
    0x89, 0x84, 0x88, 0xcc, 0x49, 0x30, 0x3a, 0x0,
    0x4, 0x0, 0x4, 0x0, 0x4, 0x0, 0x4, 0x0,
    0x4, 0x0,

    /* U+1F33B "🌻" */
    0x0, 0x80, 0x2, 0x80, 0x3d, 0xe0, 0x4a, 0x80,
    0x5d, 0x7, 0x65, 0x84, 0x49, 0x7, 0xec, 0x9,
    0x48, 0xd2, 0x92, 0x7d, 0xe4, 0xd6, 0x7, 0xc0,
    0x0, 0x98, 0x2, 0xd0, 0x5, 0x20, 0xd, 0x80,
    0xc, 0x0,

    /* U+1F33C "🌼" */
    0x0, 0x30, 0x0, 0x48, 0x1, 0xc6, 0x2, 0x1,
    0x2, 0x31, 0x2, 0x49, 0x62, 0x49, 0x9a, 0x21,
    0x8e, 0x1, 0x85, 0xc6, 0x45, 0x68, 0x3e, 0x10,
    0x2, 0x0, 0x4, 0x0, 0x4, 0x0, 0x4, 0x0,
    0x4, 0x0, 0x0, 0x0,

    /* U+1F33D "🌽" */
    0x70, 0x1, 0x10, 0x2, 0x18, 0x84, 0xb, 0x8,
    0xa, 0x8, 0x24, 0x8, 0x44, 0x8, 0xf0, 0x6,
    0x18, 0x30, 0x8, 0x80, 0x8, 0xe0, 0x10, 0x30,
    0x20, 0x10, 0xc0, 0x1e, 0x0,

    /* U+1F33E "🌾" */
    0x10, 0x50, 0xa3, 0xf9, 0x2a, 0xaa, 0xc9, 0x55,
    0x56, 0x4b, 0x79, 0x2a, 0xaa, 0xc9, 0x7c,

    /* U+1F33F "🌿" */
    0xc, 0x0, 0xa0, 0x6, 0x0, 0x0, 0x2, 0xe,
    0x2f, 0x93, 0xa5, 0x44, 0x28, 0x0, 0x80, 0x13,
    0xc1, 0x44, 0x1c, 0x81, 0x30, 0x0, 0x0,

    /* U+1F340 "🍀" */
    0x6, 0x3, 0x90, 0x42, 0xc2, 0x32, 0xf2, 0x49,
    0x2, 0x80, 0x24, 0x1a, 0x88, 0xc9, 0x4, 0x72,
    0x42, 0xf8, 0x40, 0x8, 0x0, 0x80, 0x8, 0x0,
    0x80, 0x0, 0x0,

    /* U+1F341 "🍁" */
    0x0, 0x0, 0x0, 0xc0, 0x0, 0x90, 0x0, 0x48,
    0x0, 0x24, 0x0, 0x21, 0x3, 0xd0, 0x9c, 0x98,
    0x72, 0x40, 0x22, 0x10, 0x2, 0x8, 0x1, 0x3,
    0x3, 0x6, 0x0, 0xe1, 0x0, 0x20, 0x7f, 0xc0,
    0x3, 0x0, 0x1, 0x80, 0x0,

    /* U+1F342 "🍂" */
    0xf, 0x0, 0x31, 0x0, 0x41, 0x0, 0x82, 0x0,
    0x82, 0x60, 0x84, 0x98, 0xf8, 0x84, 0x0, 0x42,
    0x0, 0x42, 0x0, 0x21, 0x0, 0x11, 0x0, 0xf,

    /* U+1F343 "🍃" */
    0x30, 0x0, 0x4c, 0x0, 0x91, 0xf8, 0xa2, 0x8,
    0x24, 0x8, 0x8, 0x8, 0x8, 0x10, 0x10, 0x12,
    0x10, 0x25, 0x13, 0xc9, 0x2c, 0x16,

    /* U+1F344 "🍄" */
    0x3, 0xe0, 0x6, 0xc, 0x4, 0x3, 0x6, 0x1,
    0x45, 0x1c, 0x96, 0x91, 0x2f, 0x90, 0x8f, 0x4,
    0x41, 0x81, 0xc0, 0xf0, 0x1, 0xcf, 0xff, 0x80,
    0x84, 0x0, 0x42, 0x0, 0x21, 0x0, 0x1f, 0x80,

    /* U+1F345 "🍅" */
    0x0, 0x80, 0x2, 0xa8, 0x2, 0x9c, 0x1, 0x2,
    0x1, 0x42, 0x41, 0x1e, 0x11, 0x0, 0x5, 0x80,
    0x2, 0x80, 0x0, 0xc0, 0x0, 0x60, 0x0, 0x30,
    0x0, 0x18, 0x0, 0xa, 0x0, 0x8, 0x80, 0x8,
    0x20, 0x8, 0xc, 0x18, 0x1, 0xf0, 0x0,

    /* U+1F346 "🍆" */
    0x0, 0x8, 0x0, 0x0, 0x0, 0x7, 0xc0, 0x6,
    0x10, 0x2, 0x8, 0x2, 0xdc, 0x0, 0xa8, 0x0,
    0x89, 0x3f, 0x80, 0xb0, 0x0, 0x90, 0x0, 0x50,
    0x0, 0x28, 0x0, 0x24, 0x0, 0x22, 0x0, 0x20,
    0x80, 0x20, 0x20, 0x60, 0xf, 0xc0, 0x0,

    /* U+1F347 "🍇" */
    0x0, 0x0, 0x78, 0x11, 0x8, 0x44, 0xf, 0x0,
    0x10, 0xf, 0xfb, 0xa4, 0x88, 0xc9, 0x11, 0x9e,
    0x3c, 0xcb, 0x89, 0x12, 0x12, 0x36, 0x21, 0x93,
    0x82, 0x42, 0x4, 0x48, 0x7, 0x70, 0x4, 0x40,
    0x8, 0x80, 0x1b, 0x0, 0x1c, 0x0,

    /* U+1F348 "🍈" */
    0x0, 0x8, 0x0, 0x14, 0x0, 0x3a, 0x0, 0x66,
    0x0, 0xc5, 0x1, 0xcd, 0x3, 0x45, 0x6, 0x4d,
    0xc, 0x4d, 0x10, 0x95, 0x2f, 0x1a, 0x40, 0x2a,
    0xc0, 0xd4, 0xb1, 0x68, 0xcf, 0x90, 0x30, 0x60,
    0xf, 0x80,

    /* U+1F349 "🍉" */
    0x0, 0x0, 0x30, 0x0, 0x58, 0x0, 0x64, 0x0,
    0xca, 0x0, 0xc1, 0x0, 0xc0, 0x80, 0xc0, 0x40,
    0xc2, 0x20, 0xc0, 0x10, 0x60, 0x88, 0x64, 0x4,
    0x30, 0xa, 0x38, 0x87, 0x1e, 0x1a, 0xf, 0xec,
    0x3, 0xf0,

    /* U+1F34A "🍊" */
    0x6, 0xe0, 0x4, 0x41, 0xf2, 0x8, 0x34, 0x40,
    0x9, 0x0, 0x28, 0x0, 0x60, 0x1, 0x80, 0x6,
    0x0, 0x18, 0x0, 0x90, 0x2, 0x20, 0x10, 0x40,
    0x80, 0xfc, 0x0,

    /* U+1F34B "🍋" */
    0x0, 0xf8, 0x1, 0x83, 0x81, 0x0, 0x43, 0x0,
    0x21, 0x0, 0x11, 0x0, 0x5, 0x0, 0x2, 0x80,
    0x1, 0x40, 0x1, 0x20, 0x0, 0x90, 0x0, 0x48,
    0x0, 0x44, 0x0, 0x42, 0x0, 0x40, 0x80, 0x40,
    0x3f, 0xc0,

    /* U+1F34C "🍌" */
    0x0, 0x8, 0x0, 0x4, 0x0, 0x3, 0x0, 0x2,
    0x80, 0x1, 0x40, 0x0, 0x90, 0x0, 0x68, 0x0,
    0x54, 0x0, 0x2a, 0x0, 0x29, 0x0, 0x25, 0x0,
    0x24, 0x80, 0x24, 0x80, 0xe4, 0x83, 0xbc, 0x80,
    0xc1, 0x80, 0x1f, 0x0, 0x0,

    /* U+1F34D "🍍" */
    0x77, 0x2c, 0x9a, 0xca, 0xa6, 0x32, 0xb0, 0x88,
    0x68, 0x49, 0x40, 0x60, 0x30, 0x18, 0xc, 0x6,
    0x3, 0x1, 0x41, 0x31, 0x8f, 0x80,

    /* U+1F34E "🍎" */
    0x0, 0x0, 0x0, 0x80, 0x0, 0x20, 0x0, 0x1f,
    0x81, 0xe3, 0x21, 0xf, 0xe1, 0x0, 0x2, 0x80,
    0x1, 0x80, 0x0, 0xc0, 0x0, 0x60, 0x0, 0x28,
    0x0, 0x14, 0x0, 0xa, 0x0, 0x8, 0x80, 0x4,
    0x20, 0x4, 0x9, 0xe4, 0x3, 0xc, 0x0,

    /* U+1F34F "🍏" */
    0x0, 0x0, 0x0, 0x80, 0x0, 0x20, 0x0, 0x1f,
    0x81, 0xe3, 0x21, 0xf, 0x61, 0x0, 0x2, 0x80,
    0x1, 0x80, 0x0, 0xc0, 0x0, 0x60, 0x0, 0x28,
    0x0, 0x14, 0x0, 0xa, 0x0, 0x8, 0x80, 0x4,
    0x20, 0x4, 0x9, 0xe4, 0x3, 0xc, 0x0,

    /* U+1F350 "🍐" */
    0x4, 0x0, 0x79, 0x80, 0x0, 0x30, 0x4, 0x6,
    0x2, 0x0, 0xc0, 0x80, 0x10, 0x20, 0x4, 0x10,
    0x1, 0x4, 0x0, 0x82, 0x0, 0x41, 0x0, 0x20,
    0x40, 0x20, 0x10, 0x10, 0x4, 0x30, 0x1, 0xe0,

    /* U+1F351 "🍑" */
    0x1, 0x0, 0x1c, 0x40, 0x1, 0xa7, 0xc4, 0x4,
    0x21, 0xf7, 0xc1, 0x84, 0x11, 0x0, 0x4, 0x80,
    0x83, 0x80, 0x20, 0xc0, 0x10, 0x60, 0x8, 0x30,
    0x4, 0x14, 0x2, 0xa, 0x1, 0x8, 0x80, 0x84,
    0x20, 0x4, 0x8, 0x4, 0x3, 0xc, 0x0, 0x68,
    0x0,

    /* U+1F352 "🍒" */
    0xa0, 0xd, 0xc0, 0xa2, 0x6, 0x20, 0x51, 0x6,
    0xf0, 0x60, 0x5, 0x0, 0x48, 0x4, 0x40, 0x3b,
    0xc4, 0x42, 0x82, 0x18, 0x21, 0x82, 0x18, 0x21,
    0x44, 0x23, 0x9c,

    /* U+1F353 "🍓" */
    0x0, 0x80, 0x1e, 0xf0, 0xc0, 0x10, 0xec, 0xc4,
    0x46, 0x48, 0x0, 0xa2, 0x55, 0x20, 0x2, 0x40,
    0x4, 0x49, 0x50, 0x80, 0x20, 0x80, 0x80, 0xa6,
    0x0, 0x8c, 0x0, 0xe0, 0x0,

    /* U+1F354 "🍔" */
    0x7, 0xf0, 0x18, 0x1c, 0x60, 0x2, 0xc0, 0x1,
    0x80, 0x1, 0xff, 0xff, 0x9e, 0x78, 0x61, 0x86,
    0x7f, 0xff, 0x82, 0x41, 0x81, 0x81, 0xff, 0xff,
    0x80, 0x1, 0x80, 0x1, 0xff, 0xff,

    /* U+1F355 "🍕" */
    0xf, 0x80, 0xc1, 0x8c, 0xf9, 0xac, 0x1a, 0xec,
    0x1a, 0x49, 0xe5, 0x1b, 0x14, 0x9c, 0x2c, 0x20,
    0x8c, 0x81, 0x2c, 0x2, 0xd0, 0x8, 0x80, 0x12,
    0x0, 0x50, 0x0, 0xc0, 0x2, 0x0,

    /* U+1F356 "🍖" */
    0x0, 0xe, 0x0, 0x75, 0xc0, 0x46, 0x20, 0x41,
    0xe0, 0x20, 0x40, 0x20, 0x10, 0x60, 0x8, 0x40,
    0x4, 0x40, 0x4, 0x20, 0xc, 0x10, 0x8, 0x4,
    0x8, 0x7, 0x84, 0x4, 0xc4, 0x1, 0x5c, 0x0,
    0xe0, 0x0,

    /* U+1F357 "🍗" */
    0x38, 0xd9, 0x14, 0x38, 0x30, 0x60, 0xc1, 0x83,
    0x9, 0x12, 0x24, 0x47, 0xa, 0x14, 0x44, 0x70,

    /* U+1F358 "🍘" */
    0x0, 0x40, 0x0, 0x1d, 0xe0, 0x3, 0x0, 0xc0,
    0x20, 0x1, 0x2, 0x0, 0x4, 0x20, 0x0, 0x31,
    0x0, 0x0, 0xc8, 0x0, 0x6, 0x40, 0x0, 0x14,
    0x0, 0x0, 0xa0, 0x0, 0x5, 0x0, 0x0, 0x24,
    0x7f, 0xe1, 0x22, 0x1, 0x18, 0x90, 0x9, 0x4,
    0x80, 0x48, 0x14, 0x2, 0x80, 0x20, 0x10, 0x1,
    0x81, 0x80, 0x3, 0xf0, 0x0,

    /* U+1F359 "🍙" */
    0x1, 0xfc, 0x0, 0x18, 0x30, 0x0, 0x80, 0x80,
    0x8, 0x4, 0x0, 0x40, 0x18, 0x4, 0x0, 0x40,
    0x40, 0x1, 0x4, 0x0, 0x6, 0x40, 0x0, 0x12,
    0x0, 0x0, 0x90, 0x0, 0x3, 0x0, 0x0, 0x18,
    0x7f, 0xf0, 0xc2, 0x0, 0x86, 0x10, 0x4, 0x30,
    0x80, 0x21, 0x84, 0x1, 0xc, 0x20, 0x8, 0x51,
    0x0, 0x46, 0x7f, 0xff, 0xe0,

    /* U+1F35A "🍚" */
    0x0, 0xf0, 0x0, 0x30, 0xc0, 0xc, 0x3, 0x1,
    0x0, 0x8, 0x20, 0x0, 0x42, 0x0, 0x4, 0x40,
    0x0, 0x24, 0x0, 0x2, 0x0, 0x0, 0xf, 0xff,
    0xff, 0x80, 0x0, 0x18, 0x0, 0x1, 0x80, 0x0,
    0x24, 0x0, 0x2, 0x60, 0x0, 0x42, 0x0, 0x4,
    0x18, 0x1, 0x80, 0x60, 0x60, 0x1, 0xf8, 0x0,

    /* U+1F35B "🍛" */
    0x3, 0xf8, 0x1, 0xc1, 0xc0, 0x60, 0xc, 0x10,
    0x0, 0x46, 0x77, 0x8c, 0x8b, 0x90, 0xb6, 0x19,
    0xdc, 0x81, 0xd, 0x90, 0x20, 0xb2, 0x8, 0x16,
    0x40, 0xc4, 0xc8, 0xb, 0x1c, 0x83, 0x46, 0x90,
    0x58, 0x99, 0xd2, 0x31, 0xf, 0x84, 0x18, 0x3,
    0x1, 0xc1, 0xc0, 0xf, 0xe0, 0x0,

    /* U+1F35C "🍜" */
    0xa, 0x80, 0xf, 0xff, 0xf0, 0xa8, 0x0, 0x2a,
    0x0, 0x3f, 0xff, 0xc2, 0xa0, 0x0, 0xa8, 0x0,
    0x2a, 0x0, 0xff, 0xff, 0xe0, 0x0, 0x18, 0x0,
    0x7, 0x0, 0x1, 0x40, 0x0, 0x88, 0x0, 0x23,
    0x0, 0x10, 0x20, 0x18, 0x4, 0x8, 0x1, 0x2,
    0x0, 0x7f, 0x80,

    /* U+1F35D "🍝" */
    0x7, 0xc0, 0x0, 0x1f, 0xc0, 0xef, 0xe0, 0xf8,
    0x0, 0x28, 0x0, 0x14, 0x0, 0x3a, 0x0, 0x63,
    0xfc, 0x4e, 0xbe, 0x2e, 0xaa, 0x80, 0x82, 0x9f,
    0xff, 0xf8, 0x0, 0xc, 0x0, 0x6, 0x0, 0x4,
    0x80, 0x2, 0x20, 0x2, 0x8, 0x2, 0x3, 0x6,
    0x0, 0x7c, 0x0,

    /* U+1F35E "🍞" */
    0x7f, 0xff, 0xf4, 0x0, 0x80, 0x60, 0x4, 0x2,
    0x80, 0x40, 0x24, 0x2, 0x1, 0x20, 0x10, 0x9,
    0x0, 0x80, 0x48, 0x4, 0x2, 0x40, 0x20, 0x12,
    0x1, 0x0, 0x90, 0x8, 0x4, 0x80, 0x40, 0x27,
    0xff, 0xff, 0x0,

    /* U+1F35F "🍟" */
    0xd, 0x81, 0xf7, 0x17, 0x38, 0x3d, 0xcd, 0xef,
    0xef, 0x77, 0x7b, 0xbb, 0xdd, 0xde, 0xee, 0xf7,
    0x77, 0xbb, 0x88, 0x3b, 0xfe, 0xc0, 0x6, 0x0,
    0x30, 0x1, 0x80, 0xc, 0x0, 0x60, 0x2, 0xc0,
    0xe1, 0xfc, 0x0,

    /* U+1F360 "🍠" */
    0x0, 0x0, 0x80, 0x3, 0x80, 0xe, 0x40, 0x38,
    0x20, 0x66, 0x50, 0x41, 0x10, 0x44, 0x8, 0x40,
    0x44, 0x20, 0x2, 0x22, 0x42, 0x10, 0x22, 0x8,
    0x2, 0x8, 0x6, 0x4, 0xc, 0x2, 0x78, 0x0,
    0xc0, 0x0,

    /* U+1F361 "🍡" */
    0x38, 0x0, 0x8, 0x80, 0x2, 0x8, 0x0, 0x41,
    0x0, 0x8, 0x28, 0x0, 0x8e, 0xc0, 0xf, 0x4,
    0x0, 0x20, 0x80, 0x4, 0x10, 0x0, 0x83, 0xc0,
    0x8, 0x84, 0x0, 0xe0, 0x40, 0x4, 0x8, 0x0,
    0x81, 0x0, 0x10, 0x20, 0x1, 0x8, 0x0, 0x1e,
    0x80, 0x0, 0x8, 0x0, 0x0, 0x80,

    /* U+1F362 "🍢" */
    0x0, 0x0, 0x3f, 0x80, 0x8, 0x10, 0x1, 0x8,
    0x0, 0x47, 0x80, 0x13, 0x10, 0x5, 0x82, 0x0,
    0xa0, 0xa0, 0x8, 0x34, 0x1, 0x18, 0x80, 0x3c,
    0x60, 0x2, 0x30, 0x1, 0x18, 0x0, 0x2d, 0x0,
    0x6, 0x20, 0x0, 0x4, 0x0, 0x0, 0x80, 0x0,
    0x10,

    /* U+1F363 "🍣" */
    0x1, 0xfc, 0x0, 0x70, 0x1c, 0x4, 0x0, 0x18,
    0x80, 0x0, 0x64, 0x3f, 0xe1, 0x3e, 0x0, 0xf8,
    0x0, 0x0, 0x0, 0x0, 0x2, 0x80, 0x0, 0xa,
    0x0, 0x0, 0x8f, 0xff, 0xf8,

    /* U+1F364 "🍤" */
    0x61, 0xe0, 0x24, 0x86, 0x9, 0x40, 0x42, 0x60,
    0xc, 0x98, 0x1, 0x26, 0x0, 0x29, 0x40, 0xa,
    0x58, 0x1, 0x91, 0xc0, 0x64, 0x8, 0x18, 0x83,
    0x6, 0x11, 0x81, 0x83, 0x80, 0x61, 0x0, 0x14,
    0x80, 0x9, 0x40, 0x4, 0x10, 0x1, 0x4, 0x0,
    0x80, 0x80, 0xc0, 0x1f, 0xc0,

    /* U+1F365 "🍥" */
    0x0, 0xe0, 0x0, 0x11, 0x0, 0xf, 0x1f, 0x1,
    0x11, 0x8, 0x10, 0x0, 0x83, 0x0, 0x8, 0x48,
    0x1, 0x68, 0x0, 0x1, 0x80, 0x0, 0x14, 0x0,
    0x2, 0x60, 0x0, 0x64, 0x0, 0x2, 0x80, 0x0,
    0x18, 0x0, 0x2, 0x48, 0x1, 0xe3, 0x0, 0x8,
    0x11, 0x10, 0x80, 0x91, 0x90, 0x7, 0x16, 0x0,
    0xe, 0x0,

    /* U+1F366 "🍦" */
    0x7, 0x0, 0x14, 0x0, 0xf8, 0x4, 0x30, 0xf,
    0x40, 0x43, 0x81, 0xf2, 0x8, 0x3c, 0x2f, 0x90,
    0xc0, 0xe4, 0x3c, 0xbf, 0xff, 0x80, 0x6, 0x0,
    0x1f, 0xff, 0xd0, 0x4, 0x40, 0x10, 0x80, 0x82,
    0x2, 0x8, 0x8, 0x1f, 0xc0,

    /* U+1F367 "🍧" */
    0x7, 0x80, 0x21, 0x1, 0x2, 0x4, 0x8, 0x32,
    0x19, 0x38, 0x58, 0x29, 0x60, 0xe9, 0x42, 0x47,
    0xff, 0xf8, 0x0, 0x60, 0x1, 0x78, 0xfc, 0x14,
    0x0, 0x50, 0x3, 0xe0,

    /* U+1F368 "🍨" */
    0x7, 0x80, 0x21, 0x1, 0x2, 0xe, 0x3c, 0x45,
    0x9, 0xc, 0x18, 0x20, 0x60, 0x81, 0x42, 0xf,
    0xff, 0xf8, 0x0, 0x60, 0x1, 0x78, 0xfc, 0x14,
    0x0, 0x50, 0x3, 0xe0,

    /* U+1F369 "🍩" */
    0x0, 0x60, 0x0, 0x71, 0xe0, 0x8, 0x31, 0x3,
    0x3, 0x8, 0x2c, 0xc0, 0x44, 0xcc, 0x2, 0xc0,
    0x6, 0x28, 0xe, 0x61, 0xa1, 0x10, 0xda, 0x20,
    0x8d, 0x8e, 0xa, 0x18, 0xe0, 0xb1, 0xe3, 0x10,
    0x1e, 0x2e, 0x2, 0x64, 0x23, 0xa7, 0x82, 0x2c,
    0x30, 0x1c, 0xc1, 0x80, 0x18, 0xe, 0x6, 0x0,
    0x3f, 0x80,

    /* U+1F36A "🍪" */
    0x0, 0xe0, 0x0, 0xe3, 0x80, 0x60, 0xc, 0x10,
    0x0, 0x42, 0x18, 0x48, 0x83, 0x0, 0xa0, 0x0,
    0x14, 0x0, 0x2, 0x98, 0x3, 0x33, 0x0, 0x66,
    0x6, 0x0, 0xc0, 0xc0, 0x24, 0x0, 0x4, 0x87,
    0x18, 0x88, 0xe3, 0x20, 0x80, 0x8, 0x8, 0x2,
    0x0, 0xc3, 0x80, 0x7, 0x80, 0x0,

    /* U+1F36B "🍫" */
    0x7f, 0xf3, 0xef, 0x99, 0x8c, 0xcc, 0x65, 0x9d,
    0x3e, 0xf1, 0x90, 0x24, 0x3f, 0x3e, 0xe, 0x0,
    0x60, 0x3, 0x0, 0x18, 0x0, 0xc0, 0x6, 0x0,
    0x30, 0x1, 0x80, 0xc, 0x0, 0x60, 0x3, 0x0,
    0x1f, 0xff, 0x80,

    /* U+1F36C "🍬" */
    0x0, 0x1, 0x0, 0x0, 0x28, 0x0, 0x2, 0xc0,
    0x0, 0x24, 0x0, 0x2, 0x70, 0xf, 0x81, 0x1,
    0x5, 0xe0, 0x20, 0x20, 0x4, 0x1, 0x0, 0x40,
    0x10, 0x4, 0x1, 0x0, 0x40, 0x10, 0x4, 0x1,
    0x0, 0x20, 0x20, 0x3d, 0xc, 0x4, 0x2f, 0x80,
    0x72, 0x0, 0x1, 0xa0, 0x0, 0xc, 0x0, 0x0,
    0x40, 0x0,

    /* U+1F36D "🍭" */
    0x0, 0xf8, 0x1, 0x83, 0x1, 0xbc, 0xc0, 0xaf,
    0x20, 0xa8, 0x48, 0x5b, 0xe4, 0x35, 0xaa, 0x16,
    0x55, 0xa, 0x8c, 0x82, 0xba, 0x81, 0xbe, 0xc0,
    0x60, 0xc0, 0x8f, 0x80, 0x80, 0x0, 0x80, 0x0,
    0x80, 0x0, 0x0, 0x0, 0x0,

    /* U+1F36E "🍮" */
    0x7, 0xf0, 0x4, 0x6, 0x4, 0x3, 0x3, 0x7,
    0x81, 0x7f, 0xc0, 0x80, 0x20, 0x80, 0x10, 0xc0,
    0x6, 0x80, 0x0, 0xe0, 0x0, 0xcc, 0x1, 0x80,
    0xff, 0x0,

    /* U+1F36F "🍯" */
    0x3f, 0xfe, 0x23, 0x6, 0xff, 0xff, 0x81, 0x3,
    0x81, 0x7, 0x81, 0x5, 0x81, 0x15, 0x81, 0x15,
    0x80, 0x75, 0x80, 0x15, 0x80, 0x15, 0x80, 0x1d,
    0x80, 0x1, 0x40, 0x2, 0x60, 0x6, 0x1f, 0xf8,

    /* U+1F370 "🍰" */
    0x0, 0x0, 0xc0, 0x0, 0x8, 0x0, 0x0, 0xc0,
    0x0, 0xd, 0x0, 0x0, 0x4e, 0x0, 0x2, 0x48,
    0xf, 0xcc, 0x3f, 0x80, 0x1, 0x98, 0x71, 0xcd,
    0x24, 0x49, 0x69, 0x22, 0x8b, 0x86, 0xc, 0x38,
    0x0, 0x0, 0xc0, 0x0, 0x7, 0xff, 0xff, 0xff,
    0xff, 0xff, 0x80, 0x0, 0xc, 0x0, 0x0, 0x7f,
    0xff, 0xfe,

    /* U+1F371 "🍱" */
    0xff, 0xff, 0xfc, 0x8, 0x0, 0x66, 0x40, 0x3,
    0x5a, 0x19, 0x9b, 0xd3, 0x54, 0xd2, 0x9c, 0xc6,
    0x97, 0xff, 0xf4, 0xae, 0xef, 0xa5, 0x99, 0x9c,
    0xcc, 0xcc, 0xe6, 0x6e, 0xef, 0x33, 0x33, 0x38,
    0x16, 0x66, 0xff, 0xff, 0xfc,

    /* U+1F372 "🍲" */
    0x1, 0x50, 0x0, 0xa, 0x80, 0x0, 0xa8, 0x0,
    0x1d, 0x80, 0x1, 0x50, 0x0, 0x15, 0x0, 0x80,
    0xa8, 0x4, 0xa, 0x80, 0x0, 0x0, 0xf, 0xff,
    0xff, 0x80, 0x0, 0x18, 0x0, 0x1, 0x80, 0x0,
    0x24, 0x0, 0x2, 0x60, 0x0, 0x42, 0x0, 0x4,
    0x18, 0x1, 0x80, 0x60, 0x60, 0x1, 0xf8, 0x0,

    /* U+1F373 "🍳" */
    0x0, 0x0, 0x0, 0x0, 0x70, 0x0, 0x24, 0x1f,
    0x92, 0x18, 0x1d, 0xc, 0x3, 0x86, 0x38, 0x61,
    0x9, 0x8, 0x84, 0x61, 0x22, 0x68, 0x48, 0xa6,
    0x12, 0x29, 0x44, 0x89, 0x89, 0x21, 0x82, 0x44,
    0x1f, 0x21, 0x80, 0x18, 0x30, 0xc, 0x6, 0x6,
    0x0, 0x7e, 0x0,

    /* U+1F374 "🍴" */
    0x81, 0x9e, 0xbd, 0x7a, 0xb5, 0xab, 0x56, 0xcd,
    0x9b, 0x36, 0x6c, 0xd9, 0xb3, 0x62,

    /* U+1F375 "🍵" */
    0xfd, 0x7f, 0xfe, 0x4, 0x0, 0x18, 0x10, 0x0,
    0x61, 0xf0, 0x1, 0x85, 0x40, 0x5, 0x11, 0x0,
    0x24, 0x44, 0x0, 0x91, 0x10, 0x2, 0x27, 0xc0,
    0x10, 0x40, 0x0, 0x80, 0x80, 0x4, 0x1, 0xff,
    0xe0,

    /* U+1F376 "🍶" */
    0x0, 0x0, 0x10, 0x4, 0x1, 0x0, 0x20, 0x10,
    0x2, 0x2, 0x0, 0x10, 0x20, 0x0, 0x84, 0x0,
    0x10, 0x40, 0x1, 0x2, 0x0, 0x10, 0x20, 0x1,
    0x2, 0x0, 0x0, 0x20, 0x2, 0x1, 0x0, 0x20,
    0x10, 0x0, 0x1, 0xff, 0xc0, 0x18, 0x4, 0x1,
    0x80, 0x40, 0x14, 0x8, 0x1, 0x40, 0x80, 0x13,
    0xf7, 0xff,

    /* U+1F377 "🍷" */
    0x80, 0x6, 0x0, 0x18, 0x0, 0x60, 0x1, 0x80,
    0x6, 0x0, 0x18, 0x0, 0x60, 0x1, 0x80, 0x5,
    0x0, 0x22, 0x1, 0x4, 0x8, 0xf, 0xc0, 0x8,
    0x0, 0x20, 0x0, 0x80, 0x2, 0x0, 0x8, 0x0,
    0x20, 0x0, 0x80, 0x7f, 0xf0,

    /* U+1F378 "🍸" */
    0x0, 0x2, 0x0, 0x2, 0x20, 0x2, 0x28, 0x2,
    0x24, 0x2, 0x21, 0xfe, 0xe0, 0x40, 0x10, 0x10,
    0x10, 0x8, 0x10, 0x2, 0x10, 0x0, 0x88, 0x0,
    0x28, 0x0, 0x8, 0x0, 0x4, 0x0, 0x2, 0x0,
    0x1, 0x0, 0x0, 0x80, 0x0, 0x40, 0x0, 0x20,
    0x0, 0x10, 0x1, 0xff, 0xc0,

    /* U+1F379 "🍹" */
    0x0, 0x10, 0x0, 0x80, 0x4, 0x0, 0x10, 0x0,
    0x51, 0x1, 0x44, 0x4, 0xa0, 0x2, 0xff, 0xfe,
    0x0, 0x18, 0x0, 0x60, 0x1, 0x80, 0x5, 0x0,
    0x24, 0x0, 0x88, 0x4, 0x18, 0x60, 0x1e, 0x0,
    0x20, 0x0, 0x80, 0x2, 0x1, 0xff, 0xc0,

    /* U+1F37A "🍺" */
    0x0, 0x0, 0x4c, 0x1, 0x87, 0x4, 0x1, 0x8,
    0x2, 0x10, 0x7c, 0x2b, 0x8f, 0x60, 0x11, 0x0,
    0x22, 0x0, 0x45, 0x0, 0x8a, 0x1, 0x14, 0x2,
    0x28, 0x7, 0x90, 0x8, 0x20, 0x10, 0x7f, 0xe0,

    /* U+1F37B "🍻" */
    0x0, 0xe, 0x0, 0x7f, 0x47, 0x2, 0x6, 0xc,
    0xf, 0x8, 0x4c, 0xe7, 0x3e, 0x4a, 0x81, 0xc0,
    0xaa, 0x0, 0x2, 0xa8, 0x4, 0xa, 0xa0, 0x90,
    0x39, 0x82, 0x40, 0x84, 0x8, 0x82, 0xf, 0x23,
    0xf0, 0x3, 0x80, 0x0,

    /* U+1F37C "🍼" */
    0x0, 0x3, 0x0, 0x2, 0x40, 0x1e, 0x20, 0x30,
    0x20, 0x28, 0x20, 0x22, 0x10, 0x28, 0xc8, 0x32,
    0x14, 0x24, 0x4, 0x29, 0x2, 0x22, 0x2, 0x10,
    0x2, 0xc, 0x2, 0x3, 0x2, 0x0, 0xc2, 0x0,
    0x32, 0x0, 0xe, 0x0, 0x0,

    /* U+1F37D "🍽" */
    0x0, 0x0, 0x17, 0xf, 0xe0, 0xf8, 0x80, 0xc7,
    0xc9, 0xf1, 0x3a, 0x90, 0x49, 0xe5, 0x1, 0x2f,
    0x48, 0x9, 0x7a, 0x40, 0x4b, 0xd2, 0x2, 0x5e,
    0x58, 0x36, 0xf2, 0x63, 0x27, 0x89, 0xf2, 0x3c,
    0x30, 0x61, 0xe0, 0x7e, 0xf, 0x0, 0x0, 0x68,
    0x0, 0x3,

    /* U+1F37E "🍾" */
    0x0, 0x0, 0x30, 0x0, 0x2, 0x40, 0x0, 0x12,
    0x0, 0x2, 0xe0, 0x0, 0x20, 0x0, 0x2, 0x20,
    0x0, 0x22, 0x0, 0x2, 0x20, 0x1, 0xe2, 0x0,
    0x18, 0x20, 0x1, 0x82, 0x0, 0x12, 0x10, 0x1,
    0x8, 0x80, 0x10, 0x2c, 0x1, 0x0, 0xc0, 0x14,
    0x4, 0x0, 0x90, 0x40, 0x2, 0x44, 0x0, 0x9,
    0xc0, 0x0, 0x38, 0x0, 0x0,

    /* U+1F37F "🍿" */
    0xe, 0x81, 0x8a, 0x11, 0x8c, 0xb8, 0x29, 0x0,
    0xc0, 0x5, 0xff, 0x88, 0x4, 0x20, 0x21, 0x1,
    0x8, 0x8, 0x40, 0x42, 0x4, 0x10, 0x20, 0x81,
    0x4, 0x8, 0x3f, 0xc0,

    /* U+1F380 "🎀" */
    0x78, 0x0, 0xc4, 0x60, 0x32, 0x81, 0xec, 0x28,
    0x9, 0x1, 0x80, 0x90, 0x18, 0x9, 0x1, 0x80,
    0x90, 0x1c, 0x39, 0x82, 0x45, 0x7e, 0x23, 0xaa,
    0x5c, 0x4, 0xb4, 0x0, 0x49, 0x20, 0x8, 0x92,
    0x0, 0x91, 0x10, 0xf, 0x1f, 0x0, 0x30, 0x80,
    0x1, 0x0, 0x0,

    /* U+1F381 "🎁" */
    0xc, 0x60, 0x25, 0x20, 0x84, 0x21, 0x8, 0x4f,
    0xff, 0xf0, 0x88, 0x61, 0x10, 0xc2, 0x21, 0xff,
    0xfe, 0x88, 0x89, 0x11, 0x12, 0x22, 0x24, 0x44,
    0x48, 0x88, 0x91, 0x11, 0x22, 0x22, 0x7f, 0xfc,
    0xff, 0xf8,

    /* U+1F382 "🎂" */
    0x0, 0x18, 0x0, 0x3, 0x80, 0x0, 0x1c, 0x0,
    0x3f, 0xff, 0x82, 0x0, 0x2, 0x1c, 0xc6, 0x70,
    0x99, 0xcc, 0x84, 0x0, 0x4, 0x20, 0x0, 0x20,
    0x0, 0x0, 0x1f, 0xff, 0xfd, 0x0, 0x0, 0x1e,
    0x62, 0x33, 0xcc, 0xe6, 0x76, 0x0, 0x0, 0x30,
    0x0, 0x1, 0x80, 0x0, 0xc, 0x0, 0x0, 0x7f,
    0xff, 0xfe,

    /* U+1F383 "🎃" */
    0x0, 0x10, 0x0, 0x2, 0xc0, 0x0, 0x5c, 0x0,
    0xa, 0xc0, 0x0, 0xa0, 0x0, 0xf, 0x0, 0x1f,
    0xf, 0x82, 0x0, 0x4, 0x0, 0x0, 0x20, 0x80,
    0x22, 0x8e, 0xe, 0x18, 0xa0, 0xa1, 0x84, 0x4,
    0x18, 0xe, 0x1, 0x80, 0x60, 0x14, 0xc0, 0x62,
    0x47, 0xfc, 0x22, 0x11, 0x4, 0x19, 0xe1, 0x80,
    0x6f, 0xe0,

    /* U+1F384 "🎄" */
    0x0, 0x0, 0x30, 0x2, 0x40, 0x14, 0x0, 0xf0,
    0x4, 0x80, 0x22, 0x2, 0xd0, 0x20, 0x41, 0x86,
    0xa, 0x10, 0x50, 0x84, 0x1a, 0x20, 0x11, 0x91,
    0x8, 0x14, 0x50, 0x24, 0x0, 0xbc, 0x3e, 0x12,
    0x0, 0x90, 0x7, 0x80,

    /* U+1F385 "🎅" */
    0x1, 0xe0, 0x6, 0x18, 0x4, 0xc, 0x8, 0x14,
    0xf, 0xf4, 0xf, 0xf2, 0xb, 0x52, 0xa, 0x12,
    0xf, 0xf2, 0x9, 0x99, 0x8, 0x39, 0x3e, 0x66,
    0xcd, 0xb0, 0xa7, 0x58, 0xd4, 0x94, 0xcf, 0xa4,
    0x45, 0x4,

    /* U+1F386 "🎆" */
    0x0, 0x0, 0x10, 0x40, 0x11, 0x0, 0x8, 0x41,
    0x11, 0x19, 0x24, 0xc1, 0x10, 0x0, 0x80, 0x5e,
    0xfa, 0x3, 0x1, 0x97, 0x14, 0x4d, 0x1, 0x19,
    0x0, 0xb0, 0x2, 0x68, 0x4, 0xd0, 0x1, 0x80,
    0x3, 0x0, 0x6, 0x0,

    /* U+1F387 "🎇" */
    0x2, 0x8, 0x1, 0x28, 0x0, 0x10, 0x0, 0x8,
    0x2, 0x24, 0x88, 0x8a, 0x88, 0x0, 0x0, 0x3f,
    0xfe, 0x1, 0xc0, 0xd, 0xe9, 0x9, 0xd2, 0x61,
    0x48, 0x1, 0x45, 0x1, 0x52, 0x81, 0x48, 0x21,
    0x40, 0x0,

    /* U+1F388 "🎈" */
    0x3, 0xf0, 0x6, 0x6, 0x6, 0x1, 0x86, 0x0,
    0x62, 0x0, 0x13, 0x0, 0xd, 0x0, 0x2, 0x80,
    0x1, 0x40, 0x0, 0xa0, 0x0, 0x50, 0x0, 0x24,
    0x0, 0x22, 0x0, 0x10, 0x80, 0x10, 0x60, 0x10,
    0xcc, 0x30, 0x15, 0xe0, 0x26, 0x0, 0x10, 0x0,
    0x8, 0x0, 0x8, 0x0, 0x0,

    /* U+1F389 "🎉" */
    0x0, 0x8, 0x0, 0x2, 0x0, 0x1, 0x0, 0x0,
    0x80, 0x2, 0x20, 0x1, 0x40, 0x0, 0x48, 0x4,
    0x21, 0x1e, 0x8, 0x20, 0x4, 0x4, 0x1, 0x0,
    0x80, 0x40, 0x10, 0x20, 0x6, 0x8, 0x6, 0x4,
    0x6, 0x1, 0xe, 0x0, 0x8c, 0x0, 0x2c, 0x0,
    0xc, 0x0, 0x0,

    /* U+1F38A "🎊" */
    0x0, 0x0, 0x0, 0x7c, 0xf, 0x86, 0x8, 0xc1,
    0x20, 0x16, 0x2, 0x81, 0x86, 0xa, 0x18, 0x6,
    0x2b, 0x80, 0x6, 0xb0, 0x8, 0x6, 0x0, 0x40,
    0x0, 0x1, 0x0, 0x0, 0x2, 0x8, 0x1, 0x8,
    0x10, 0x8, 0x20, 0x80, 0x20, 0x2, 0x0, 0x80,
    0x8, 0x2, 0x0, 0x10, 0x10, 0x0, 0x0,

    /* U+1F38B "🎋" */
    0xfc, 0x0, 0x84, 0x0, 0x84, 0x0, 0x84, 0x38,
    0x84, 0x4, 0x84, 0x42, 0x0, 0x22, 0x0, 0x51,
    0x85, 0xa9, 0x85, 0x27, 0x85, 0x10, 0x85, 0x8,
    0x84, 0x84, 0x0, 0x86, 0x0, 0x43, 0x84, 0x41,
    0x84, 0x21, 0x84, 0x12, 0x84, 0xc, 0x84, 0x0,
    0xfc, 0x0,

    /* U+1F38C "🎌" */
    0x2, 0x8, 0x1, 0xc1, 0xc0, 0xc4, 0x46, 0x60,
    0x88, 0x38, 0xa, 0x3, 0x3, 0x60, 0x51, 0x93,
    0x12, 0xc2, 0x1a, 0x20, 0xa0, 0x80, 0x14, 0x0,
    0x4, 0x40, 0x0, 0x88, 0x0, 0x20, 0x80, 0x4,
    0x10, 0x0,

    /* U+1F38D "🎍" */
    0x8, 0xa, 0x5, 0x7, 0x85, 0xc1, 0xd1, 0x74,
    0x9a, 0x4f, 0x22, 0x90, 0x49, 0xac, 0xd7, 0xfd,
    0xbe, 0xa6, 0x7f, 0x2a, 0x9f, 0xcf, 0xe0,

    /* U+1F38E "🎎" */
    0x18, 0x0, 0x12, 0xe, 0x9, 0x8, 0x84, 0x88,
    0x43, 0x83, 0xc1, 0x23, 0x11, 0xf9, 0x78, 0xec,
    0xec, 0x44, 0x42, 0x1e, 0x1e, 0x10, 0xb0, 0x93,
    0xb3, 0xea, 0x5a, 0x34, 0xce, 0xa, 0x66, 0x8d,
    0xbf, 0xae, 0xbb, 0x9b, 0x7f, 0xff, 0x80,

    /* U+1F38F "🎏" */
    0xc0, 0x0, 0x60, 0x0, 0x20, 0x0, 0x10, 0x7f,
    0x8, 0xc0, 0xfb, 0xb2, 0x6, 0xe0, 0x7f, 0xf,
    0xc0, 0x80, 0x0, 0x40, 0xe0, 0x21, 0xc, 0x53,
    0x3, 0xe7, 0x48, 0x15, 0xc1, 0xfa, 0x1f, 0x1,
    0x0, 0x0, 0x80, 0x0, 0x40, 0x0, 0x20, 0x0,
    0x10, 0x0, 0x0, 0x0, 0x0,

    /* U+1F390 "🎐" */
    0x2, 0x0, 0x1e, 0x1, 0x86, 0x8, 0x4, 0x40,
    0xb, 0x0, 0x28, 0x0, 0xa0, 0x1, 0x80, 0x6,
    0x0, 0x27, 0xff, 0x81, 0xc0, 0x2, 0x0, 0x28,
    0x1, 0x40, 0x39, 0x0, 0x88, 0x1, 0xc0, 0x0,

    /* U+1F391 "🎑" */
    0x3, 0xf8, 0x1, 0x9c, 0xc0, 0x4c, 0x44, 0x11,
    0x4, 0x44, 0x20, 0xa4, 0xb4, 0x10, 0xa1, 0x44,
    0xc, 0x57, 0x19, 0x98, 0xd, 0x37, 0xa1, 0x86,
    0xda, 0x78, 0xdf, 0x8f, 0x1e, 0xc3, 0xf4, 0xdc,
    0x7e, 0x9b, 0x3f, 0xf1, 0x94, 0xc, 0x18, 0x23,
    0x1, 0xc9, 0xc0, 0xf, 0xe0, 0x0,

    /* U+1F392 "🎒" */
    0x3, 0x0, 0x24, 0x1, 0x20, 0x1f, 0x83, 0x7a,
    0x2c, 0x29, 0x80, 0xb8, 0x7, 0xc0, 0x1e, 0x0,
    0xf0, 0x7, 0x80, 0x3c, 0x1, 0xe0, 0xf, 0x0,
    0x77, 0xfb, 0x80, 0x1e, 0x0, 0xf0, 0x7, 0x7f,
    0xdf, 0xff, 0x80,

    /* U+1F393 "🎓" */
    0x0, 0x30, 0x3, 0xff, 0xbf, 0xff, 0xff, 0xff,
    0xc2, 0x0, 0x10, 0x8, 0x0, 0x40, 0x20, 0x1,
    0x0, 0x80, 0x4, 0x2, 0x0, 0x10, 0xf, 0xff,
    0xc0,

    /* U+1F396 "🎖" */
    0x7f, 0xfe, 0x41, 0x2, 0x41, 0x2, 0x21, 0x4,
    0x11, 0x18, 0x9, 0x30, 0x6, 0xc0, 0x1, 0x80,
    0x1, 0x0, 0x1, 0x0, 0x3, 0x80, 0x2, 0x80,
    0x2, 0x40, 0xfe, 0x7f, 0x60, 0x4, 0x10, 0x8,
    0x8, 0x10, 0x8, 0x20, 0x8, 0x20, 0xb, 0x90,
    0x14, 0x70, 0x18, 0x10,

    /* U+1F397 "🎗" */
    0xf, 0xa3, 0x82, 0x94, 0x27, 0x1d, 0x18, 0x90,
    0xa2, 0x89, 0x1c, 0x48, 0x44, 0x22, 0x21, 0x22,
    0x5, 0x10, 0x11, 0x0, 0x88, 0x8, 0xe0, 0x45,
    0x4, 0x24, 0x22, 0x22, 0x11, 0xf, 0x70,

    /* U+1F399 "🎙" */
    0x3, 0x0, 0x90, 0x21, 0x8, 0x12, 0x82, 0x88,
    0xa1, 0xe4, 0x28, 0x85, 0x88, 0xa0, 0xf4, 0x2,
    0x80, 0x50, 0x7f, 0xd0, 0x9, 0xff,

    /* U+1F39A "🎚" */
    0xff, 0xfc, 0x0, 0x60, 0xc3, 0xa, 0x1a, 0x52,
    0xc2, 0x86, 0xbe, 0xb1, 0x11, 0xaa, 0xad, 0x7d,
    0x61, 0x43, 0x4a, 0x58, 0x50, 0xd2, 0x96, 0x94,
    0xb0, 0xa1, 0xa5, 0x2c, 0x28, 0x60, 0xc3, 0x0,
    0x1f, 0xff, 0x80,

    /* U+1F39B "🎛" */
    0xff, 0xff, 0x80, 0x1, 0x80, 0x1, 0x98, 0x15,
    0xa0, 0x29, 0xa4, 0x25, 0x98, 0x19, 0x80, 0x1,
    0x80, 0x1, 0x80, 0x1, 0xac, 0x19, 0x94, 0x21,
    0xa4, 0x2d, 0x9c, 0x19, 0x80, 0x1, 0xff, 0xff,

    /* U+1F39E "🎞" */
    0xff, 0xff, 0xaa, 0xab, 0xff, 0x7f, 0x81, 0x41,
    0x81, 0x41, 0x81, 0x41, 0x81, 0x41, 0x81, 0x41,
    0x81, 0x41, 0xff, 0x7f, 0x80, 0x1, 0xaa, 0xab,
    0xff, 0xff,

    /* U+1F39F "🎟" */
    0xff, 0xff, 0xfc, 0x0, 0x0, 0x61, 0xff, 0xc6,
    0xc8, 0x2, 0x41, 0x40, 0x16, 0xa, 0x0, 0xa0,
    0x50, 0x5, 0x2, 0x80, 0x28, 0x24, 0x1, 0x26,
    0x3f, 0xf8, 0xe0, 0x0, 0x3, 0xff, 0xff, 0xf0,

    /* U+1F3A0 "🎠" */
    0x0, 0xa0, 0x0, 0xa, 0x0, 0x0, 0xa0, 0x1,
    0xa, 0x0, 0x28, 0xa0, 0x4, 0x48, 0x0, 0xf3,
    0x3, 0xe1, 0x10, 0x5, 0x8, 0xc0, 0x50, 0x82,
    0x89, 0x8, 0x5, 0x21, 0x81, 0xea, 0x25, 0xe6,
    0x94, 0xaa, 0xb0, 0x5c, 0xae, 0x3, 0x6b, 0x40,
    0x32, 0xb8, 0x0, 0xa, 0x0, 0x0, 0xa0, 0x0,
    0xa, 0x0,

    /* U+1F3A1 "🎡" */
    0x0, 0x18, 0x0, 0x3e, 0x40, 0xc, 0x46, 0x1,
    0x5, 0x90, 0xf8, 0x44, 0x89, 0x44, 0x88, 0x62,
    0x50, 0x88, 0x15, 0x6, 0x80, 0xa0, 0x9b, 0xf3,
    0xf9, 0x81, 0xe0, 0x68, 0x2b, 0x4, 0x75, 0xa8,
    0x84, 0xad, 0x48, 0x52, 0xb3, 0x7, 0x4a, 0xe0,
    0x8, 0xaa, 0x0, 0x7f, 0xe0, 0x8, 0x4, 0x0,
    0x92, 0x20, 0xf, 0x1e, 0x0,

    /* U+1F3A2 "🎢" */
    0x0, 0x0, 0x0, 0x0, 0x4, 0x0, 0x0, 0x50,
    0x0, 0xc9, 0x0, 0x13, 0x30, 0x1, 0x77, 0x0,
    0x56, 0x50, 0xa, 0xc5, 0x0, 0x58, 0x50, 0x2,
    0x85, 0x0, 0x14, 0x50, 0x6, 0xc5, 0x80, 0x94,
    0x57, 0xf1, 0x45, 0xe3, 0x94, 0x5a, 0x49, 0x45,
    0xa4, 0x94, 0x5a, 0x49, 0x45, 0xa4, 0x94, 0x5e,
    0x78, 0xc7,

    /* U+1F3A3 "🎣" */
    0x0, 0x0, 0x0, 0x1, 0xe0, 0x0, 0x30, 0xc0,
    0x2, 0x2, 0x0, 0x20, 0x10, 0x1, 0x0, 0x80,
    0x10, 0x4, 0x0, 0x80, 0x20, 0x8, 0x1, 0x0,
    0x40, 0x8, 0x4, 0x0, 0x60, 0x20, 0x5, 0x81,
    0x0, 0x44, 0x8, 0x2, 0x58, 0x0, 0x70, 0xa6,
    0x3, 0x5, 0x50, 0x1c, 0x2a, 0x80, 0x22, 0x94,
    0x1, 0x15, 0x40, 0x5, 0xe, 0x0, 0x44, 0x70,
    0x3, 0xe0,

    /* U+1F3A4 "🎤" */
    0x0, 0x0, 0x1, 0xf0, 0x8, 0x40, 0x11, 0x1,
    0x24, 0x4, 0x50, 0x20, 0x81, 0xc, 0x4, 0x0,
    0x2a, 0x1, 0x10, 0x8, 0x80, 0x24, 0x1, 0x20,
    0x9, 0x0, 0x38, 0x0, 0x0, 0x0,

    /* U+1F3A5 "🎥" */
    0xe, 0xe, 0x2, 0x22, 0x20, 0x82, 0x82, 0x17,
    0x57, 0x42, 0xaa, 0xa8, 0x5d, 0x5d, 0x4, 0x44,
    0x40, 0x70, 0x70, 0x47, 0xfe, 0x17, 0xf0, 0x7f,
    0xe2, 0x8, 0x83, 0x41, 0x10, 0x50, 0x2e, 0xf,
    0xfc, 0x0,

    /* U+1F3A6 "🎦" */
    0xff, 0xff, 0xc0, 0x0, 0x67, 0x18, 0x34, 0x52,
    0x1a, 0x29, 0xd, 0x35, 0x86, 0x61, 0x3, 0x7f,
    0xed, 0xa0, 0x1a, 0xd0, 0x9, 0x68, 0x4, 0xb4,
    0x2, 0x5a, 0x1, 0xad, 0xff, 0xb6, 0x0, 0x3,
    0x0, 0x1, 0xff, 0xff, 0x80,

    /* U+1F3A7 "🎧" */
    0x3, 0xf0, 0x3, 0x3, 0x1, 0x1f, 0x20, 0x88,
    0x24, 0x44, 0x4, 0x90, 0x0, 0x28, 0x0, 0x6,
    0x0, 0x1, 0x80, 0x0, 0x60, 0x0, 0x18, 0x0,
    0x6, 0x8, 0x31, 0x8e, 0xac, 0x52, 0xaa, 0xa4,
    0xaa, 0xa8, 0xaa, 0xac, 0xa, 0xaa, 0x2, 0xab,
    0x0, 0x61, 0x80,

    /* U+1F3A8 "🎨" */
    0xf, 0xe0, 0x30, 0xd0, 0x41, 0x50, 0xb0, 0xd0,
    0xd0, 0xe, 0xb0, 0x2, 0x98, 0x2, 0xd7, 0x72,
    0x5b, 0x52, 0x33, 0x24, 0xc, 0x18, 0x3, 0xa0,

    /* U+1F3A9 "🎩" */
    0xf, 0xff, 0x80, 0x40, 0x4, 0x2, 0x0, 0x20,
    0x10, 0x1, 0x0, 0x80, 0x8, 0x4, 0x0, 0x40,
    0x20, 0x2, 0x1, 0x0, 0x10, 0x8, 0x0, 0x80,
    0x7f, 0xfc, 0x2, 0x0, 0x20, 0x10, 0x1, 0x0,
    0x80, 0x8, 0x4, 0x0, 0x43, 0xe0, 0x3, 0xf0,
    0xff, 0xe1, 0x70, 0x0, 0x70, 0x7f, 0xf8, 0x0,

    /* U+1F3AA "🎪" */
    0x1, 0xc0, 0x1, 0xb8, 0x7, 0x57, 0x5, 0x45,
    0x4f, 0xff, 0xfc, 0x95, 0x26, 0x4a, 0x93, 0x25,
    0x49, 0x93, 0xe4, 0xff, 0xff, 0xc0,

    /* U+1F3AB "🎫" */
    0x0, 0x0, 0x0, 0x1, 0x80, 0x0, 0x28, 0x0,
    0x4, 0x80, 0x0, 0x88, 0x0, 0x12, 0x40, 0x2,
    0x3, 0x40, 0xc0, 0x8a, 0x10, 0x0, 0x22, 0x0,
    0x24, 0x40, 0x0, 0x88, 0x0, 0x10, 0x78, 0x2,
    0x0, 0x40, 0x40, 0x2, 0x8, 0x0, 0x21, 0x0,
    0x2, 0x20, 0x0, 0x24, 0x0, 0x1, 0x80, 0x0,

    /* U+1F3AC "🎬" */
    0x0, 0x10, 0x0, 0xf0, 0xe, 0xe0, 0xf7, 0x6,
    0x98, 0x13, 0xc0, 0x38, 0x0, 0x5f, 0xff, 0x59,
    0x9a, 0xff, 0xfd, 0x0, 0xa, 0x0, 0x14, 0x0,
    0x28, 0x0, 0x50, 0x0, 0xa0, 0x1, 0x7f, 0xfe,

    /* U+1F3AD "🎭" */
    0x2, 0x0, 0x7, 0xb0, 0x3, 0x2, 0x0, 0x5b,
    0xce, 0xd, 0x6a, 0x3d, 0xe1, 0x58, 0x60, 0x2b,
    0x2a, 0x75, 0x6f, 0x4e, 0xa1, 0xa5, 0x15, 0x8,
    0x4c, 0xb9, 0x6, 0x13, 0x40, 0x1, 0x10, 0x0,
    0x1c, 0x0,

    /* U+1F3AE "🎮" */
    0x0, 0x20, 0x0, 0x3, 0x0, 0x0, 0x18, 0x0,
    0x0, 0xc0, 0x0, 0x6, 0x0, 0x0, 0x30, 0x0,
    0x0, 0x0, 0x1, 0xff, 0xf0, 0x10, 0x0, 0x41,
    0x20, 0xb, 0x9, 0x0, 0xa8, 0x9c, 0x5, 0x24,
    0x48, 0x91, 0x40, 0xee, 0x6, 0x0, 0x0, 0x30,
    0x7f, 0x81, 0x82, 0x2, 0xe, 0x20, 0x8, 0xde,
    0x0, 0x3c,

    /* U+1F3AF "🎯" */
    0x10, 0x0, 0x0, 0x20, 0x0, 0x0, 0xe0, 0x38,
    0x2, 0xc3, 0xe, 0x3, 0x9b, 0xf2, 0x0, 0x88,
    0x12, 0x1, 0x80, 0x1a, 0x4, 0x8f, 0x12, 0xa,
    0xa1, 0x14, 0x24, 0xbd, 0x34, 0x52, 0x85, 0x28,
    0xa7, 0xba, 0x51, 0x4c, 0xb4, 0xa2, 0x96, 0xa9,
    0x45, 0x26, 0x52, 0x85, 0x27, 0x4a, 0xa, 0x21,
    0x14, 0xa, 0x3c, 0x50, 0xa, 0x1, 0x60, 0xb,
    0xfd, 0x80, 0xc, 0xc, 0x0, 0x7, 0xe0, 0x0,

    /* U+1F3B0 "🎰" */
    0xff, 0xfe, 0x21, 0x8, 0x88, 0x42, 0x2e, 0x14,
    0x8d, 0xa5, 0x2a, 0xa9, 0x4a, 0xaa, 0x42, 0xaa,
    0x90, 0x8a, 0x84, 0x22, 0xa1, 0x8, 0xef, 0xff,
    0xe0,

    /* U+1F3B1 "🎱" */
    0x1, 0xf8, 0x0, 0x60, 0x60, 0x18, 0x1, 0x83,
    0x0, 0xc, 0x20, 0x0, 0x44, 0x0, 0x2, 0x40,
    0x0, 0x28, 0x0, 0x1, 0x80, 0x60, 0x18, 0xa,
    0x1, 0x80, 0x60, 0x18, 0xa, 0x1, 0x80, 0xa0,
    0x14, 0x6, 0x2, 0x40, 0x0, 0x22, 0x0, 0x4,
    0x30, 0x0, 0xc1, 0x80, 0x18, 0x6, 0x6, 0x0,
    0x1f, 0x80,

    /* U+1F3B2 "🎲" */
    0xf, 0xe1, 0xe7, 0x3e, 0x71, 0xcc, 0x1c, 0x5b,
    0x10, 0xf6, 0x20, 0x60, 0x4c, 0xc0, 0x99, 0x8d,
    0x43, 0x1a, 0x87, 0x84, 0x38, 0xff, 0x80,

    /* U+1F3B3 "🎳" */
    0xe, 0x31, 0xc0, 0x22, 0x94, 0x40, 0x46, 0x18,
    0x80, 0x8c, 0x51, 0x1, 0xa4, 0xa4, 0x1, 0x49,
    0x28, 0x2, 0x92, 0x50, 0x8, 0xc5, 0x10, 0x21,
    0x4, 0x10, 0x82, 0x8, 0x21, 0x78, 0x20, 0x21,
    0xc, 0x40, 0x44, 0x8, 0x80, 0x93, 0x9, 0x1,
    0x21, 0x12, 0x2, 0x52, 0x24, 0x8, 0x80, 0x44,
    0x11, 0x0, 0x88, 0x21, 0x3, 0x10, 0x41, 0xc,
    0x31, 0x1, 0xe7, 0xbe, 0x0,

    /* U+1F3B4 "🎴" */
    0xff, 0xfc, 0x0, 0x67, 0x83, 0x42, 0x1a, 0x8,
    0xe0, 0x46, 0x82, 0x34, 0x21, 0x9e, 0xc, 0x0,
    0x60, 0x3, 0x1f, 0x1b, 0x6, 0xe0, 0xe, 0x0,
    0x30, 0x1, 0x80, 0xc, 0x0, 0x60, 0x3, 0x0,
    0x1f, 0xff, 0x80,

    /* U+1F3B5 "🎵" */
    0x0, 0x38, 0x3e, 0x42, 0x3e, 0x1e, 0x10, 0x80,
    0x84, 0x4, 0x20, 0x21, 0x1, 0x8, 0x8, 0x47,
    0xce, 0x23, 0x91, 0x18, 0x87, 0x44, 0x1, 0xc0,
    0x0,

    /* U+1F3B6 "🎶" */
    0x1c, 0x7, 0x10, 0x4, 0x10, 0x4, 0x10, 0x4,
    0x10, 0xe4, 0x10, 0x84, 0x10, 0x84, 0x70, 0x9c,
    0x90, 0xa4, 0x90, 0xa4, 0x60, 0x98, 0x7, 0x80,
    0x8, 0x80, 0x4, 0x80, 0x7, 0x0,

    /* U+1F3B7 "🎷" */
    0xe0, 0x0, 0xf8, 0x0, 0x60, 0x1, 0x80, 0x3,
    0x0, 0xc, 0x0, 0x30, 0x0, 0xc0, 0x2, 0x80,
    0xa, 0x80, 0x2b, 0x80, 0xa9, 0x1, 0xa8, 0x6,
    0xa0, 0x16, 0x80, 0x4a, 0x1, 0x8, 0x4, 0x20,
    0x9, 0x80, 0x1c,

    /* U+1F3B8 "🎸" */
    0x0, 0x6, 0x0, 0xe, 0x0, 0x1c, 0x0, 0x20,
    0x2, 0x40, 0x6, 0x80, 0xd, 0x0, 0xa, 0x0,
    0x34, 0x0, 0x79, 0x80, 0xc4, 0x80, 0xd7, 0x0,
    0xba, 0x0, 0x82, 0x0, 0x7c, 0x0,

    /* U+1F3B9 "🎹" */
    0xff, 0xff, 0xa5, 0x55, 0xa5, 0x55, 0xa5, 0x55,
    0xa5, 0x55, 0xa5, 0x55, 0xa5, 0x55, 0xa5, 0x55,
    0xa5, 0x55, 0xa5, 0x55, 0xbd, 0xdd, 0x88, 0x89,
    0x88, 0x89, 0x88, 0x89, 0x88, 0x89, 0xff, 0xff,

    /* U+1F3BA "🎺" */
    0xc0, 0x0, 0x18, 0x0, 0x3, 0x5, 0x40, 0x50,
    0x0, 0xb, 0x5, 0x7, 0x1f, 0xfb, 0x60, 0x80,
    0xbd, 0xef, 0xf1, 0xcd, 0x55, 0x1a, 0xaa, 0xc3,
    0x2f, 0xe8, 0x2, 0x3, 0x0, 0x3f, 0x80, 0x2,
    0xa0, 0x0,

    /* U+1F3BB "🎻" */
    0x0, 0x1, 0x0, 0x0, 0x20, 0x0, 0x18, 0x0,
    0x19, 0x0, 0x4, 0x0, 0x2, 0x80, 0x3, 0x0,
    0xf, 0x0, 0x4, 0xa0, 0x1, 0x44, 0x3, 0x81,
    0x1, 0x0, 0x80, 0x98, 0xe0, 0x20, 0xd0, 0xa,
    0x50, 0x3, 0x44, 0x0, 0x62, 0x0, 0xf, 0x0,
    0x0,

    /* U+1F3BC "🎼" */
    0x1c, 0x48, 0x91, 0x22, 0x86, 0xc, 0x28, 0x9d,
    0x67, 0x2c, 0x58, 0xa8, 0x8f, 0x2, 0x34, 0x48,
    0x60,

    /* U+1F3BD "🎽" */
    0x30, 0x30, 0xb1, 0xc2, 0xbf, 0x9, 0xec, 0x20,
    0x71, 0x1, 0xa8, 0x6, 0x60, 0x39, 0x80, 0xc6,
    0x5, 0x18, 0x38, 0x61, 0xa1, 0x9d, 0x7, 0xd8,
    0x19, 0x80, 0x78, 0x1, 0x80, 0x6, 0x0, 0x18,
    0x0, 0x60, 0x1, 0x7f, 0xfc,

    /* U+1F3BE "🎾" */
    0x1, 0xf8, 0x0, 0x60, 0x60, 0x18, 0x1, 0x83,
    0x0, 0xc, 0x20, 0x0, 0x44, 0x0, 0x2, 0x41,
    0xf0, 0x28, 0x60, 0xc1, 0x8c, 0x6, 0x18, 0x80,
    0x21, 0x90, 0x1, 0x19, 0x0, 0x11, 0x90, 0x1,
    0x1d, 0x0, 0x12, 0x48, 0x3, 0x26, 0xc0, 0x26,
    0x36, 0x4, 0xc1, 0xb0, 0xd8, 0xf, 0xf, 0x0,
    0x3f, 0xc0,

    /* U+1F3BF "🎿" */
    0x0, 0x0, 0x10, 0x1c, 0x3, 0x0, 0x90, 0x6a,
    0x19, 0x8d, 0xe0, 0x72, 0xb4, 0x2, 0x90, 0xc0,
    0x8, 0x48, 0x0, 0x42, 0x4, 0x2, 0x8, 0xe0,
    0x20, 0xdc, 0x2, 0xb, 0xc0, 0x11, 0xb8, 0xf,
    0x77, 0x0, 0x48, 0xf0, 0x2, 0x3e, 0x0, 0x8,
    0xc0, 0x0, 0x38, 0x0, 0x0,

    /* U+1F3C0 "🏀" */
    0x1, 0xf8, 0x0, 0x64, 0x60, 0x18, 0x41, 0x83,
    0x4, 0x1c, 0x28, 0x42, 0x44, 0x44, 0x22, 0x44,
    0x42, 0x28, 0x24, 0x41, 0x82, 0x44, 0x18, 0x24,
    0x41, 0xff, 0xff, 0xf8, 0x24, 0x41, 0x82, 0x44,
    0x14, 0x44, 0x22, 0x44, 0x42, 0x22, 0x84, 0x14,
    0x38, 0x41, 0xc1, 0x84, 0x18, 0x6, 0x46, 0x0,
    0x1f, 0x80,

    /* U+1F3C1 "🏁" */
    0x80, 0x5, 0xe0, 0x36, 0xc1, 0x33, 0xfe, 0x67,
    0xf3, 0x3e, 0x66, 0x77, 0xb3, 0xc3, 0xfc, 0x0,
    0x20, 0x1, 0x0, 0x8, 0x0, 0x40, 0x2, 0x0,
    0x10, 0x0,

    /* U+1F3C2 "🏂" */
    0xe, 0x0, 0x14, 0x0, 0x13, 0xf8, 0x18, 0x0,
    0x44, 0x1, 0x8, 0x4, 0x88, 0x13, 0x10, 0x28,
    0x20, 0xa6, 0x40, 0x54, 0x84, 0xca, 0x7, 0x94,
    0x1, 0x28, 0x1, 0xb0, 0x0, 0x80, 0x0, 0xc0,
    0x0, 0x60,

    /* U+1F3C3 "🏃" */
    0x70, 0x2, 0x80, 0x1c, 0x0, 0x30, 0x3, 0x40,
    0xa, 0x3, 0x88, 0x0, 0x20, 0x11, 0x0, 0x88,
    0x9, 0xa0, 0x54, 0x85, 0x16, 0x28, 0x49, 0x41,
    0xea, 0x0, 0x60, 0x1, 0x0, 0x0,

    /* U+1F3C4 "🏄" */
    0x0, 0xe0, 0x0, 0xa, 0x0, 0x0, 0x40, 0x0,
    0x1f, 0xc0, 0x7, 0x2, 0x7, 0xc8, 0x98, 0x0,
    0x88, 0x40, 0x8, 0x80, 0x0, 0x88, 0x0, 0x10,
    0x80, 0x2, 0x68, 0x0, 0x2a, 0x80, 0x5, 0x28,
    0x0, 0x52, 0x98, 0x6, 0x29, 0x80, 0x62, 0x8c,
    0xc0, 0x13, 0x3, 0xf0, 0x59, 0x0, 0xc8, 0x20,
    0x7, 0x0,

    /* U+1F3C5 "🏅" */
    0x38, 0xfc, 0x29, 0x8, 0x14, 0x10, 0xa, 0x20,
    0x3, 0xe0, 0x4, 0x20, 0x7, 0xe0, 0x18, 0x18,
    0x31, 0xc, 0x61, 0x86, 0x41, 0x82, 0x82, 0x41,
    0x9c, 0x39, 0x88, 0x11, 0x84, 0x21, 0x84, 0x21,
    0x84, 0x21, 0x47, 0xe2, 0x64, 0x26, 0x30, 0xc,
    0x18, 0x18, 0x7, 0xe0,

    /* U+1F3C6 "🏆" */
    0x1f, 0xfc, 0x70, 0x6, 0x91, 0xc5, 0x92, 0x49,
    0x52, 0x4a, 0x31, 0x4c, 0x9, 0xd8, 0x8, 0x8,
    0x8, 0x10, 0x4, 0x30, 0x3, 0xc0, 0x0, 0x80,
    0x7, 0xf0, 0x4, 0x10, 0x4, 0x10, 0x7, 0xf0,

    /* U+1F3C7 "🏇" */
    0x6, 0x0, 0x0, 0xbf, 0x0, 0xf, 0xc, 0x2,
    0x4b, 0x40, 0x43, 0xe8, 0xf, 0x1f, 0x3c, 0x8,
    0xc0, 0x60, 0x8c, 0x5, 0x8, 0x4, 0x50, 0x80,
    0x2a, 0x8, 0xe, 0xa1, 0x5f, 0x59, 0x26, 0x5,
    0x83, 0xa0, 0x70, 0x37, 0x8, 0x1, 0x0, 0xc0,
    0x0, 0x0, 0x0,

    /* U+1F3C8 "🏈" */
    0x2, 0x0, 0x38, 0x2, 0xa0, 0x24, 0x83, 0xfe,
    0x11, 0x11, 0x8, 0x48, 0x42, 0x82, 0xc, 0x38,
    0x60, 0x83, 0x4, 0x18, 0x70, 0xc1, 0x6, 0x8,
    0x28, 0x42, 0x42, 0x11, 0x11, 0xf, 0xf8, 0x24,
    0x80, 0xa8, 0x3, 0x80,

    /* U+1F3C9 "🏉" */
    0x0, 0x3e, 0x0, 0xe0, 0x80, 0x80, 0xa1, 0x80,
    0x91, 0x0, 0x88, 0x8d, 0x84, 0x81, 0x84, 0x88,
    0xc2, 0x44, 0x91, 0x20, 0x89, 0x20, 0x80, 0x90,
    0x98, 0x88, 0x80, 0x84, 0x80, 0x82, 0x81, 0x80,
    0xcf, 0x0, 0x18, 0x0, 0x0,

    /* U+1F3CA "🏊" */
    0x0, 0x30, 0x0, 0x2, 0x40, 0x3, 0xa8, 0x0,
    0x16, 0x20, 0xc, 0xff, 0x83, 0x97, 0x83, 0xe0,
    0x1, 0x80, 0x0, 0xf0, 0x38, 0x0, 0x78, 0x0,
    0xc, 0x30, 0x0,

    /* U+1F3CB "🏋" */
    0xc1, 0xc3, 0xc1, 0x43, 0xbe, 0xff, 0xd2, 0x27,
    0xd5, 0xd7, 0xca, 0xb, 0x2, 0x40, 0x2, 0x0,
    0x2, 0x60, 0x4, 0x20, 0x5, 0xa0, 0x6, 0xa0,
    0x6, 0xa0, 0x6, 0xa0, 0x2, 0x60,

    /* U+1F3CC "🏌" */
    0xc7, 0x3, 0xe8, 0x15, 0xdc, 0x98, 0x14, 0xb0,
    0x9c, 0x80, 0x44, 0x2, 0x20, 0x11, 0x0, 0x88,
    0x8, 0x40, 0x5a, 0x2, 0xd0, 0x16, 0x80, 0xb4,
    0x5, 0x60, 0x32, 0x81, 0x94, 0xc, 0x60, 0x21,
    0x0,

    /* U+1F3CD "🏍" */
    0x0, 0x80, 0x0, 0x3c, 0x0, 0x46, 0xd8, 0xfe,
    0x47, 0x7b, 0x32, 0xa0, 0xf6, 0x8, 0x80, 0x40,
    0x32, 0xd, 0xf, 0x4d, 0xb0, 0x96, 0x16, 0x24,
    0x30, 0x41, 0x33, 0x7e, 0x90, 0xf0, 0x3, 0x0,

    /* U+1F3CE "🏎" */
    0x0, 0x0, 0xf8, 0x0, 0x44, 0x40, 0x7, 0xd2,
    0xf, 0xff, 0x13, 0xe0, 0x0, 0xf3, 0x0, 0x36,
    0x18, 0x2, 0xbe, 0xdf, 0xec,

    /* U+1F3CF "🏏" */
    0x0, 0x0, 0x0, 0x0, 0x60, 0x0, 0x28, 0x0,
    0x14, 0x0, 0x3a, 0x0, 0x11, 0x0, 0x8, 0x40,
    0x4, 0x10, 0x2, 0x8, 0x1, 0x4, 0x0, 0x82,
    0x0, 0x41, 0x0, 0x20, 0x80, 0x10, 0x40, 0x8,
    0x60, 0x2, 0x24, 0x0, 0xc9, 0x0, 0x1d, 0x80,
    0x0,

    /* U+1F3D0 "🏐" */
    0x3, 0xfc, 0x0, 0xe4, 0xf0, 0x1c, 0x49, 0x83,
    0x42, 0xcc, 0x26, 0x24, 0x44, 0xa1, 0x22, 0x4a,
    0xa, 0x29, 0x10, 0x51, 0x92, 0x8f, 0xda, 0x27,
    0x7, 0xc2, 0x20, 0x18, 0x42, 0x1, 0x84, 0x40,
    0x14, 0x85, 0xf2, 0x50, 0x60, 0xe2, 0x8, 0x4,
    0x31, 0x7c, 0xc1, 0xbe, 0xf8, 0x6, 0x6, 0x0,
    0x1f, 0x80,

    /* U+1F3D1 "🏑" */
    0x0, 0x1, 0x80, 0x1, 0x40, 0x1, 0x40, 0x0,
    0xa0, 0x0, 0xa0, 0x0, 0x60, 0x0, 0x50, 0x0,
    0x50, 0x0, 0x28, 0x0, 0x28, 0x0, 0x18, 0x0,
    0x14, 0x0, 0x14, 0x0, 0xa, 0x0, 0xa, 0x0,
    0xea, 0x0, 0x95, 0x6, 0x4d, 0x4, 0xa0, 0x82,
    0x48, 0x80, 0xc3, 0x80, 0x0,

    /* U+1F3D2 "🏒" */
    0x0, 0x0, 0x8, 0x0, 0x0, 0x50, 0x0, 0x2,
    0x0, 0x0, 0xa, 0x0, 0x0, 0x50, 0x0, 0x2,
    0x40, 0x0, 0xa, 0x0, 0x0, 0x50, 0x0, 0x1,
    0x40, 0x0, 0xa, 0x0, 0x0, 0x68, 0x0, 0x1,
    0x40, 0x0, 0xa, 0x0, 0x0, 0x28, 0x0, 0x1,
    0x40, 0x0, 0x5, 0x0, 0x0, 0x28, 0x1, 0xff,
    0x20, 0x8, 0x1, 0x3f, 0x20, 0x8, 0xc6, 0x80,
    0x22, 0xe8, 0xff, 0xf, 0xe0,

    /* U+1F3D3 "🏓" */
    0x0, 0x0, 0x0, 0xfe, 0x0, 0x40, 0x40, 0x20,
    0x8, 0x10, 0x1, 0x8, 0x0, 0x42, 0x0, 0x11,
    0x0, 0x2, 0x40, 0x1, 0x10, 0x0, 0x46, 0x0,
    0x1, 0x40, 0xc, 0x2c, 0x4, 0x85, 0xc1, 0x20,
    0x9c, 0x30, 0x28, 0xe0, 0x13, 0xe0, 0x9, 0x0,
    0x2, 0x40, 0x1, 0x10, 0x0, 0x28, 0x0, 0x0,

    /* U+1F3D4 "🏔" */
    0x8, 0x0, 0x14, 0x0, 0x12, 0x0, 0x21, 0x60,
    0x21, 0x50, 0x44, 0xb0, 0x39, 0x48, 0x46, 0x30,
    0x40, 0x8, 0x40, 0x8, 0x40, 0x18, 0x80, 0x14,
    0x80, 0x12, 0x0, 0x21,

    /* U+1F3D5 "🏕" */
    0x0, 0x7c, 0x0, 0x18, 0xc0, 0x4, 0xf, 0x0,
    0x80, 0x30, 0x50, 0x2, 0x14, 0x0, 0xc4, 0x80,
    0x20, 0x8f, 0xc, 0x24, 0x5f, 0x4, 0x96, 0x81,
    0x71, 0x60, 0x32, 0x28, 0xf, 0xff, 0x0,

    /* U+1F3D6 "🏖" */
    0x0, 0x0, 0x0, 0xfc, 0x0, 0xa5, 0x0, 0x92,
    0x80, 0x3d, 0x40, 0x3, 0x60, 0x1, 0x0, 0x0,
    0x80, 0xf, 0x40, 0x18, 0xe, 0x30, 0x0, 0xee,
    0x79, 0xc8, 0xc3, 0x0,

    /* U+1F3D7 "🏗" */
    0x3c, 0x0, 0x24, 0x0, 0x24, 0x0, 0xff, 0xff,
    0xa5, 0x49, 0xff, 0xff, 0x24, 0x8, 0x3c, 0x8,
    0x24, 0x7f, 0x3c, 0x7f, 0x24, 0x0, 0x24, 0x0,
    0x3c, 0x0, 0x24, 0x0, 0x24, 0x0, 0x3c, 0x0,

    /* U+1F3D8 "🏘" */
    0x0, 0x20, 0x3, 0xe0, 0x6, 0x30, 0x8, 0x30,
    0x3f, 0xe3, 0x40, 0x5f, 0xbe, 0xa1, 0x5d, 0x81,
    0x23, 0xfe, 0x3b, 0xfc, 0x6, 0xf8, 0xd, 0x10,
    0x1f, 0xe0, 0x0,

    /* U+1F3D9 "🏙" */
    0x38, 0x0, 0x3, 0x83, 0xc0, 0x38, 0x3f, 0xf3,
    0x83, 0xeb, 0x38, 0x1e, 0xbf, 0xff, 0xef, 0x95,
    0x5e, 0xbd, 0x55, 0xeb, 0xa5, 0x5e, 0xf8, 0x1,
    0xeb, 0x95, 0x5e, 0xba, 0x55, 0xef, 0x80, 0x1e,
    0x10,

    /* U+1F3DA "🏚" */
    0x0, 0x7, 0xe0, 0x5e, 0x6, 0x7c, 0x8c, 0x2f,
    0xff, 0x80, 0x18, 0x1, 0xbd, 0xdb, 0x6d, 0xa9,
    0xdd, 0x81, 0xe8, 0x1f, 0xff,

    /* U+1F3DB "🏛" */
    0x3, 0xc0, 0x6, 0x18, 0xc, 0x3, 0x1b, 0xfe,
    0x67, 0xff, 0xf1, 0xb2, 0xe0, 0xd9, 0x70, 0x6c,
    0xb8, 0x36, 0x5c, 0x1b, 0x2e, 0xd, 0x97, 0x6,
    0xcb, 0x83, 0x65, 0xc3, 0xff, 0xf3, 0xff, 0xff,
    0xff, 0xff,

    /* U+1F3DC "🏜" */
    0x3, 0x1c, 0x0, 0x92, 0x80, 0x23, 0xdc, 0x8,
    0x3b, 0x82, 0x3, 0x71, 0x80, 0x2b, 0x80, 0x5,
    0x80, 0x0, 0xa0, 0x7e, 0x0, 0x10, 0x33, 0xfc,
    0x1, 0x80, 0x0,

    /* U+1F3DD "🏝" */
    0x0, 0x38, 0x0, 0x2, 0x78, 0x0, 0x14, 0x20,
    0x1f, 0x56, 0x1, 0x3b, 0xc8, 0x6, 0x85, 0x0,
    0x7b, 0xd8, 0x3, 0xc, 0xe0, 0x14, 0x60, 0x0,
    0x3, 0x80, 0x0, 0x4, 0x0, 0x0, 0xc8, 0x0,
    0x76, 0x30, 0x4, 0x0, 0x41, 0xcf, 0x3b, 0xd1,
    0x86, 0x21,

    /* U+1F3DE "🏞" */
    0x8, 0x0, 0x1, 0x40, 0x0, 0x16, 0x0, 0x2,
    0x78, 0x0, 0x20, 0xc1, 0xc2, 0x9, 0xa2, 0x20,
    0xa6, 0x14, 0x12, 0x22, 0x42, 0x44, 0xe7, 0x1b,
    0x88, 0x8e, 0x48, 0x80, 0x0, 0x80,

    /* U+1F3DF "🏟" */
    0x1, 0x8c, 0x0, 0xe7, 0x78, 0x72, 0x2, 0xea,
    0x20, 0x29, 0x82, 0x2, 0x18, 0x6, 0x1, 0x80,
    0x90, 0x16, 0xa9, 0x5a, 0x6a, 0x95, 0xa7, 0xff,
    0xfe,

    /* U+1F3E0 "🏠" */
    0x0, 0x0, 0x60, 0x3b, 0x3, 0x8, 0x60, 0x48,
    0x3, 0xff, 0xf8, 0x1, 0x80, 0x1b, 0xdd, 0xa5,
    0x5a, 0x5d, 0xa4, 0x1a, 0x41, 0xff, 0xf0,

    /* U+1F3E1 "🏡" */
    0xf, 0x0, 0x1, 0x8, 0x0, 0x30, 0xc0, 0x2,
    0x3, 0xf0, 0x20, 0x14, 0x8c, 0x1, 0x4, 0x80,
    0x20, 0x2c, 0x2, 0xff, 0x7c, 0xc0, 0x10, 0xb2,
    0xfd, 0x6, 0x2b, 0xd0, 0x42, 0xa1, 0x4, 0x2a,
    0x10, 0x43, 0xff,

    /* U+1F3E2 "🏢" */
    0xff, 0xff, 0xf5, 0x4, 0xa6, 0xa4, 0x94, 0xde,
    0x5b, 0xd8, 0x0, 0x3, 0x50, 0x4a, 0x6a, 0x49,
    0x4d, 0xe5, 0xbd, 0x80, 0x0, 0x35, 0x3e, 0xa6,
    0xf5, 0x5e, 0xc0, 0xa8, 0x1f, 0xff, 0xfe,

    /* U+1F3E3 "🏣" */
    0xff, 0xc0, 0x80, 0x40, 0xbe, 0x40, 0x80, 0x40,
    0xbe, 0x40, 0xbe, 0x7f, 0x88, 0x65, 0x88, 0x67,
    0x80, 0x41, 0x8a, 0x65, 0x8a, 0x65, 0x80, 0x41,
    0xbe, 0x65, 0xaa, 0x65, 0xaa, 0x41, 0xff, 0xff,

    /* U+1F3E4 "🏤" */
    0xff, 0xff, 0x84, 0x29, 0xa5, 0x29, 0xa7, 0x2d,
    0x80, 0x9, 0xa1, 0xc9, 0xa1, 0xed, 0x86, 0x61,
    0xa7, 0xe9, 0xa3, 0xc9, 0x80, 0x1, 0xa3, 0xe9,
    0xa3, 0x29, 0x83, 0x21, 0xff, 0xff,

    /* U+1F3E5 "🏥" */
    0x1f, 0xf8, 0x10, 0x8, 0x13, 0x88, 0x12, 0x88,
    0xf4, 0x4f, 0x96, 0xcd, 0xd2, 0x8d, 0xd1, 0xd,
    0x90, 0x9, 0x90, 0xd, 0xd0, 0xd, 0xd7, 0xcd,
    0x95, 0x4d, 0xd5, 0x4d, 0x95, 0x49, 0xff, 0xff,

    /* U+1F3E6 "🏦" */
    0x1, 0x0, 0x6, 0xc0, 0x18, 0x30, 0xff, 0xff,
    0x80, 0x1, 0xff, 0xff, 0x5b, 0x2a, 0x5d, 0xea,
    0x5d, 0xea, 0x5b, 0xaa, 0x58, 0x2a, 0x58, 0x2a,
    0x5f, 0xea, 0x5d, 0x6a, 0x5d, 0x6a, 0x7f, 0xfe,

    /* U+1F3E7 "🏧" */
    0xff, 0xfe, 0x5c, 0x5b, 0x25, 0x6a, 0x9d, 0x9a,
    0x76, 0x0, 0x1f, 0xeb, 0x70, 0xd1, 0xc2, 0x7,
    0xa, 0xdc, 0x34, 0x6f, 0x81, 0xff, 0xf7, 0x0,
    0x5f, 0xff, 0xc0,

    /* U+1F3E8 "🏨" */
    0xf, 0xff, 0x87, 0xd0, 0x7, 0xe2, 0xa4, 0xab,
    0x55, 0xb5, 0x5a, 0xbf, 0xea, 0xd6, 0x76, 0xd6,
    0xb6, 0x96, 0xb5, 0x7f, 0xf7, 0x8b, 0x6, 0x8d,
    0x5b, 0xb5, 0x6a, 0xdd, 0xab, 0x16, 0xed, 0x1f,
    0xff, 0xff, 0x80,

    /* U+1F3E9 "🏩" */
    0xff, 0xe0, 0x19, 0xe6, 0x89, 0x94, 0x63, 0x18,
    0x6, 0x5, 0xc9, 0x6b, 0x78, 0x7, 0x25, 0xa9,
    0x60, 0x1b, 0xd7, 0x55, 0xd5, 0x7f, 0xf0,

    /* U+1F3EA "🏪" */
    0x38, 0x0, 0x15, 0x0, 0xd, 0xff, 0xfe, 0xb0,
    0x1, 0x90, 0x0, 0x6e, 0xff, 0xfb, 0xa4, 0x4e,
    0xe9, 0x13, 0xff, 0xff, 0xc0,

    /* U+1F3EB "🏫" */
    0x0, 0x40, 0x0, 0xa, 0x0, 0x3f, 0x1f, 0xc4,
    0x7f, 0xc4, 0x7e, 0x67, 0xea, 0xbd, 0xaa, 0xab,
    0x5a, 0xa8, 0x31, 0x82, 0xaa, 0xea, 0xaa, 0xaf,
    0xaa, 0xbf, 0x5b, 0xaa, 0xb5, 0xaa, 0x7f, 0x5f,
    0xe8, 0x3f, 0x81, 0xff, 0xff, 0xf0,

    /* U+1F3EC "🏬" */
    0xff, 0xff, 0xff, 0xf9, 0x22, 0x64, 0x89, 0x92,
    0x27, 0xff, 0xf9, 0x22, 0x64, 0x89, 0xff, 0xfe,
    0x48, 0x99, 0x22, 0x7f, 0xff, 0xff, 0x7f, 0x35,
    0x3c, 0xd4, 0xff, 0xff,

    /* U+1F3ED "🏭" */
    0x0, 0x10, 0x0, 0x2, 0x0, 0x0, 0x60, 0x0,
    0x68, 0x0, 0x4, 0x0, 0x1, 0xc0, 0x0, 0x50,
    0x0, 0x14, 0x24, 0x85, 0x15, 0xb1, 0x4f, 0xff,
    0xfe, 0x0, 0x1, 0xbf, 0xff, 0x70, 0xd6, 0xdb,
    0xff, 0xf6, 0xf8, 0x1, 0xff, 0xff, 0xc0,

    /* U+1F3EE "🏮" */
    0x3f, 0x83, 0xfc, 0x60, 0x6c, 0x3, 0x80, 0x18,
    0xf1, 0x89, 0x18, 0x91, 0x8f, 0x18, 0x91, 0x89,
    0x18, 0xf1, 0x8f, 0x18, 0x91, 0x89, 0x18, 0xf1,
    0xc0, 0x34, 0x6, 0x3f, 0xc2, 0x0, 0x3f, 0x80,

    /* U+1F3EF "🏯" */
    0x3, 0xe0, 0x4, 0x10, 0xf, 0xf8, 0x4, 0x50,
    0x6, 0x50, 0x5, 0x50, 0xf, 0xf8, 0x8, 0x88,
    0x1f, 0x7c, 0x12, 0x28, 0x17, 0x58, 0x3c, 0x1e,
    0x23, 0xe2, 0xff, 0xff, 0x29, 0xe2, 0x2b, 0x6a,
    0x3f, 0xfe,

    /* U+1F3F0 "🏰" */
    0x0, 0x40, 0x2, 0xc, 0x8, 0x30, 0xa0, 0xc5,
    0x1f, 0x14, 0xf9, 0x13, 0xe8, 0x9f, 0x23, 0xf9,
    0x63, 0xf4, 0x96, 0x24, 0x68, 0x2, 0x47, 0xff,
    0xec, 0x48, 0x2, 0x44, 0x8e, 0x24, 0x48, 0xe2,
    0x44, 0x8e, 0x24, 0x7f, 0xff, 0xc0,

    /* U+1F3F3 "🏳" */
    0x80, 0xf, 0xe0, 0x81, 0xe8, 0x1, 0x80, 0x18,
    0x1, 0x80, 0x1b, 0xe1, 0xc1, 0xf8, 0x0, 0x80,
    0x8, 0x0, 0x80, 0x8, 0x0, 0x80, 0x8, 0x0,

    /* U+1F3F4 "🏴" */
    0x0, 0x9, 0xe0, 0xbf, 0x8b, 0xff, 0xbf, 0xfb,
    0xff, 0xbf, 0xfa, 0xbf, 0x95, 0x78, 0x8, 0x80,
    0x8, 0x0, 0x80, 0x8, 0x0, 0x80, 0x8, 0x0,

    /* U+1F3F5 "🏵" */
    0x1, 0xc0, 0x0, 0x88, 0x0, 0xc1, 0xc0, 0x4c,
    0x88, 0x20, 0xc3, 0x8, 0x0, 0xc2, 0x1e, 0x21,
    0x8b, 0x4a, 0x93, 0x34, 0x64, 0xcd, 0x1a, 0x3d,
    0x25, 0x87, 0x8a, 0x20, 0x3, 0x8, 0x20, 0xc2,
    0x14, 0x20, 0x78, 0xf0, 0x2, 0x20, 0x0, 0x70,
    0x0,

    /* U+1F3F7 "🏷" */
    0xf, 0xff, 0xe7, 0x0, 0x7, 0x0, 0x0, 0xc0,
    0x0, 0x18, 0x0, 0x3, 0x60, 0x0, 0x72, 0x0,
    0xe, 0x40, 0x1, 0xb0, 0x0, 0x30, 0x0, 0x6,
    0x0, 0x0, 0xe0, 0x0, 0x13, 0x0, 0x2, 0x1f,
    0xff, 0xc0,

    /* U+1F3F8 "🏸" */
    0x38, 0x2, 0x20, 0x20, 0x81, 0x4, 0x8, 0x20,
    0x41, 0x3, 0x18, 0xf, 0x80, 0x38, 0x0, 0x80,
    0x4, 0x0, 0x20, 0x1, 0x0, 0x8, 0x0, 0x81,
    0x84, 0xc, 0x30, 0x61, 0x82, 0x8c, 0x24, 0x62,
    0x23, 0x1e, 0x80,

    /* U+1F3F9 "🏹" */
    0x0, 0xe, 0xfe, 0xf, 0xff, 0x2e, 0x8f, 0x80,
    0x87, 0x0, 0x8f, 0x0, 0xa6, 0x0, 0x8e, 0x2,
    0x8c, 0x8, 0x98, 0x20, 0xb0, 0x80, 0xe0, 0x0,
    0xc0, 0x2, 0x80, 0x6, 0x0,

    /* U+1F3FA "🏺" */
    0x1f, 0xc1, 0x8, 0x7f, 0xe9, 0xa, 0xa0, 0x64,
    0x2, 0x80, 0x38, 0x1, 0xb7, 0xdb, 0x3d, 0xff,
    0xfc, 0x3, 0x7f, 0xe4, 0x2, 0x20, 0x42, 0x8,
    0x10, 0x81, 0xfc, 0x1f, 0xc0,

    /* U+1F3FB "🏻" */
    0xff, 0xff, 0x80, 0x1, 0x80, 0x1, 0x80, 0x1,
    0x80, 0x1, 0x80, 0x1, 0x80, 0x1, 0x80, 0x1,
    0x80, 0x1, 0x80, 0x1, 0x80, 0x1, 0x80, 0x1,
    0x80, 0x1, 0x80, 0x1, 0x80, 0x1, 0xff, 0xff,

    /* U+1F3FC "🏼" */
    0xff, 0xff, 0x80, 0x1, 0x80, 0x1, 0x80, 0x1,
    0x80, 0x1, 0x80, 0x1, 0x80, 0x1, 0x80, 0x1,
    0x80, 0x1, 0x80, 0x1, 0x80, 0x1, 0x80, 0x1,
    0x80, 0x1, 0x80, 0x1, 0x80, 0x1, 0xff, 0xff,

    /* U+1F3FD "🏽" */
    0xff, 0xff, 0x80, 0x1, 0x80, 0x1, 0x80, 0x1,
    0x80, 0x1, 0x80, 0x1, 0x80, 0x1, 0x80, 0x1,
    0x80, 0x1, 0x80, 0x1, 0x80, 0x1, 0x80, 0x1,
    0x80, 0x1, 0x80, 0x1, 0x80, 0x1, 0xff, 0xff,

    /* U+1F3FE "🏾" */
    0xff, 0xff, 0x80, 0x1, 0x80, 0x1, 0x80, 0x1,
    0x80, 0x1, 0x80, 0x1, 0x80, 0x1, 0x80, 0x1,
    0x80, 0x1, 0x80, 0x1, 0x80, 0x1, 0x80, 0x1,
    0x80, 0x1, 0x80, 0x1, 0x80, 0x1, 0xff, 0xff,

    /* U+1F3FF "🏿" */
    0xff, 0xff, 0x80, 0x1, 0x80, 0x1, 0x80, 0x1,
    0x80, 0x1, 0x80, 0x1, 0x80, 0x1, 0x80, 0x1,
    0x80, 0x1, 0x80, 0x1, 0x80, 0x1, 0x80, 0x1,
    0x80, 0x1, 0x80, 0x1, 0x80, 0x1, 0xff, 0xff,

    /* U+1F400 "🐀" */
    0xe, 0x0, 0x3, 0x9f, 0xf8, 0x21, 0x0, 0x21,
    0x80, 0x8, 0x83, 0x88, 0x82, 0x0, 0x48, 0x10,
    0x12, 0x40, 0x40, 0x92, 0x2, 0x5, 0x10, 0x10,
    0x51, 0x32, 0x81, 0x6, 0x68, 0x1f, 0xe0, 0x87,
    0x0, 0xf8, 0x0,

    /* U+1F401 "🐁" */
    0x3, 0x80, 0x1, 0x98, 0x0, 0x63, 0xe0, 0xe0,
    0x84, 0x40, 0x20, 0xa0, 0x30, 0x24, 0x0, 0x8,
    0xf0, 0x2, 0x6, 0x40, 0x81, 0xa0, 0xa0, 0x77,
    0x88, 0x70, 0xc, 0x23, 0xfc, 0x8, 0x0, 0x1,
    0x80, 0x0,

    /* U+1F402 "🐂" */
    0x8, 0x0, 0x0, 0x80, 0x0, 0x8f, 0xf8, 0x7,
    0x0, 0x7c, 0x20, 0x40, 0x24, 0x4, 0x2, 0x30,
    0x41, 0x20, 0xd4, 0x15, 0x5, 0x41, 0x50, 0x35,
    0xb7, 0x1, 0x45, 0xa0, 0x14, 0x1a, 0x0, 0x80,
    0x40,

    /* U+1F403 "🐃" */
    0x41, 0x60, 0x5, 0xec, 0xdf, 0x10, 0x80, 0x4,
    0x4c, 0x40, 0x24, 0x62, 0x13, 0x20, 0x10, 0x98,
    0xe4, 0x82, 0xc0, 0xa7, 0xb6, 0x3, 0x52, 0x58,
    0x6, 0x82, 0x80, 0x54, 0x14, 0x2, 0xa0, 0xc0,
    0xa, 0x6, 0x0,

    /* U+1F404 "🐄" */
    0x8, 0x0, 0x7, 0x3f, 0xfc, 0x4c, 0x0, 0x28,
    0xc0, 0x2, 0x80, 0x42, 0x6f, 0x84, 0x26, 0xa,
    0x42, 0x60, 0x94, 0x15, 0x7, 0x9f, 0xa0, 0x18,
    0x1a, 0x1, 0x82, 0xa0, 0x18, 0x14,

    /* U+1F405 "🐅" */
    0x0, 0x0, 0x0, 0xf, 0xf0, 0x1f, 0xc5, 0x61,
    0x69, 0xa9, 0x8, 0xc, 0x94, 0x59, 0x64, 0xa3,
    0x49, 0xe9, 0x2, 0x70, 0xc8, 0x2d, 0x7, 0xa8,
    0xa8, 0x32, 0x89, 0x41, 0x94, 0x4, 0xc, 0x40,

    /* U+1F406 "🐆" */
    0x18, 0x0, 0x3, 0x7f, 0xf8, 0x11, 0x12, 0x21,
    0x20, 0x84, 0x86, 0xda, 0x2c, 0x6, 0x4c, 0x50,
    0x2b, 0xd1, 0xc2, 0xe1, 0x6b, 0x13, 0x6, 0xc0,
    0x98, 0x55, 0x2, 0xc0, 0x10,

    /* U+1F407 "🐇" */
    0x0, 0x0, 0x7, 0x80, 0x3, 0x20, 0x0, 0xc8,
    0x0, 0x24, 0x0, 0x1a, 0x0, 0x8, 0x5e, 0x2,
    0x8, 0x40, 0x80, 0x8, 0x32, 0x1, 0x3, 0x0,
    0x41, 0x0, 0x8, 0x32, 0x2, 0x2, 0x90, 0xa1,
    0x58, 0x24, 0x73, 0xf2, 0x0, 0x0, 0x0,

    /* U+1F408 "🐈" */
    0x0, 0x0, 0x10, 0x0, 0x1, 0x0, 0x0, 0x10,
    0xe0, 0x0, 0x84, 0xff, 0x84, 0x40, 0x3, 0xc2,
    0x20, 0x0, 0xd, 0x0, 0x10, 0x9, 0x0, 0x80,
    0x4b, 0x89, 0xd, 0xa2, 0xc8, 0x57, 0x15, 0xc1,
    0x30, 0xc6, 0x1, 0x84, 0x20,

    /* U+1F409 "🐉" */
    0x1, 0x0, 0x0, 0xb8, 0x0, 0x1, 0x0, 0x4,
    0x30, 0x2, 0x3c, 0x0, 0x8d, 0x80, 0x27, 0xb9,
    0xe5, 0xe, 0xc1, 0x38, 0xc8, 0x22, 0x7, 0x20,
    0x40, 0x76, 0x50, 0x0, 0xb4, 0x0, 0x1c, 0x0,
    0x37, 0x40, 0x7, 0xa0, 0x0, 0x48, 0x0, 0x1c,
    0x0, 0x4, 0x0, 0x1, 0x0, 0x0, 0x0, 0x0,

    /* U+1F40A "🐊" */
    0x1e, 0x0, 0x1, 0xc, 0x0, 0x11, 0xe0, 0x1,
    0x1f, 0xfc, 0x8, 0x0, 0x18, 0x21, 0x82, 0x3d,
    0x14, 0x50, 0x26, 0xdb, 0x7e, 0x3, 0x1c, 0x0,

    /* U+1F40B "🐋" */
    0x0, 0x0, 0x1f, 0xf0, 0x30, 0x6, 0xe, 0x0,
    0x84, 0x80, 0x21, 0x34, 0x10, 0x45, 0x84, 0x5c,
    0x82, 0x2a, 0xa1, 0x15, 0x48, 0x8c, 0xc4, 0x80,
    0xc, 0x80, 0xc, 0x40, 0x1, 0x90, 0x0, 0x28,
    0x0, 0x8,

    /* U+1F40C "🐌" */
    0x0, 0x0, 0x87, 0xc1, 0x44, 0x10, 0x64, 0xc4,
    0x52, 0x92, 0x49, 0x45, 0x44, 0x82, 0xa4, 0x22,
    0x64, 0xe, 0x64, 0x0, 0x4, 0x3c, 0x7c, 0x1,
    0xc0, 0x0,

    /* U+1F40D "🐍" */
    0x0, 0x70, 0x0, 0x44, 0x0, 0x22, 0x0, 0x13,
    0x0, 0xa, 0x70, 0x4, 0x90, 0x2, 0x40, 0x1,
    0x20, 0x0, 0x90, 0x1f, 0x48, 0x10, 0x44, 0x13,
    0xc4, 0x8, 0x2, 0xc4, 0x1, 0x19, 0xff, 0x7c,

    /* U+1F40E "🐎" */
    0x38, 0x0, 0x1, 0x30, 0x0, 0x10, 0x40, 0x0,
    0x81, 0x0, 0xb, 0x7, 0xfe, 0x24, 0x0, 0x18,
    0x20, 0x0, 0x41, 0x0, 0x2, 0x8, 0x2, 0x50,
    0x26, 0xd2, 0x80, 0xa9, 0x54, 0x5, 0x5, 0xa0,
    0x58, 0x2d, 0x2, 0xc2, 0x64, 0x16, 0x13, 0x0,
    0xd1, 0x68, 0x0, 0x85, 0x80,

    /* U+1F40F "🐏" */
    0x0, 0x0, 0x0, 0xf0, 0x0, 0xd, 0x40, 0x0,
    0xaa, 0x0, 0xd, 0xac, 0x70, 0x3a, 0x1c, 0x68,
    0x40, 0x0, 0xa2, 0x0, 0x85, 0x8, 0x4, 0x20,
    0x44, 0x21, 0x1, 0x21, 0x10, 0x5, 0x7c, 0x80,
    0x28, 0x14, 0x1, 0x40, 0xa0, 0xc, 0x5, 0x0,
    0x60, 0x28, 0x0, 0x1, 0xc0,

    /* U+1F410 "🐐" */
    0xc, 0x0, 0x7, 0x20, 0x0, 0x48, 0x0, 0x8,
    0xc0, 0x0, 0x94, 0x0, 0x5, 0x2f, 0xe1, 0x51,
    0x1, 0xa0, 0x80, 0x4, 0xc, 0x0, 0x40, 0x40,
    0x44, 0x4, 0x8, 0x80, 0x2c, 0xd0, 0x1, 0xba,
    0x80, 0x18, 0x68, 0x1, 0x86, 0x80, 0x18, 0x68,
    0x1, 0x8b, 0x0, 0x10, 0xd0,

    /* U+1F411 "🐑" */
    0x1c, 0x0, 0x0, 0x88, 0x0, 0x4, 0x5f, 0xfc,
    0x20, 0x0, 0xc, 0x70, 0x0, 0x14, 0x20, 0x0,
    0x30, 0xc0, 0x1, 0x41, 0x0, 0x3, 0x4, 0x20,
    0x14, 0xc, 0x82, 0x50, 0x1b, 0xf5, 0x40, 0x68,
    0xa, 0x1, 0xa0, 0x28, 0x6, 0x80, 0xc0, 0x1a,
    0x3, 0x0, 0x10, 0xc,

    /* U+1F412 "🐒" */
    0x0, 0x4, 0x0, 0x1, 0xa0, 0x0, 0x11, 0x0,
    0x1, 0x0, 0x0, 0xe, 0x0, 0x3e, 0x10, 0x4,
    0x38, 0x80, 0x42, 0x70, 0x7, 0xa0, 0x0, 0x52,
    0x8, 0x3, 0x10, 0x80, 0x29, 0x10, 0x4, 0x4b,
    0x0, 0x92, 0xc8, 0x73, 0x56, 0x6b, 0xcd, 0xde,
    0x41, 0x24, 0x50, 0xc, 0x86,

    /* U+1F413 "🐓" */
    0x38, 0x0, 0x24, 0x0, 0x12, 0x0, 0x8, 0x80,
    0x8, 0x41, 0x82, 0x63, 0x31, 0x49, 0x4, 0xc4,
    0x82, 0x29, 0x81, 0x14, 0x20, 0x8a, 0xe, 0xc5,
    0x82, 0xc1, 0x23, 0x40, 0x6f, 0x0, 0xf, 0x0,
    0x4, 0x80, 0x4, 0x80, 0x0,

    /* U+1F414 "🐔" */
    0x0, 0x0, 0x3, 0xf0, 0x2, 0x48, 0x1, 0x7,
    0x0, 0x80, 0x80, 0x3f, 0x80, 0x18, 0x40, 0x10,
    0x10, 0x10, 0x4, 0x8, 0x2, 0x9, 0x5, 0x4,
    0x7c, 0x42, 0x42, 0x21, 0x21, 0x10, 0x90, 0x88,
    0x44, 0x84, 0x11, 0x44, 0x6, 0x4c, 0x0, 0xfc,
    0x0,

    /* U+1F415 "🐕" */
    0x10, 0x2, 0x6, 0x0, 0x66, 0x40, 0xa, 0x8,
    0x2, 0xe2, 0x0, 0x88, 0xff, 0xc2, 0x0, 0x0,
    0x80, 0x0, 0x21, 0x0, 0x84, 0x42, 0x22, 0x90,
    0x49, 0x57, 0xf2, 0x45, 0xa, 0x91, 0x41, 0x63,
    0x60, 0x58, 0x28, 0x16, 0x6, 0x3, 0x80,

    /* U+1F416 "🐖" */
    0x0, 0x1c, 0x0, 0x7, 0x18, 0x0, 0xc0, 0x30,
    0x18, 0x0, 0xa1, 0x0, 0x2, 0x14, 0x40, 0x10,
    0xa1, 0x0, 0x84, 0x8, 0x24, 0xc2, 0xfe, 0xa2,
    0x15, 0x15, 0xe, 0xc8, 0xe8, 0xb, 0x4c, 0xc0,
    0x4, 0x4, 0x0,

    /* U+1F417 "🐗" */
    0x3, 0xc0, 0x0, 0xc3, 0xc0, 0x13, 0x3, 0x6,
    0x10, 0xc, 0x82, 0x0, 0x4c, 0x0, 0x5, 0xe4,
    0x0, 0x57, 0x80, 0x5, 0x6, 0x0, 0xa0, 0x13,
    0x28, 0x1, 0x4d, 0x40, 0x1c, 0x18, 0x2, 0xc1,
    0x80, 0x2c, 0x18, 0x1, 0xc0, 0x80,

    /* U+1F418 "🐘" */
    0x1, 0x0, 0x0, 0x76, 0x78, 0x4, 0x1c, 0x20,
    0x40, 0x80, 0x82, 0x4, 0x2, 0x10, 0x20, 0x18,
    0x93, 0x0, 0xc9, 0x50, 0x6, 0x49, 0x0, 0x31,
    0x90, 0x1, 0x39, 0x9f, 0xc8, 0x4c, 0x85, 0x41,
    0xd4, 0x4a, 0x1, 0x22, 0x50, 0x6, 0xb, 0x0,

    /* U+1F419 "🐙" */
    0x0, 0xf0, 0x0, 0x21, 0x0, 0x8, 0x10, 0x1,
    0x2, 0x3, 0x20, 0x4c, 0xa4, 0xa, 0x84, 0x82,
    0x20, 0x88, 0x44, 0x11, 0x68, 0x82, 0x2d, 0x11,
    0xba, 0x8d, 0xc8, 0x48, 0xd6, 0x70, 0xe4, 0x10,
    0x2, 0x2, 0x42, 0x40, 0x30, 0x30,

    /* U+1F41A "🐚" */
    0x6, 0x2, 0x43, 0xf9, 0x2, 0x40, 0x94, 0x25,
    0x9, 0x42, 0x30, 0x84, 0x21, 0x8, 0x24, 0x9,
    0x1, 0x80,

    /* U+1F41B "🐛" */
    0x0, 0xfc, 0x0, 0x38, 0xbe, 0x6, 0x4a, 0x48,
    0x52, 0x54, 0x26, 0x92, 0xa1, 0x54, 0x95, 0x16,
    0x52, 0xa4, 0xaa, 0xea, 0xae, 0x20, 0xe, 0x80,

    /* U+1F41C "🐜" */
    0x6, 0x0, 0x60, 0x47, 0x14, 0x8a, 0x28, 0xa1,
    0xfc, 0xc5, 0x13, 0xfe, 0x1d, 0x82, 0x94, 0x48,
    0xa4, 0x8a, 0x49, 0x20, 0xd0, 0x6, 0x0,

    /* U+1F41D "🐝" */
    0x1e, 0x0, 0x0, 0x8c, 0x0, 0x1b, 0xd0, 0xcd,
    0x1, 0xf9, 0x84, 0x3, 0x7, 0x9c, 0x0, 0x20,
    0x1f, 0x2, 0x0, 0x80, 0xc0, 0x4, 0x36, 0x0,
    0x41, 0xb0, 0x2, 0xc, 0x0, 0xc, 0x60, 0x0,
    0x4, 0x0, 0x0,

    /* U+1F41E "🐞" */
    0x4, 0x20, 0xf, 0x80, 0x11, 0x80, 0x41, 0x2,
    0x82, 0x44, 0xfc, 0x86, 0x46, 0x8, 0x84, 0x29,
    0x25, 0x42, 0x9, 0x95, 0x19, 0x8, 0x22, 0x92,
    0x42, 0x21, 0xe, 0x46, 0x17, 0xba, 0x3, 0xc0,

    /* U+1F41F "🐟" */
    0x0, 0xf0, 0x0, 0x22, 0x6, 0x8, 0x42, 0x66,
    0xc, 0x86, 0x0, 0x91, 0x10, 0x14, 0x4, 0x5,
    0x81, 0x2, 0x84, 0x0, 0x61, 0x80, 0x29, 0x98,
    0x31, 0x81, 0x90, 0x0, 0x48, 0x0, 0xc, 0x0,

    /* U+1F420 "🐠" */
    0x1f, 0xc0, 0x7c, 0x98, 0x1, 0xa2, 0x0, 0x51,
    0x81, 0x2b, 0xa3, 0xe2, 0xd0, 0x91, 0x2c, 0x29,
    0x55, 0x14, 0x8b, 0xa, 0x45, 0x5, 0x22, 0x83,
    0x62, 0x80, 0x22, 0x80, 0x22, 0x80, 0xf, 0x80,

    /* U+1F421 "🐡" */
    0x0, 0x0, 0x0, 0xfb, 0x80, 0x30, 0xd0, 0x18,
    0x4, 0x2, 0x0, 0x6c, 0xc0, 0xa, 0xb0, 0x0,
    0x92, 0x0, 0x12, 0xd1, 0x66, 0x4d, 0x6b, 0x49,
    0xd2, 0x99, 0x12, 0x12, 0xc1, 0x2a, 0x80, 0x38,
    0x70, 0x1, 0xfa, 0x0,

    /* U+1F422 "🐢" */
    0xf0, 0x38, 0x9, 0x1c, 0x70, 0x96, 0x41, 0x85,
    0x8a, 0x18, 0x49, 0xe, 0x42, 0x51, 0x14, 0x12,
    0x11, 0x40, 0xd9, 0x14, 0x14, 0x7f, 0xb2, 0x9c,
    0x0, 0x29, 0x3d, 0x44, 0xa0, 0x54, 0x5e, 0x7,
    0xc0,

    /* U+1F423 "🐣" */
    0x0, 0x0, 0x0, 0x50, 0x0, 0x1e, 0x0, 0x8,
    0x40, 0x4, 0x8, 0x1, 0xda, 0x0, 0xb6, 0x40,
    0x26, 0x10, 0x9, 0x84, 0x0, 0x10, 0xed, 0xeb,
    0x46, 0x84, 0x21, 0x80, 0x0, 0x50, 0x0, 0x24,
    0x0, 0x8, 0x80, 0x4, 0x10, 0x2, 0x3, 0x3,
    0x0, 0x3f, 0x0,

    /* U+1F424 "🐤" */
    0x5, 0x80, 0x3, 0xc0, 0xc, 0x30, 0x10, 0x18,
    0x20, 0x8, 0x20, 0x4, 0x46, 0x34, 0x46, 0x34,
    0x40, 0x2, 0x81, 0xc2, 0x82, 0x62, 0x81, 0x42,
    0x40, 0x84, 0x20, 0xc, 0x18, 0x10, 0x5, 0xe0,
    0x0, 0x0,

    /* U+1F425 "🐥" */
    0xe, 0x2, 0x20, 0x82, 0x14, 0x42, 0x98, 0x8c,
    0x91, 0x91, 0x4, 0x51, 0x92, 0x2a, 0x82, 0xe0,
    0x34, 0x0, 0x41, 0x87, 0xc0, 0xd8,

    /* U+1F426 "🐦" */
    0x0, 0x1c, 0x0, 0x11, 0xc0, 0x0, 0xc0, 0x4,
    0x80, 0x1d, 0x40, 0x13, 0xa0, 0x31, 0x50, 0x23,
    0x50, 0x23, 0x68, 0x20, 0xd8, 0x3f, 0x38, 0x0,
    0x10, 0x0, 0x8, 0x0, 0xf, 0x0,

    /* U+1F427 "🐧" */
    0x0, 0x40, 0x1, 0xb8, 0x1, 0x8, 0x1, 0x0,
    0x1, 0xe0, 0x1, 0x20, 0x2, 0x20, 0x2, 0x10,
    0x6, 0x28, 0xc, 0x18, 0x14, 0x14, 0x2c, 0x12,
    0x34, 0x1a, 0x64, 0x25, 0x44, 0x23, 0x44, 0x21,
    0x2, 0x20, 0x2, 0x40, 0x5, 0xd0, 0xe, 0x38,
    0x0, 0x0,

    /* U+1F428 "🐨" */
    0x1, 0xc3, 0xf2, 0x20, 0x11, 0x19, 0x86, 0xc8,
    0x10, 0xa0, 0x78, 0x84, 0x2, 0x24, 0x91, 0x28,
    0x45, 0x42, 0x28, 0x10, 0xbc, 0x86, 0x8, 0x24,
    0x41, 0x2c, 0x7, 0x0,

    /* U+1F429 "🐩" */
    0x1e, 0x0, 0x11, 0x7, 0xe1, 0x9, 0x89, 0x8,
    0xe9, 0x4, 0x28, 0x84, 0x26, 0x74, 0x20, 0x8,
    0x20, 0x0, 0x20, 0x40, 0x20, 0x74, 0x1d, 0x8c,
    0xa, 0x8, 0x6, 0x6, 0x5, 0xa, 0xa, 0xe,
    0xe, 0xe,

    /* U+1F42A "🐪" */
    0x0, 0xe, 0x0, 0x0, 0x88, 0x1e, 0x8, 0x21,
    0x19, 0x80, 0xc7, 0x70, 0x9, 0x8, 0x8, 0x48,
    0x20, 0x44, 0x40, 0xf2, 0x26, 0x0, 0x57, 0x48,
    0x6, 0x86, 0x80, 0x2c, 0x34, 0x1, 0x61, 0xa0,
    0x9, 0xd5, 0x0, 0x66, 0xc8, 0x3, 0x6, 0x80,

    /* U+1F42B "🐫" */
    0xc, 0x73, 0x3, 0xa2, 0xb8, 0x21, 0x23, 0x20,
    0xeb, 0x1, 0x1, 0x20, 0x6, 0x8, 0x0, 0x50,
    0x40, 0x2, 0xa1, 0x0, 0x15, 0x7, 0xa1, 0xa8,
    0x5, 0x72, 0xc0, 0x28, 0x54, 0x1, 0x42, 0x60,
    0xa, 0x13, 0x0, 0x50, 0x98, 0x2, 0x85, 0x40,
    0xc, 0xc,

    /* U+1F42C "🐬" */
    0x0, 0x0, 0x3, 0xfe, 0x6, 0x1, 0x2, 0x1,
    0xe, 0x0, 0x86, 0x4, 0x21, 0xfe, 0x90, 0xa,
    0xe4, 0x2, 0x6a, 0x0, 0x3, 0x0, 0x1, 0x80,
    0x1, 0x20, 0x1, 0x28, 0x0, 0xfc, 0x0, 0x2,

    /* U+1F42D "🐭" */
    0x0, 0x0, 0x3, 0xc0, 0x7, 0x95, 0x3e, 0x4d,
    0x16, 0xc, 0x98, 0x80, 0x8, 0xa2, 0x0, 0x49,
    0x10, 0x2, 0x45, 0x0, 0x14, 0x10, 0x0, 0x40,
    0x98, 0x32, 0x4, 0xc1, 0x90, 0x20, 0x0, 0x81,
    0x0, 0x4, 0x8, 0x0, 0x20, 0x20, 0xc2, 0x0,
    0xc6, 0x60, 0x1, 0xac, 0x0, 0x3, 0x80, 0x0,

    /* U+1F42E "🐮" */
    0x0, 0x20, 0x0, 0x86, 0xc6, 0x7, 0xc1, 0xd0,
    0x10, 0x1, 0xf, 0x40, 0x17, 0xc2, 0x0, 0x86,
    0x20, 0x4, 0x48, 0x40, 0x42, 0x38, 0x0, 0xe0,
    0x20, 0x8, 0x1, 0x0, 0x40, 0x8, 0x2, 0x0,
    0x40, 0x10, 0x2, 0x7f, 0x0, 0xe, 0x10, 0x0,
    0x29, 0x40, 0x1, 0x2, 0x0, 0x7, 0xe0, 0x0,
    0x22, 0x0, 0x0, 0xe0, 0x0,

    /* U+1F42F "🐯" */
    0x20, 0x2, 0x28, 0x2, 0xa3, 0xfe, 0x48, 0x0,
    0x24, 0x0, 0x20, 0x9f, 0x20, 0x83, 0x8, 0xa2,
    0xa, 0x50, 0x5, 0x2a, 0xa, 0x94, 0x1, 0x4a,
    0x0, 0xa2, 0x0, 0x20, 0x71, 0xc0, 0xef, 0x78,
    0x99, 0x12, 0x17, 0x74, 0x8, 0xe2, 0x0,

    /* U+1F430 "🐰" */
    0x0, 0x0, 0x1e, 0x0, 0x3f, 0xa0, 0xb, 0xca,
    0x2, 0x98, 0xa0, 0xa3, 0xc, 0x28, 0x91, 0x46,
    0x12, 0x1a, 0xc4, 0x22, 0xa8, 0x82, 0x0, 0x20,
    0x20, 0x8, 0x1, 0x4, 0x0, 0x20, 0x80, 0x0,
    0x0, 0x2, 0x0, 0x80, 0x80, 0x8, 0x10, 0xa1,
    0x4, 0x8, 0x20, 0x81, 0x4, 0x8, 0x50, 0x80,
    0x80, 0x20, 0x7, 0xf8, 0x0,

    /* U+1F431 "🐱" */
    0x60, 0x3, 0x96, 0x3, 0x6b, 0x7f, 0x66, 0x20,
    0x21, 0x48, 0x10, 0x90, 0x0, 0x24, 0x0, 0x9,
    0x0, 0x2, 0x44, 0x10, 0x91, 0x4, 0x24, 0x0,
    0x8, 0x80, 0x4, 0x21, 0x40, 0x6, 0x23, 0x6,
    0x8, 0x32, 0x2d, 0x92, 0x11, 0xc2, 0x8, 0x0,
    0x40, 0x0, 0x10,

    /* U+1F432 "🐲" */
    0x0, 0x80, 0x1, 0xb0, 0x5, 0x4, 0x85, 0x1,
    0xc1, 0x63, 0x21, 0x8a, 0x38, 0x4a, 0x88, 0x60,
    0xe, 0x33, 0xe2, 0x6, 0x6e, 0x6, 0x3, 0x5,
    0x7f, 0x64, 0xbb, 0x0, 0x24, 0x80, 0xb, 0x80,
    0x1, 0x80, 0x0, 0x0, 0x0,

    /* U+1F433 "🐳" */
    0x16, 0x0, 0x74, 0x18, 0x4a, 0xb, 0xe4, 0x2,
    0x10, 0x1, 0x37, 0xe3, 0x23, 0x8e, 0x11, 0x20,
    0x8, 0x8c, 0x4, 0x21, 0x94, 0x8, 0x7c, 0x7,
    0x2c, 0x1, 0x72, 0x0, 0x45, 0x0, 0x1, 0x0,

    /* U+1F434 "🐴" */
    0xf, 0x80, 0x9, 0x30, 0x4, 0x64, 0x4, 0xa,
    0x2, 0x4, 0x82, 0x81, 0x62, 0x4, 0xa9, 0x6,
    0x84, 0x86, 0x42, 0x5c, 0x23, 0x38, 0x91, 0x40,
    0x45, 0x10, 0x10, 0x88, 0x8, 0x44, 0x8, 0x20,
    0x4, 0x8,

    /* U+1F435 "🐵" */
    0x0, 0xfc, 0x0, 0x18, 0x18, 0x1, 0x0, 0x20,
    0xf0, 0x0, 0xe4, 0xbf, 0xe5, 0x2a, 0xc4, 0xa9,
    0x59, 0x5c, 0xcb, 0x0, 0x96, 0x28, 0x79, 0x11,
    0x24, 0x29, 0x9, 0x41, 0x48, 0x42, 0xa4, 0x42,
    0x10, 0x22, 0x8, 0x0, 0x10, 0x23, 0xe1, 0x0,
    0x20, 0x80, 0x0, 0x84, 0x0, 0x3, 0xc0, 0x0,

    /* U+1F436 "🐶" */
    0x1, 0xf8, 0x0, 0x30, 0x38, 0x2, 0x0, 0x20,
    0x20, 0x0, 0x82, 0x0, 0x2, 0x10, 0x82, 0x11,
    0x24, 0x4, 0x49, 0x0, 0x22, 0x88, 0x71, 0x12,
    0x44, 0x48, 0x92, 0x55, 0x48, 0x52, 0x4a, 0x42,
    0xcd, 0x9c, 0x9, 0x49, 0x0, 0x6, 0x50, 0x0,
    0xa, 0x0, 0x0, 0x20, 0x0,

    /* U+1F437 "🐷" */
    0x40, 0x0, 0x35, 0xe0, 0xf, 0x56, 0x81, 0xb4,
    0x8b, 0xfa, 0x24, 0x20, 0x21, 0x20, 0x0, 0x9,
    0x0, 0x0, 0xc4, 0x0, 0x4, 0x33, 0x6, 0x40,
    0x60, 0xc, 0x1, 0x1c, 0x40, 0xb, 0x1a, 0x0,
    0x55, 0x50, 0x2, 0x82, 0x80, 0x17, 0xf8, 0x0,
    0x41, 0x40, 0x1, 0x74, 0x0,

    /* U+1F438 "🐸" */
    0x0, 0x0, 0x3c, 0x3e, 0x46, 0x41, 0x9b, 0xcd,
    0x98, 0xd, 0x80, 0x2, 0x40, 0x2, 0x40, 0x2,
    0x80, 0x1, 0x80, 0x1, 0x81, 0x41, 0x80, 0x1,
    0x88, 0x5, 0x46, 0x1a, 0x41, 0xe6, 0x30, 0x1c,
    0xf, 0xf0,

    /* U+1F439 "🐹" */
    0x0, 0x0, 0x1, 0xc0, 0x70, 0x23, 0xf8, 0x82,
    0x0, 0x8, 0x20, 0x0, 0x81, 0x0, 0x10, 0x10,
    0x1, 0x2, 0x31, 0x88, 0x43, 0x18, 0x44, 0x0,
    0x4, 0x40, 0x0, 0x44, 0x28, 0x44, 0x1c, 0x63,
    0x86, 0xc4, 0x64, 0x90, 0xf1, 0x2a, 0x0, 0x9,
    0x2e, 0xe, 0x40, 0x0, 0x0,

    /* U+1F43A "🐺" */
    0x60, 0x1, 0xac, 0xf0, 0xea, 0xc3, 0x56, 0x98,
    0x29, 0x90, 0x4, 0x66, 0x1, 0x9a, 0x0, 0x15,
    0x0, 0x2, 0x40, 0x0, 0x91, 0x0, 0x28, 0xb7,
    0xa, 0x19, 0x41, 0x80, 0x0, 0x50, 0x0, 0x22,
    0x0, 0x10, 0x60, 0x18, 0x1, 0x50, 0x1, 0x74,
    0x0, 0x2e, 0x0, 0x4, 0x0, 0x1, 0x0, 0x0,

    /* U+1F43B "🐻" */
    0x0, 0x0, 0x6, 0x0, 0x3b, 0x23, 0x88, 0xc3,
    0x8e, 0x18, 0x0, 0x3, 0x10, 0x4, 0x64, 0x0,
    0x4b, 0x0, 0xa, 0x20, 0x0, 0x88, 0x22, 0x11,
    0x0, 0x1, 0x21, 0x0, 0x24, 0x20, 0x84, 0x85,
    0xd0, 0x88, 0x7c, 0x21, 0x80, 0xc, 0x8, 0x92,
    0x0, 0xc, 0x0,

    /* U+1F43C "🐼" */
    0x0, 0x0, 0xf, 0x0, 0x3a, 0x17, 0xd8, 0xc1,
    0x4, 0x18, 0x40, 0x43, 0x10, 0x4, 0x54, 0x0,
    0x51, 0x0, 0x4, 0x23, 0x18, 0x88, 0x94, 0x89,
    0x26, 0xc9, 0x24, 0x1, 0x24, 0x62, 0xc4, 0x85,
    0x90, 0x88, 0x7c, 0x20, 0x80, 0x8, 0x0, 0x2,
    0x0, 0x1c, 0x0,

    /* U+1F43D "🐽" */
    0x3, 0xf0, 0x3, 0x87, 0x1, 0x80, 0x60, 0x80,
    0x4, 0x40, 0x0, 0xb0, 0x0, 0x38, 0xc0, 0xc6,
    0xd0, 0x49, 0xa4, 0x11, 0x69, 0x2, 0x5a, 0x80,
    0x96, 0x40, 0x19, 0x43, 0xf0, 0x8f, 0x3, 0xc0,

    /* U+1F43E "🐾" */
    0x0, 0x0, 0x1f, 0x0, 0xe, 0xe0, 0x6, 0x28,
    0xc, 0x78, 0x5, 0xc8, 0x1, 0xc4, 0x0, 0x21,
    0x0, 0x10, 0x80, 0x9, 0xc0, 0x3, 0xe, 0x80,
    0x35, 0xa0, 0x19, 0x60, 0xc, 0xc, 0x2, 0xea,
    0x0, 0x8e, 0x0, 0x84, 0x0, 0x42, 0x0, 0x29,
    0x0, 0x1b, 0x80, 0x0, 0x80,

    /* U+1F43F "🐿" */
    0x0, 0x6, 0x0, 0x3, 0x10, 0x0, 0x41, 0x6,
    0x10, 0x11, 0xc2, 0x20, 0x47, 0x4, 0x11, 0x1c,
    0x84, 0x2, 0x48, 0x80, 0x24, 0x8e, 0x42, 0x88,
    0x19, 0x51, 0x3c, 0x25, 0x15, 0x8c, 0xa2, 0xe,
    0x14, 0x81, 0x42, 0xa0, 0x18, 0x28, 0x4, 0x84,
    0x1, 0x60, 0x80, 0xf, 0xe0, 0x0, 0x0, 0x0,

    /* U+1F440 "👀" */
    0x1e, 0x3, 0xc1, 0x98, 0x23, 0x18, 0x62, 0x8,
    0x81, 0x20, 0x24, 0x9, 0x1, 0x40, 0x30, 0x7,
    0xb1, 0x6c, 0x37, 0x8d, 0xd1, 0xbc, 0x6e, 0x8d,
    0xe3, 0x74, 0x71, 0x14, 0x43, 0xf0, 0xde, 0x14,
    0x9, 0x1, 0x20, 0x48, 0x9, 0x86, 0x20, 0x86,
    0x60, 0x8c, 0x1e, 0x3, 0xc0,

    /* U+1F441 "👁" */
    0x7, 0xff, 0x80, 0x30, 0xf8, 0xe0, 0x82, 0x8,
    0x22, 0x9, 0xe8, 0x28, 0x27, 0xe8, 0x30, 0x4f,
    0xd0, 0x60, 0x9f, 0xa0, 0xc1, 0x3f, 0x41, 0x41,
    0x3d, 0x4, 0xc3, 0x6, 0x18, 0x61, 0xb0, 0xc0,
    0x70, 0x87, 0x0, 0x1f, 0xf0, 0x0,

    /* U+1F442 "👂" */
    0x0, 0x0, 0xf8, 0x17, 0x42, 0x8a, 0x30, 0xa1,
    0x6, 0x4, 0x60, 0x4a, 0x1a, 0xa1, 0x24, 0x12,
    0x42, 0x24, 0x4c, 0x8b, 0x8, 0x81, 0x8, 0x20,
    0x44, 0x3, 0x80,

    /* U+1F443 "👃" */
    0x8, 0x80, 0x44, 0x2, 0x20, 0x11, 0x0, 0x88,
    0x4, 0x40, 0x22, 0x2, 0x8, 0x50, 0x54, 0x80,
    0x60, 0x2, 0x80, 0x22, 0x2, 0x8, 0x20, 0x22,
    0x0, 0xe0,

    /* U+1F444 "👄" */
    0x3, 0x1c, 0x1, 0x9c, 0x40, 0x20, 0xc, 0x8,
    0x0, 0xc6, 0x0, 0x5, 0x8f, 0xf8, 0x5c, 0xc7,
    0xf1, 0x7, 0x84, 0x10, 0x1, 0x1, 0x0, 0x40,
    0x18, 0x30, 0x0, 0xf8, 0x0,

    /* U+1F445 "👅" */
    0x80, 0x0, 0x90, 0x0, 0x43, 0x0, 0x60, 0x3f,
    0xe0, 0x40, 0x1, 0x10, 0x0, 0x44, 0x0, 0x11,
    0x0, 0x2, 0x40, 0x80, 0x90, 0x20, 0x24, 0x8,
    0x9, 0x2, 0x4, 0x40, 0x81, 0x8, 0x20, 0xc1,
    0x8, 0x20, 0x32, 0x30, 0x3, 0xf0, 0x0,

    /* U+1F446 "👆" */
    0xe, 0x0, 0x28, 0x0, 0xa0, 0x2, 0x80, 0xa,
    0x0, 0x28, 0x0, 0xa0, 0x3a, 0xfe, 0x8a, 0xa6,
    0x20, 0x14, 0x80, 0x50, 0x1, 0x20, 0x4, 0x80,
    0x12, 0x0, 0x4c, 0x3, 0x10, 0x8, 0x30, 0xc0,
    0x3e, 0x0,

    /* U+1F447 "👇" */
    0x1f, 0x0, 0xc3, 0x4, 0x2, 0x30, 0x8, 0x80,
    0x22, 0x0, 0x48, 0x1, 0x20, 0x4, 0x80, 0x4a,
    0xa1, 0x2a, 0x96, 0x95, 0xd6, 0x1, 0x40, 0x5,
    0x0, 0x14, 0x0, 0x50, 0x1, 0x40, 0x5, 0x0,
    0x1c, 0x0,

    /* U+1F448 "👈" */
    0x0, 0x0, 0x0, 0x2c, 0x0, 0x4, 0x70, 0x0,
    0x41, 0xcf, 0xfe, 0x5, 0x0, 0x0, 0xbf, 0xe0,
    0x8, 0x8, 0x1, 0x1, 0x0, 0x20, 0x10, 0x4,
    0x4, 0x1, 0x80, 0x60, 0x20, 0x10, 0x18, 0x1,
    0xfe, 0x0,

    /* U+1F449 "👉" */
    0x0, 0x20, 0x0, 0x1a, 0x0, 0x1c, 0x40, 0x1c,
    0x10, 0x4, 0xf, 0xfe, 0x80, 0x0, 0x60, 0xf,
    0xfc, 0x0, 0x80, 0x80, 0x10, 0x10, 0xc, 0x3,
    0x0, 0x40, 0x20, 0x30, 0x3, 0x1, 0x0, 0x3f,
    0xc0, 0x0,

    /* U+1F44A "👊" */
    0x0, 0x0, 0xdf, 0xf2, 0x51, 0x24, 0x80, 0x48,
    0x0, 0xb2, 0x89, 0x65, 0x12, 0xca, 0x25, 0x72,
    0x4a, 0x28, 0x94, 0x39, 0xc8, 0xc, 0x10, 0x40,
    0x20, 0x7f, 0x80,

    /* U+1F44B "👋" */
    0xb, 0x10, 0xb, 0x46, 0x4, 0x95, 0x7, 0x49,
    0x42, 0x92, 0xa1, 0x24, 0x8c, 0x49, 0x2a, 0x32,
    0x19, 0x25, 0x4, 0x92, 0x0, 0x44, 0x80, 0x31,
    0x0, 0x1b, 0x40, 0x1a, 0x10, 0x8, 0xc8, 0xc,
    0x3, 0xc, 0x0, 0x78, 0x0,

    /* U+1F44C "👌" */
    0x0, 0x0, 0x73, 0x81, 0x4a, 0x84, 0xad, 0x9,
    0x94, 0x14, 0x50, 0x9, 0x5f, 0x15, 0x82, 0x4f,
    0xe4, 0x9e, 0x48, 0x68, 0x81, 0xa4, 0x6, 0xf0,
    0x18, 0x0, 0x60, 0x1, 0x40, 0x8, 0x80, 0x41,
    0x82, 0x1, 0xf0,

    /* U+1F44D "👍" */
    0x1, 0x0, 0x2, 0x80, 0x5, 0x0, 0x5, 0x0,
    0x9, 0x0, 0x12, 0x0, 0x22, 0x0, 0x23, 0x7e,
    0x40, 0x81, 0x80, 0x82, 0x81, 0x7d, 0x81, 0x1,
    0x81, 0xff, 0x81, 0x1, 0x40, 0xfe, 0x60, 0x84,
    0x1f, 0x7c,

    /* U+1F44E "👎" */
    0x1f, 0x7c, 0x30, 0x42, 0x10, 0x1f, 0x90, 0x20,
    0x28, 0xf, 0xf4, 0x8, 0xa, 0x4, 0x5, 0x1,
    0xfe, 0x40, 0x81, 0x11, 0xbf, 0x8, 0x80, 0x2,
    0x20, 0x0, 0x90, 0x0, 0x28, 0x0, 0xa, 0x0,
    0x5, 0x0, 0x1, 0x80, 0x0,

    /* U+1F44F "👏" */
    0x20, 0xd0, 0x4, 0x6a, 0x20, 0x84, 0xa4, 0x36,
    0x54, 0x64, 0xaa, 0x81, 0x1d, 0x54, 0xc6, 0x41,
    0x81, 0x25, 0x88, 0x52, 0x69, 0x9, 0x24, 0xa0,
    0xd2, 0x4c, 0x2d, 0x0, 0x84, 0x40, 0x8, 0x48,
    0x1, 0x4, 0x0, 0x20, 0x40, 0x4, 0x4, 0x1,
    0x0, 0x40, 0x20, 0x6, 0x8, 0x0, 0x3e, 0x0,

    /* U+1F450 "👐" */
    0x38, 0x0, 0x1c, 0x54, 0x0, 0x2a, 0x6a, 0x24,
    0x55, 0x55, 0x5a, 0xaa, 0x2a, 0xdb, 0x52, 0x50,
    0x18, 0x6, 0x48, 0x18, 0xa, 0x20, 0x18, 0x4,
    0x10, 0x14, 0x8, 0x8, 0x24, 0x10, 0x7, 0xc3,
    0xe0,

    /* U+1F451 "👑" */
    0x60, 0x30, 0x19, 0x41, 0x20, 0xa5, 0x4, 0x82,
    0x98, 0xc, 0x6, 0x60, 0x20, 0x19, 0x81, 0x40,
    0xe5, 0x84, 0x86, 0x93, 0xe1, 0xe2, 0x40, 0x0,
    0x9, 0x0, 0x0, 0x24, 0x0, 0x0, 0x90, 0x0,
    0x2, 0x40, 0x0, 0xb, 0xff, 0xff, 0xf8, 0x0,
    0x0, 0x7f, 0xff, 0xff,

    /* U+1F452 "👒" */
    0x1, 0xe0, 0x0, 0x84, 0x0, 0x40, 0x80, 0x20,
    0x20, 0x18, 0x24, 0x3b, 0xf7, 0x28, 0x7f, 0xc5,
    0xc0, 0xe, 0xf, 0xfc, 0x0,

    /* U+1F453 "👓" */
    0x0, 0x0, 0x0, 0xfc, 0x7, 0x8c, 0xe8, 0x7f,
    0xa4, 0x52, 0x8d, 0x60, 0xb4, 0x19, 0x82, 0xf0,
    0x66, 0xa, 0xa1, 0x94, 0x40, 0x8a, 0x2f, 0x87,
    0xd0, 0x7c, 0x7, 0x80,

    /* U+1F454 "👔" */
    0x0, 0x0, 0x3, 0xf8, 0x6, 0x2, 0xe, 0x82,
    0xe9, 0x22, 0x4c, 0x4a, 0x46, 0x27, 0x23, 0xe,
    0xe1, 0x81, 0x80, 0xc0, 0xc0, 0x60, 0x50, 0x30,
    0x28, 0x18, 0x14, 0xc, 0xa, 0x6, 0x5, 0x3,
    0x2, 0x81, 0x82, 0x40, 0xc1, 0x20, 0x60, 0x90,
    0x2f, 0xff, 0xe0,

    /* U+1F455 "👕" */
    0x0, 0xe0, 0x0, 0x63, 0x0, 0x14, 0x60, 0x7,
    0x57, 0x3, 0xab, 0x3d, 0x12, 0xa4, 0x62, 0x10,
    0x88, 0xc2, 0x1a, 0x68, 0x2, 0xc1, 0x0, 0x40,
    0x20, 0x8, 0x4, 0x1, 0x0, 0x80, 0x20, 0x10,
    0x4, 0x2, 0x0, 0x80, 0x40, 0x10, 0xf, 0xfe,
    0x0,

    /* U+1F456 "👖" */
    0xff, 0xfe, 0x44, 0x99, 0x2, 0x64, 0x9, 0xa0,
    0x1e, 0x0, 0x18, 0x78, 0x61, 0x21, 0x84, 0x86,
    0x12, 0x18, 0x48, 0x61, 0x21, 0x84, 0x86, 0x12,
    0x18, 0x48, 0x61, 0x21, 0x84, 0x86, 0x12, 0x1f,
    0xcf, 0xc0,

    /* U+1F457 "👗" */
    0x1c, 0x70, 0x28, 0xa0, 0x51, 0x40, 0xa2, 0x81,
    0x45, 0x2, 0x52, 0x4, 0xa4, 0x8, 0x88, 0x8,
    0x20, 0x10, 0x40, 0x20, 0x80, 0x5d, 0x0, 0x82,
    0x2, 0x2, 0x4, 0x4, 0x8, 0x8, 0x20, 0x8,
    0x40, 0x11, 0x0, 0x22, 0x0, 0x28, 0x0, 0x5f,
    0xff, 0xc0,

    /* U+1F458 "👘" */
    0x3, 0xf8, 0x0, 0x94, 0x83, 0xe1, 0xf, 0xe8,
    0x40, 0xbb, 0x8, 0x1b, 0x6f, 0xfb, 0x51, 0xff,
    0x2a, 0x5f, 0xd2, 0x52, 0x9, 0x4c, 0x41, 0x18,
    0x8, 0xa0, 0x1, 0x1c, 0x0, 0x30, 0x80, 0x5,
    0x90, 0x0, 0xf2, 0x0, 0x10, 0x40, 0x3, 0xe8,
    0x0,

    /* U+1F459 "👙" */
    0x20, 0x42, 0x4, 0x20, 0x45, 0xc, 0x48, 0xa8,
    0x51, 0x85, 0x1c, 0xf1, 0x30, 0xe0, 0x0, 0xff,
    0xfc, 0x3, 0x30, 0x40, 0x98, 0xe, 0x0, 0x60,
    0x0, 0x0,

    /* U+1F45A "👚" */
    0x1f, 0xf, 0x6, 0x5f, 0x31, 0x44, 0x25, 0x44,
    0x59, 0x14, 0x8a, 0x24, 0x50, 0xc5, 0x2, 0x10,
    0x80, 0x40, 0x10, 0x8, 0x2, 0x1, 0x0, 0x40,
    0x20, 0x8, 0x4, 0x1, 0x0, 0x80, 0x20, 0x20,
    0x2, 0x4, 0x0, 0x40, 0xff, 0xf8,

    /* U+1F45B "👛" */
    0x3, 0xc0, 0x1, 0x60, 0x1, 0x50, 0x7, 0x3,
    0x3, 0xff, 0xe3, 0xff, 0xf8, 0x80, 0x8, 0x40,
    0x4, 0x60, 0x3, 0x20, 0x0, 0xb0, 0x0, 0x70,
    0x0, 0x18, 0x0, 0xc, 0x0, 0x5, 0x0, 0x4,
    0x70, 0x1c, 0x7, 0xf0, 0x0,

    /* U+1F45C "👜" */
    0x3, 0xc0, 0x4, 0x30, 0x8, 0x10, 0x8, 0x10,
    0x8, 0x10, 0x8, 0x0, 0xff, 0xff, 0x9e, 0x3d,
    0x92, 0x25, 0x92, 0x25, 0x9e, 0x3d, 0x80, 0x1,
    0x80, 0x1, 0x80, 0x1, 0x80, 0x1, 0x80, 0x1,
    0x80, 0x1, 0xff, 0xff,

    /* U+1F45D "👝" */
    0x80, 0x0, 0x3f, 0xff, 0x97, 0xff, 0xac, 0x0,
    0x34, 0x0, 0x1a, 0x0, 0x5, 0x0, 0x2, 0x80,
    0x1, 0x40, 0x0, 0xa0, 0x0, 0x50, 0x0, 0x27,
    0xff, 0xe0,

    /* U+1F45E "👞" */
    0x60, 0x70, 0x4, 0xfd, 0x60, 0x20, 0x5, 0xf1,
    0x0, 0x0, 0x68, 0x0, 0x0, 0xc0, 0x0, 0x5,
    0x0, 0x0, 0x67, 0xff, 0xfc, 0x3f, 0x80, 0x0,

    /* U+1F45F "👟" */
    0x0, 0x0, 0x3, 0x81, 0x80, 0x22, 0x33, 0x81,
    0xe, 0x23, 0x8, 0x2, 0x87, 0x40, 0x0, 0x6,
    0xff, 0xc0, 0x30, 0x1, 0xff, 0x7f, 0xff, 0xf0,

    /* U+1F460 "👠" */
    0x20, 0x0, 0xa, 0x0, 0x2, 0x20, 0x0, 0x2,
    0x0, 0xc, 0x20, 0x0, 0xe4, 0x0, 0x14, 0x40,
    0x2, 0x94, 0x0, 0x52, 0x80, 0xa, 0x28, 0x1,
    0x45, 0x0, 0x28, 0x50, 0x5, 0x9, 0x0, 0xa1,
    0x1f, 0x14, 0x20, 0x13, 0x84, 0x2, 0x0, 0x7f,
    0x80,

    /* U+1F461 "👡" */
    0xc0, 0x0, 0x16, 0x0, 0x3, 0x30, 0x0, 0x59,
    0x0, 0x9, 0x91, 0xe1, 0x29, 0x22, 0x24, 0xa4,
    0x44, 0x93, 0x8, 0x91, 0x21, 0x12, 0x14, 0x3e,
    0x42, 0x88, 0xf8, 0x20, 0x10, 0x3, 0xfc,

    /* U+1F462 "👢" */
    0x3, 0xf0, 0x3c, 0x20, 0x40, 0x20, 0x44, 0x40,
    0x44, 0x40, 0x24, 0x40, 0x24, 0x40, 0x12, 0x40,
    0x10, 0x40, 0x10, 0x40, 0x10, 0x40, 0x10, 0x40,
    0x20, 0x40, 0x20, 0x40, 0x40, 0x40, 0x78, 0x20,
    0x44, 0x1e, 0x4a, 0x1, 0x51, 0x1, 0x71, 0xff,

    /* U+1F463 "👣" */
    0x1c, 0x0, 0x7, 0x80, 0x1, 0x70, 0x0, 0x72,
    0x0, 0x4, 0x40, 0xc0, 0xc8, 0x1e, 0x19, 0x1,
    0xe1, 0x20, 0x4f, 0x34, 0x8, 0xc2, 0x41, 0x18,
    0x48, 0x22, 0xd, 0x4, 0x40, 0x90, 0x98, 0x12,
    0x22, 0x1, 0x4, 0xc0, 0x0, 0x98, 0x0, 0x22,
    0x0, 0x2, 0xc0, 0x0, 0x30, 0x0,

    /* U+1F464 "👤" */
    0x3, 0x80, 0x8, 0x80, 0x20, 0x80, 0x41, 0x0,
    0x82, 0x1, 0x4, 0x2, 0x8, 0x2, 0x20, 0x3,
    0x80, 0x0, 0x0, 0xff, 0xe2, 0x0, 0x2c, 0x0,
    0x70, 0x0, 0x60, 0x0, 0x80, 0x1,

    /* U+1F465 "👥" */
    0x1e, 0x1e, 0xc, 0xcc, 0xc2, 0x12, 0x10, 0x84,
    0x84, 0x21, 0x21, 0xc, 0xcc, 0xc1, 0xe1, 0xe0,
    0x0, 0x0, 0x3f, 0x3f, 0x90, 0x30, 0x38, 0x8,
    0x6, 0x2, 0x1, 0x80, 0x80, 0x60, 0x20, 0x10,

    /* U+1F466 "👦" */
    0xf, 0x80, 0x82, 0x8, 0x8, 0xa0, 0xc7, 0xff,
    0x38, 0x39, 0x94, 0x84, 0x4, 0x37, 0x60, 0x82,
    0x3, 0xe0, 0x61, 0xc4, 0xf9, 0x40, 0x6, 0x0,
    0x30, 0x1,

    /* U+1F467 "👧" */
    0xf, 0x0, 0x43, 0x6, 0x2, 0x10, 0x4, 0x4f,
    0x91, 0xc1, 0x46, 0x55, 0x28, 0x12, 0xa0, 0x4a,
    0xca, 0x29, 0x98, 0x91, 0x82, 0x30, 0xe1, 0x3c,
    0x48, 0x0, 0xa0, 0x2, 0x80, 0x8,

    /* U+1F468 "👨" */
    0xf, 0x80, 0xc2, 0x8, 0x8, 0x5f, 0xc3, 0x86,
    0x18, 0x10, 0xd4, 0x86, 0x4, 0x10, 0x20, 0x52,
    0x3, 0x30, 0x4, 0x3, 0x86, 0x23, 0xca, 0x0,
    0x30, 0x1, 0x80, 0x8,

    /* U+1F469 "👩" */
    0xf, 0x0, 0x43, 0x2, 0x2, 0x8, 0x74, 0x42,
    0x51, 0x30, 0xc5, 0x53, 0x14, 0xc, 0x50, 0x2a,
    0x29, 0x28, 0xcc, 0xa0, 0xc2, 0x38, 0x61, 0x1e,
    0x48, 0x0, 0xa0, 0x2, 0x80, 0x8,

    /* U+1F46A "👪" */
    0x3e, 0x3c, 0x21, 0xa1, 0x99, 0x53, 0x4b, 0x6a,
    0x65, 0x57, 0x52, 0x15, 0x14, 0xaa, 0xb2, 0x38,
    0x31, 0x63, 0xe3, 0x4d, 0xf6, 0x60, 0xd8, 0x30,
    0x54, 0x18, 0x14, 0xc, 0x1f, 0x6, 0x12, 0x42,

    /* U+1F46B "👫" */
    0x38, 0x70, 0xa1, 0x41, 0x2, 0x1e, 0x3e, 0x85,
    0x7, 0x36, 0x3c, 0xd8, 0xf3, 0x63, 0xcd, 0x8e,
    0x36, 0x3b, 0xaa, 0xee, 0x3a, 0xb8, 0xea, 0xe3,
    0x6b, 0x8d, 0xae, 0x36, 0xb8, 0xdb, 0x23, 0x64,
    0x8d, 0x80,

    /* U+1F46C "👬" */
    0x38, 0x70, 0xa1, 0x41, 0x2, 0x1f, 0x3e, 0x85,
    0x7, 0x16, 0x3c, 0x58, 0xf1, 0x63, 0xc5, 0x8f,
    0x16, 0x3d, 0x6a, 0xdd, 0x3a, 0x74, 0xe9, 0xb3,
    0x66, 0xcd, 0x9b, 0x36, 0x6c, 0xd9, 0xb3, 0x66,
    0xcd, 0x80,

    /* U+1F46D "👭" */
    0x38, 0x71, 0x42, 0x84, 0x8, 0xf1, 0xf8, 0x50,
    0xe2, 0xc7, 0x36, 0x79, 0xb3, 0xc5, 0x9c, 0x2c,
    0xe5, 0xaf, 0x6d, 0x6b, 0x4e, 0xd6, 0x76, 0xb3,
    0xb5, 0xab, 0xad, 0x9d, 0x6c, 0xd3, 0x24,

    /* U+1F46E "👮" */
    0x7, 0x80, 0x6d, 0x3, 0x62, 0x17, 0xf4, 0x2c,
    0xe0, 0xad, 0x83, 0x5e, 0x8, 0x8, 0x20, 0x20,
    0x49, 0x0, 0x88, 0x1, 0xc0, 0x38, 0x73, 0x3d,
    0x28, 0xd8, 0xbc, 0xca, 0x85, 0x0,

    /* U+1F46F "👯" */
    0x60, 0xc1, 0xb3, 0x63, 0xc7, 0x8a, 0x14, 0x10,
    0x20, 0xe1, 0xc4, 0x48, 0xa1, 0x42, 0x44, 0x89,
    0x22, 0x44, 0x88, 0x95, 0x2a, 0x54, 0xa9, 0xd3,
    0xa6, 0xcd, 0x9b, 0x36, 0x6a, 0xd5, 0x9b, 0x36,
    0x6c, 0xc0,

    /* U+1F470 "👰" */
    0x0, 0x0, 0x3, 0xe0, 0x2, 0x1e, 0xe, 0x1,
    0x84, 0x3f, 0x41, 0x7f, 0xa1, 0x20, 0x50, 0x70,
    0x28, 0x2a, 0x5a, 0x1c, 0x9, 0x13, 0x8, 0x48,
    0xbc, 0x24, 0x38, 0x12, 0xe1, 0xc9, 0x8f, 0x14,
    0xc0, 0xa, 0x47, 0xfc, 0x24, 0x6, 0x0, 0x0,
    0x0,

    /* U+1F471 "👱" */
    0xf, 0x80, 0xc2, 0x4, 0x8, 0x47, 0x42, 0xc6,
    0x18, 0x10, 0xd4, 0x86, 0x4, 0x30, 0x20, 0xd3,
    0x2, 0x10, 0xf, 0x3, 0x86, 0x23, 0xca, 0x0,
    0x30, 0x1, 0x80, 0x8,

    /* U+1F472 "👲" */
    0x0, 0x80, 0x3, 0xf8, 0x3, 0x86, 0x2, 0x44,
    0x82, 0x22, 0x23, 0xff, 0xfa, 0x4, 0x83, 0x7f,
    0xf1, 0xd0, 0x7, 0xd3, 0x99, 0xa8, 0x0, 0xcc,
    0x66, 0x62, 0x33, 0x21, 0x0, 0x10, 0x80, 0x8,
    0x22, 0x48, 0x10, 0xc4, 0x4, 0x4, 0x1, 0xc,
    0x0, 0x7c, 0x0,

    /* U+1F473 "👳" */
    0xf, 0x80, 0x69, 0x3, 0x72, 0xb, 0x64, 0x38,
    0xd0, 0xce, 0x81, 0x4e, 0x4, 0x8, 0x10, 0x20,
    0x5d, 0x0, 0x84, 0x1, 0xe0, 0x38, 0x71, 0x1e,
    0x28, 0x20, 0xa1, 0x2, 0x8, 0x0,

    /* U+1F474 "👴" */
    0x7, 0x0, 0xc6, 0xa, 0x28, 0x6a, 0xc3, 0x6,
    0x8, 0x20, 0x43, 0x2, 0x50, 0x8, 0x80, 0x38,
    0xe, 0x38, 0x9e, 0x28, 0x0, 0xc0, 0x6, 0x0,
    0x20,

    /* U+1F475 "👵" */
    0x7, 0x0, 0x44, 0x3, 0xe0, 0x20, 0x82, 0x2,
    0x17, 0xf1, 0x41, 0xca, 0xa6, 0x50, 0x31, 0x81,
    0xc, 0x8, 0x14, 0xc0, 0x84, 0x3, 0xc0, 0xe1,
    0x88, 0xf2, 0x80, 0xc, 0x0, 0x60, 0x2,

    /* U+1F476 "👶" */
    0xf, 0x80, 0x93, 0x8, 0x8, 0x80, 0x24, 0x1,
    0x24, 0x69, 0x0, 0x48, 0xe3, 0x65, 0x3c, 0x93,
    0x63, 0xf3, 0x0, 0x18, 0x0, 0xc0, 0x6, 0x0,
    0x30, 0x1, 0x80, 0x0,

    /* U+1F477 "👷" */
    0x3, 0x0, 0x33, 0x1, 0x4c, 0x5, 0xe8, 0x3f,
    0xe0, 0x72, 0x81, 0x4e, 0x4, 0x8, 0x10, 0x20,
    0x54, 0x80, 0xa4, 0x1, 0xe0, 0x78, 0x72, 0xbf,
    0x6a, 0x85, 0x69, 0x25, 0xa4, 0x94,

    /* U+1F478 "👸" */
    0x7, 0x80, 0x12, 0x0, 0x4c, 0x5, 0xe8, 0x11,
    0x10, 0x7b, 0x41, 0x6b, 0x4, 0xa, 0x30, 0x28,
    0xcf, 0xa2, 0x8c, 0x81, 0xe0, 0x38, 0x71, 0x9e,
    0x65, 0x2, 0xaf, 0xf6, 0x20, 0x10,

    /* U+1F479 "👹" */
    0x2, 0x8, 0x0, 0xc9, 0x80, 0x56, 0xf4, 0x1a,
    0x8e, 0x62, 0x70, 0x68, 0x91, 0xf2, 0x95, 0x1,
    0x2b, 0x18, 0xc7, 0x63, 0xc, 0x54, 0x61, 0x8e,
    0x80, 0x1, 0xd0, 0x0, 0x3a, 0x1f, 0x8f, 0xe2,
    0x21, 0x4a, 0x0, 0x61, 0x20, 0x14, 0x22, 0x6,
    0x83, 0xbf, 0x60, 0x16, 0x50, 0x1, 0xa8, 0x0,
    0x3, 0x0,

    /* U+1F47A "👺" */
    0xff, 0xfc, 0x40, 0x2, 0x24, 0x11, 0x11, 0x10,
    0x88, 0x0, 0x44, 0x0, 0x22, 0x33, 0x11, 0x1,
    0xff, 0x80, 0x0, 0xc0, 0x0, 0xe1, 0x7f, 0xd3,
    0x48, 0x8, 0xf8, 0x42, 0x0, 0x21, 0x0, 0x20,
    0x40, 0x20, 0x18, 0x20, 0x3, 0xa0, 0x0,

    /* U+1F47B "👻" */
    0x3, 0xc0, 0x2, 0x40, 0x4, 0x20, 0x7, 0xe0,
    0xb, 0xd0, 0x33, 0xce, 0x21, 0x84, 0x21, 0x4,
    0x20, 0x4, 0x20, 0x4, 0x40, 0x2, 0x40, 0x2,
    0x80, 0x1, 0xe0, 0x1, 0x10, 0x7f, 0x8, 0xc0,
    0x7, 0x0,

    /* U+1F47C "👼" */
    0xf, 0xfc, 0x1, 0xfe, 0x0, 0x1e, 0x0, 0x1a,
    0xe0, 0x8, 0xc4, 0x2, 0x31, 0x1, 0x0, 0x20,
    0x40, 0x8, 0x23, 0x32, 0x8, 0xcc, 0x82, 0x0,
    0x20, 0x40, 0x8, 0xf1, 0x23, 0xe2, 0x31, 0x18,
    0x80, 0x49, 0xf8, 0x7c, 0x1, 0xe0, 0x0,

    /* U+1F47D "👽" */
    0xf, 0xc0, 0x61, 0x82, 0x1, 0x10, 0x2, 0xc0,
    0xa, 0x0, 0x18, 0x0, 0x60, 0x1, 0xb8, 0x76,
    0xa1, 0x5a, 0x49, 0x5d, 0x2a, 0x5c, 0xa8, 0x81,
    0x41, 0x4a, 0x4, 0xc8, 0x8, 0x40, 0x1e, 0x0,

    /* U+1F47E "👾" */
    0x7, 0x70, 0x1, 0x54, 0xe, 0xdd, 0x9e, 0xa0,
    0x25, 0xb0, 0x7, 0x69, 0x84, 0x5a, 0x61, 0x15,
    0x58, 0x4a, 0x70, 0x3, 0x88, 0x0, 0x43, 0xbe,
    0x70, 0x28, 0x90, 0x3c, 0xf, 0xe, 0x1, 0xc0,

    /* U+1F47F "👿" */
    0x20, 0x4, 0x60, 0x6, 0xa7, 0xea, 0x58, 0x1a,
    0x70, 0xe, 0x60, 0x6, 0x50, 0x12, 0x88, 0x21,
    0x8c, 0x31, 0x8c, 0x31, 0x80, 0x1, 0x80, 0x1,
    0x87, 0xc1, 0x40, 0x2, 0x60, 0x6, 0x30, 0xc,
    0x18, 0x18, 0x7, 0xe0,

    /* U+1F480 "💀" */
    0xf, 0xc0, 0x61, 0x82, 0x1, 0x10, 0x2, 0x80,
    0xa, 0x0, 0x18, 0x0, 0x60, 0x1, 0x98, 0xe6,
    0x94, 0x9a, 0x52, 0x96, 0xba, 0x26, 0x10, 0x94,
    0x82, 0x56, 0x1, 0x50,

    /* U+1F481 "💁" */
    0x7, 0x80, 0x3, 0x8, 0x0, 0x40, 0x80, 0x11,
    0xc8, 0x2, 0xc5, 0x0, 0x60, 0x60, 0xd, 0x4c,
    0x1, 0x81, 0x80, 0x30, 0x30, 0x62, 0x6c, 0xf8,
    0x21, 0x32, 0x3, 0xc5, 0x83, 0x6, 0xa0, 0x9f,
    0x14, 0x20, 0x2, 0x84, 0x0, 0x50, 0x80, 0x8,
    0x0,

    /* U+1F482 "💂" */
    0xf, 0x80, 0x86, 0x8, 0x10, 0x40, 0x82, 0x4,
    0x10, 0x20, 0x81, 0x7, 0xf8, 0x29, 0x41, 0x2,
    0x8, 0x10, 0x24, 0x81, 0x8, 0x33, 0x98, 0xc3,
    0x8b, 0xfa, 0x8f, 0x14, 0x50, 0xa2, 0x84,

    /* U+1F483 "💃" */
    0x0, 0x80, 0x6, 0x8c, 0xf, 0x60, 0x7, 0x0,
    0x11, 0x1, 0xd2, 0x4, 0x14, 0x0, 0x48, 0x1,
    0x10, 0xc, 0x60, 0x67, 0x43, 0x72, 0x87, 0x3,
    0x0, 0x6, 0x0, 0xc, 0x0, 0x18, 0x0, 0x30,
    0x0, 0x60, 0x0, 0x40,

    /* U+1F484 "💄" */
    0x38, 0x23, 0x14, 0x49, 0xa4, 0x12, 0x9, 0x4,
    0x82, 0x41, 0x20, 0x90, 0x40, 0xf, 0xfc, 0x7,
    0xff, 0x1, 0x80, 0xc0, 0x60, 0x30, 0x18, 0x0,

    /* U+1F485 "💅" */
    0x0, 0xc, 0x0, 0x14, 0x0, 0x50, 0x1, 0xc0,
    0x2, 0x80, 0x6, 0x0, 0x10, 0x0, 0x20, 0x30,
    0xc0, 0xf8, 0x82, 0xf2, 0x7, 0xb8, 0xb, 0x50,
    0x16, 0xe0, 0x2d, 0x40, 0x40, 0x80,

    /* U+1F486 "💆" */
    0xa0, 0xd, 0x1, 0x6b, 0xeb, 0x20, 0x98, 0xb6,
    0xda, 0x76, 0xa0, 0xb6, 0xa7, 0x75, 0x39, 0x1,
    0xc, 0x8, 0x24, 0x80, 0xf8, 0x0, 0x1, 0xf3,
    0xd0, 0x61, 0x80, 0xc, 0x0, 0x40,

    /* U+1F487 "💇" */
    0xf, 0x80, 0x3, 0xc, 0x0, 0x80, 0x80, 0x11,
    0xc8, 0x2, 0xc5, 0x80, 0x6a, 0x51, 0xcd, 0x4b,
    0x69, 0x81, 0x93, 0x10, 0x3f, 0x81, 0x4f, 0x0,
    0x33, 0x16, 0x0, 0x2, 0x43, 0x87, 0x30, 0x8f,
    0x30, 0x20, 0x2, 0x4, 0x0, 0x40,

    /* U+1F488 "💈" */
    0xff, 0xff, 0xf6, 0xc9, 0xce, 0x45, 0x97, 0xa6,
    0x89, 0xc6, 0x47, 0x92, 0xa7, 0xc9, 0xce, 0x45,
    0x97, 0xaf, 0xff, 0xff,

    /* U+1F489 "💉" */
    0x0, 0x4, 0x0, 0xa, 0x0, 0x34, 0x0, 0x48,
    0x0, 0x88, 0x1, 0x28, 0x2, 0x10, 0x5, 0x60,
    0x8, 0xc0, 0x10, 0x80, 0x9, 0x0, 0xe, 0x0,
    0x10, 0x0, 0x20, 0x0, 0x40, 0x0, 0x80, 0x0,

    /* U+1F48A "💊" */
    0x0, 0x3c, 0x0, 0x21, 0x80, 0x20, 0x40, 0x20,
    0x10, 0x20, 0x8, 0x20, 0x4, 0x28, 0x4, 0x22,
    0x2, 0x20, 0x82, 0x20, 0x22, 0x20, 0xa, 0x10,
    0x2, 0x8, 0x2, 0x4, 0x2, 0x1, 0x2, 0x0,
    0xc2, 0x0, 0x1e, 0x0, 0x0,

    /* U+1F48B "💋" */
    0x1, 0xc0, 0x7, 0x10, 0x1c, 0xc, 0x10, 0x3,
    0xc4, 0x0, 0x12, 0x3c, 0x9, 0x11, 0x84, 0x84,
    0x42, 0x21, 0x11, 0x10, 0x78, 0x84, 0x0, 0x41,
    0x0, 0x10, 0x60, 0x70, 0xf, 0xc0,

    /* U+1F48C "💌" */
    0xff, 0xff, 0xfc, 0x0, 0x0, 0x70, 0x0, 0xf,
    0x40, 0x0, 0x59, 0xf, 0xc4, 0xc4, 0x91, 0x46,
    0x4, 0x8, 0x30, 0x20, 0x41, 0x80, 0x84, 0xc,
    0x2, 0x40, 0x60, 0xc, 0x3, 0x0, 0x0, 0x18,
    0x0, 0x0, 0xff, 0xff, 0xfc,

    /* U+1F48D "💍" */
    0x7, 0x80, 0x33, 0x0, 0x30, 0x3, 0xf0, 0x18,
    0x60, 0x80, 0x44, 0x0, 0xb0, 0x3, 0x80, 0x6,
    0x0, 0x18, 0x0, 0x60, 0x1, 0xc0, 0xd, 0x0,
    0x22, 0x1, 0x6, 0x18, 0xf, 0xc0,

    /* U+1F48E "💎" */
    0x1f, 0xff, 0xc1, 0x87, 0x41, 0x18, 0xc9, 0x85,
    0x88, 0x42, 0x1f, 0xff, 0xff, 0xc4, 0x10, 0x49,
    0x10, 0x84, 0x84, 0x84, 0x28, 0x12, 0x21, 0x80,
    0x91, 0x14, 0x2, 0x48, 0xc0, 0xa, 0x4c, 0x0,
    0x2a, 0x40, 0x0, 0xd6, 0x0, 0x5, 0xa0, 0x0,
    0x1e, 0x0, 0x0, 0x70, 0x0, 0x1, 0x0, 0x0,

    /* U+1F48F "💏" */
    0x3, 0x60, 0x0, 0xd2, 0x0, 0x10, 0x40, 0x1,
    0x10, 0x0, 0x14, 0x0, 0xf9, 0x9e, 0x20, 0xa4,
    0x24, 0x11, 0xa, 0xcd, 0x27, 0xde, 0xa5, 0x1a,
    0xa8, 0xe3, 0x21, 0x28, 0x54, 0x64, 0xd2, 0x78,
    0x8e, 0x40, 0x0, 0x0,

    /* U+1F490 "💐" */
    0x8, 0x88, 0x4, 0x54, 0x7b, 0x7e, 0x54, 0xaa,
    0xa9, 0x15, 0xa9, 0x15, 0xa9, 0x25, 0x7e, 0xfa,
    0x0, 0x80, 0x4, 0x90, 0x4, 0x90, 0x2, 0x90,
    0x2, 0xa0, 0x1, 0xa0, 0x1, 0xc0, 0x1, 0xc0,
    0x2, 0xc0, 0x3, 0xc0, 0x1, 0x80, 0x1, 0x80,

    /* U+1F491 "💑" */
    0x0, 0xd8, 0x0, 0xb, 0x60, 0x0, 0x41, 0x0,
    0x2, 0x10, 0x0, 0x9, 0x0, 0x1f, 0x2b, 0xe0,
    0x84, 0xa0, 0x88, 0x62, 0x3a, 0x7f, 0x16, 0x31,
    0x48, 0xd5, 0x88, 0x46, 0xa, 0x5a, 0x53, 0x51,
    0x22, 0x44, 0x86, 0x11, 0xc4, 0xcc, 0x31, 0x99,
    0x92, 0x72, 0x80, 0x60, 0xc, 0x3, 0x0, 0x40,

    /* U+1F492 "💒" */
    0x4, 0x0, 0xe0, 0x4, 0x0, 0x60, 0x19, 0x81,
    0x8, 0x10, 0x81, 0xe8, 0x11, 0x1, 0x8, 0x3e,
    0x45, 0x92, 0x8a, 0x18, 0x41, 0x80, 0x18, 0x1,
    0x8e, 0x19, 0x11, 0x91, 0x19, 0x11, 0xff, 0xf0,

    /* U+1F493 "💓" */
    0x0, 0x0, 0x0, 0x80, 0x0, 0x45, 0x78, 0x7a,
    0xab, 0x1e, 0x35, 0xd8, 0x30, 0x75, 0x40, 0x0,
    0xc1, 0x0, 0x2, 0x4, 0x0, 0x8, 0x10, 0x0,
    0x40, 0x20, 0x1, 0x0, 0x40, 0x8, 0x0, 0x80,
    0x40, 0x2, 0x2, 0x0, 0x4, 0x10, 0x0, 0x8,
    0x40, 0x0, 0x12, 0x0, 0x0, 0x30, 0x0, 0x0,
    0x0, 0x0,

    /* U+1F494 "💔" */
    0x3c, 0x1e, 0x31, 0x11, 0xb0, 0x50, 0x70, 0x28,
    0x18, 0x28, 0xc, 0xc, 0x5, 0x3, 0x84, 0x81,
    0x42, 0x20, 0xc2, 0x8, 0xa2, 0x2, 0x52, 0x1,
    0x1a, 0x0, 0x4b, 0x0, 0x15, 0x0, 0x5, 0x0,
    0x0, 0x0,

    /* U+1F495 "💕" */
    0x0, 0x1b, 0x0, 0x12, 0x40, 0x8, 0x20, 0x2,
    0x20, 0x0, 0xa3, 0xde, 0x23, 0x31, 0x81, 0x0,
    0x40, 0x80, 0x20, 0x40, 0x10, 0x10, 0x10, 0x4,
    0x10, 0x2, 0x10, 0x0, 0x90, 0x0, 0x28, 0x0,
    0x8, 0x0,

    /* U+1F496 "💖" */
    0x0, 0x8, 0x1c, 0x8, 0x63, 0x48, 0x41, 0x98,
    0x80, 0x67, 0x88, 0x1d, 0x88, 0x9, 0x88, 0x9,
    0x48, 0xa, 0x18, 0x4, 0x67, 0x8, 0xe7, 0x8,
    0x18, 0x10, 0x18, 0x20, 0xa, 0x40, 0x9, 0x80,
    0x8, 0x0,

    /* U+1F497 "💗" */
    0x3c, 0x3c, 0x63, 0xc6, 0xc1, 0x83, 0x80, 0x1,
    0x80, 0x1, 0x80, 0x1, 0x80, 0x2, 0x40, 0x2,
    0x20, 0x4, 0x10, 0x8, 0x10, 0x10, 0x8, 0x20,
    0x4, 0x20, 0x2, 0x40, 0x1, 0x80, 0x0, 0x0,

    /* U+1F498 "💘" */
    0x0, 0x0, 0x0, 0x0, 0x7, 0x0, 0x0, 0x70,
    0x78, 0xf7, 0x18, 0xd1, 0x81, 0x6, 0xc, 0x20,
    0x0, 0x42, 0x0, 0x4, 0x20, 0x0, 0x42, 0x0,
    0x4, 0x10, 0x0, 0x80, 0x80, 0x10, 0x4, 0x82,
    0x0, 0x10, 0x20, 0x2, 0x4, 0x0, 0x50, 0x80,
    0x3c, 0x90, 0x4, 0x46, 0x0, 0x74, 0x20, 0x1,
    0x80, 0x0, 0x10, 0x0, 0x0,

    /* U+1F499 "💙" */
    0x3c, 0x3c, 0x63, 0xc6, 0xc1, 0x83, 0x80, 0x1,
    0x80, 0x1, 0x80, 0x1, 0x80, 0x2, 0x40, 0x2,
    0x20, 0x4, 0x10, 0x8, 0x10, 0x10, 0x8, 0x20,
    0x4, 0x20, 0x2, 0x40, 0x1, 0x80, 0x0, 0x0,

    /* U+1F49A "💚" */
    0x3c, 0x3c, 0x63, 0xc6, 0xc1, 0x83, 0x80, 0x1,
    0x80, 0x1, 0x80, 0x1, 0x80, 0x2, 0x40, 0x2,
    0x20, 0x4, 0x10, 0x8, 0x10, 0x10, 0x8, 0x20,
    0x4, 0x20, 0x2, 0x40, 0x1, 0x80, 0x0, 0x0,

    /* U+1F49B "💛" */
    0x3c, 0x3c, 0x63, 0xc6, 0xc1, 0x83, 0x80, 0x1,
    0x80, 0x1, 0x80, 0x1, 0x80, 0x2, 0x40, 0x2,
    0x20, 0x4, 0x10, 0x8, 0x10, 0x10, 0x8, 0x20,
    0x4, 0x20, 0x2, 0x40, 0x1, 0x80, 0x0, 0x0,

    /* U+1F49C "💜" */
    0x3c, 0x3c, 0x63, 0xc6, 0xc1, 0x83, 0x80, 0x1,
    0x80, 0x1, 0x80, 0x1, 0x80, 0x2, 0x40, 0x2,
    0x20, 0x4, 0x10, 0x8, 0x10, 0x10, 0x8, 0x20,
    0x4, 0x20, 0x2, 0x40, 0x1, 0x80, 0x0, 0x0,

    /* U+1F49D "💝" */
    0x3c, 0x78, 0x18, 0xa1, 0xc, 0x10, 0x22, 0x0,
    0x0, 0x83, 0xc3, 0xa1, 0xf, 0x28, 0x42, 0x89,
    0x10, 0xa2, 0x22, 0x28, 0x88, 0xbf, 0xa1, 0x1a,
    0xd0, 0x22, 0xa8, 0x5, 0x2a, 0x1, 0x31, 0x0,
    0x20, 0x0, 0x6, 0x0,

    /* U+1F49E "💞" */
    0x0, 0x1f, 0x83, 0xd0, 0x46, 0x4, 0x20, 0x2,
    0x20, 0x0, 0xa3, 0xde, 0x23, 0x11, 0x83, 0x0,
    0x41, 0x80, 0x20, 0xc0, 0x10, 0x90, 0x10, 0xc4,
    0x11, 0x81, 0x17, 0x80, 0x90, 0x0, 0x28, 0x0,
    0x8, 0x0,

    /* U+1F49F "💟" */
    0xff, 0xff, 0x80, 0x1, 0x80, 0x1, 0x8f, 0x79,
    0x98, 0x8d, 0x90, 0x5, 0x90, 0x5, 0x90, 0x5,
    0x88, 0x9, 0x84, 0x11, 0x82, 0x21, 0x82, 0x41,
    0x81, 0x41, 0x80, 0x81, 0x80, 0x1, 0xff, 0xff,

    /* U+1F4A0 "💠" */
    0x0, 0x80, 0x0, 0xe0, 0x0, 0xc8, 0x0, 0xc2,
    0x0, 0xc0, 0x80, 0xe0, 0xa0, 0xc8, 0x88, 0xc3,
    0xc2, 0x41, 0x20, 0x90, 0xf0, 0x84, 0x88, 0x81,
    0x82, 0x80, 0x40, 0x80, 0x10, 0x80, 0x4, 0x80,
    0x1, 0x80, 0x0, 0x0, 0x0,

    /* U+1F4A1 "💡" */
    0xf, 0x3, 0xc, 0x40, 0x2c, 0x3, 0x80, 0x18,
    0x1, 0x80, 0x18, 0x1, 0x40, 0x25, 0xf2, 0x24,
    0x42, 0x44, 0x24, 0x41, 0xf8, 0x0, 0x1, 0xf0,
    0x3, 0x1, 0xf8, 0x10, 0x80, 0xf0,

    /* U+1F4A2 "💢" */
    0x0, 0x0, 0x6, 0x3, 0x1, 0xff, 0x41, 0x20,
    0x22, 0x66, 0x11, 0x94, 0x78, 0xa3, 0x0, 0x50,
    0xa0, 0x24, 0x28, 0x9, 0xa, 0x2, 0x42, 0x80,
    0x90, 0xc0, 0x14, 0x50, 0x4, 0x98, 0xf8, 0xac,
    0x61, 0x98, 0x2f, 0xd0, 0x1c, 0xc, 0x0, 0x0,
    0x0,

    /* U+1F4A3 "💣" */
    0x0, 0x0, 0x20, 0x0, 0x8, 0x0, 0x22, 0x3,
    0xfa, 0x1, 0x81, 0xa0, 0x60, 0x1a, 0x18, 0x1,
    0xc2, 0x0, 0x10, 0x80, 0x1, 0x10, 0x0, 0x22,
    0x0, 0x4, 0x40, 0x0, 0x88, 0x0, 0x11, 0x0,
    0x2, 0x10, 0x0, 0x83, 0x0, 0x30, 0x30, 0xc,
    0x3, 0x3, 0x0, 0x1f, 0x80, 0x0,

    /* U+1F4A4 "💤" */
    0x0, 0x7, 0xe0, 0x0, 0xfc, 0x0, 0x3, 0x0,
    0x0, 0x60, 0x0, 0x18, 0x0, 0x3, 0x0, 0x0,
    0xc0, 0x0, 0x18, 0x0, 0x7, 0xe0, 0x7c, 0xfc,
    0xf, 0x80, 0x0, 0x60, 0x0, 0x1c, 0x0, 0x3,
    0x0, 0x0, 0xf8, 0x7, 0x80, 0x0, 0x30, 0x0,
    0xc, 0x0, 0x3, 0x80, 0x0, 0x78, 0x0, 0x0,

    /* U+1F4A5 "💥" */
    0x0, 0x0, 0x2, 0x8, 0x1, 0xc, 0x0, 0xcc,
    0x2, 0x66, 0x1, 0xe5, 0x0, 0x50, 0x98, 0x10,
    0x78, 0xf0, 0x18, 0x30, 0x7, 0x6, 0x0, 0x62,
    0x83, 0xc3, 0x85, 0x0, 0x15, 0x80, 0xa, 0xc0,
    0x6, 0x20, 0x3, 0x0, 0x1, 0x0, 0x0,

    /* U+1F4A6 "💦" */
    0x0, 0x1e, 0x0, 0x70, 0x80, 0x20, 0x22, 0x10,
    0x12, 0x84, 0x9, 0x32, 0x5, 0x84, 0x84, 0x81,
    0x3c, 0x40, 0x40, 0x20, 0x20, 0x10, 0x17, 0xc8,
    0xa, 0x14, 0x9, 0x9, 0xc, 0x84, 0x78, 0x26,
    0x0, 0x1e,

    /* U+1F4A7 "💧" */
    0x0, 0x0, 0x1c, 0x0, 0x48, 0x2, 0x10, 0x8,
    0x40, 0x40, 0x82, 0x2, 0x8, 0x4, 0x20, 0x11,
    0x0, 0x24, 0x0, 0x90, 0x2, 0x80, 0x6, 0x0,
    0x18, 0x0, 0x60, 0x1, 0x80, 0x7, 0x0, 0x34,
    0x0, 0x88, 0x4, 0x18, 0x60, 0x3f, 0x0,

    /* U+1F4A8 "💨" */
    0x1, 0xf0, 0x0, 0x2c, 0x20, 0x1, 0x60, 0x70,
    0x5, 0x0, 0x20, 0x64, 0x0, 0x60, 0x60, 0x0,
    0x6e, 0x0, 0x0, 0xc0, 0x0, 0x1, 0x0, 0x0,
    0x4, 0x0, 0x0, 0x18, 0x0, 0x0, 0xdc, 0x0,
    0x6, 0x4c, 0x0, 0x60, 0xd0, 0x2, 0x1, 0x60,
    0xf0, 0x2, 0xc6, 0x0, 0x1, 0xf0, 0x0,

    /* U+1F4A9 "💩" */
    0x0, 0x0, 0x7, 0x0, 0x4, 0xc0, 0x1, 0x40,
    0xe, 0x40, 0x18, 0x60, 0x10, 0x90, 0x1d, 0x70,
    0x32, 0x98, 0x56, 0xf4, 0x53, 0x94, 0x7c, 0x6a,
    0x80, 0x71, 0xc7, 0x82, 0x28, 0x3e,

    /* U+1F4AA "💪" */
    0xf, 0x0, 0x4, 0x20, 0x6, 0xd8, 0x1, 0xb6,
    0x80, 0x5a, 0x20, 0x10, 0x70, 0x4, 0xe0, 0x1,
    0x20, 0x0, 0x88, 0x7e, 0x22, 0x60, 0x48, 0xa0,
    0xa, 0x8, 0x1, 0x84, 0x0, 0x61, 0x1, 0x18,
    0xf, 0x8a, 0x0, 0x4, 0x80, 0x4, 0x20, 0x1e,
    0xf, 0xf8, 0x0,

    /* U+1F4AB "💫" */
    0x0, 0x0, 0x3f, 0xf0, 0x3, 0x7, 0x0, 0x70,
    0x40, 0x6, 0x10, 0x8, 0x88, 0xc, 0x44, 0x5,
    0x2, 0xc, 0xc2, 0x18, 0x1e, 0x4, 0x5, 0x1,
    0x5, 0x0, 0x82, 0x0, 0x49, 0x0, 0x3b, 0x80,
    0x0, 0x0,

    /* U+1F4AC "💬" */
    0x7, 0xe0, 0x8, 0x18, 0x30, 0xc, 0x20, 0x6,
    0x40, 0x2, 0x80, 0x1, 0x80, 0x1, 0x80, 0x1,
    0x89, 0x21, 0x80, 0x1, 0x80, 0x1, 0x40, 0x2,
    0x18, 0x4, 0x24, 0xc, 0x44, 0x10, 0x3b, 0xe0,
    0xc0, 0x0, 0xc0, 0x0,

    /* U+1F4AD "💭" */
    0x0, 0x40, 0x0, 0x6e, 0x0, 0x20, 0x40, 0x10,
    0x8, 0x38, 0x2, 0x10, 0x0, 0x28, 0x0, 0x6,
    0x0, 0x1, 0x80, 0x0, 0x50, 0x0, 0x12, 0x0,
    0x8, 0x80, 0x2, 0x20, 0x0, 0x80, 0x0, 0x40,
    0xd8, 0x20, 0xc9, 0xb0, 0x22, 0x10, 0x17, 0x0,
    0xa, 0x0, 0x1, 0x0, 0x0,

    /* U+1F4AE "💮" */
    0x0, 0x20, 0x0, 0xb, 0x0, 0x8, 0x20, 0x3,
    0x84, 0x7, 0x48, 0xc1, 0x89, 0x6c, 0x21, 0x10,
    0x82, 0x10, 0x26, 0x1e, 0x4, 0x44, 0x3, 0x8,
    0x80, 0x1a, 0xf, 0x20, 0x84, 0x46, 0x10, 0x88,
    0xbc, 0x11, 0x20, 0x3, 0xa4, 0x40, 0x3, 0x48,
    0x0, 0x7, 0x0,

    /* U+1F4AF "💯" */
    0x67, 0xe, 0xec, 0x93, 0xa8, 0xb3, 0x28, 0xb3,
    0x28, 0xb3, 0x28, 0xb3, 0x2c, 0x93, 0x27, 0x1e,
    0x0, 0x0, 0x0, 0x0, 0xff, 0xff, 0x0, 0x0,
    0x0, 0x0, 0xff, 0xff,

    /* U+1F4B0 "💰" */
    0x1f, 0xf2, 0x40, 0x4c, 0x82, 0x1b, 0xf8, 0x70,
    0x10, 0x80, 0x24, 0x10, 0xa0, 0x61, 0x82, 0x86,
    0xe, 0x18, 0x18, 0x60, 0x41, 0x40, 0x9, 0x0,
    0x22, 0x1, 0x6, 0x18, 0x7, 0xc0,

    /* U+1F4B1 "💱" */
    0xfd, 0xe0, 0xe5, 0xe0, 0xe5, 0xe0, 0xf6, 0xe8,
    0xf7, 0xe4, 0xe5, 0xe2, 0xfd, 0xe1, 0x0, 0x1,
    0x0, 0x0, 0x40, 0x0, 0x43, 0xff, 0x22, 0xcf,
    0x1b, 0x5b, 0x12, 0x5b, 0x2, 0x49, 0x3, 0xbf,

    /* U+1F4B2 "💲" */
    0xc, 0x2, 0x40, 0x4c, 0x30, 0x69, 0xe7, 0x42,
    0x68, 0x4d, 0x7, 0x9f, 0x8, 0x18, 0xf1, 0x71,
    0x9a, 0x13, 0x42, 0x67, 0x92, 0x2, 0x33, 0x82,
    0x40, 0x30, 0x0,

    /* U+1F4B3 "💳" */
    0xff, 0xff, 0xc0, 0x0, 0x7f, 0xff, 0xff, 0xff,
    0xf8, 0x0, 0xc, 0x0, 0x6, 0xe0, 0x3, 0x90,
    0x1, 0xa8, 0x0, 0xc8, 0x0, 0x7f, 0xff, 0xe0,

    /* U+1F4B4 "💴" */
    0xdf, 0xff, 0xc8, 0x3f, 0x74, 0x16, 0xba, 0xc,
    0xdd, 0x64, 0x6e, 0xa3, 0x37, 0x51, 0x6b, 0xa0,
    0x85, 0xd0, 0x42, 0xc8, 0x2e, 0x77, 0xff, 0xe0,

    /* U+1F4B5 "💵" */
    0xfb, 0xff, 0xce, 0xe, 0x69, 0x5, 0x39, 0x93,
    0x7d, 0x59, 0x9e, 0xa4, 0xaf, 0x52, 0x67, 0x98,
    0x33, 0xe4, 0x13, 0xce, 0xe, 0x7e, 0xff, 0xe0,

    /* U+1F4B6 "💶" */
    0x9f, 0xbf, 0xc8, 0x5f, 0x64, 0x2f, 0xb2, 0x17,
    0xd9, 0x7b, 0xac, 0xe4, 0x6, 0x5a, 0x3, 0x21,
    0x1, 0x90, 0x80, 0xc8, 0x40, 0x77, 0xef, 0xe0,

    /* U+1F4B7 "💷" */
    0xdf, 0xbf, 0xc8, 0x40, 0x64, 0x25, 0xb2, 0x11,
    0xd9, 0x9, 0x6c, 0xa4, 0xf6, 0x52, 0x3, 0x2d,
    0x1, 0x90, 0x80, 0xc8, 0x40, 0x64, 0x20, 0x3b,
    0xf7, 0xf0,

    /* U+1F4B8 "💸" */
    0x0, 0x3, 0x0, 0x5, 0x0, 0x9, 0x1, 0x13,
    0x2, 0x92, 0x4, 0x7c, 0x8, 0xd0, 0x9, 0x8,
    0xe, 0x18, 0x6, 0x24, 0xf, 0x46, 0x13, 0x8c,
    0x22, 0xd8, 0x46, 0x70, 0x7c, 0x0, 0x70, 0x0,

    /* U+1F4B9 "💹" */
    0x0, 0x1, 0x44, 0x1, 0x94, 0x0, 0xca, 0x0,
    0xef, 0x80, 0x61, 0x0, 0x70, 0x84, 0x30, 0x43,
    0xb8, 0x2, 0xf8, 0x1, 0x94, 0x1, 0x44, 0x0,
    0xc0, 0x3, 0x60, 0x2, 0x50, 0x2, 0xf0, 0x1,
    0x80, 0x0, 0xc0, 0x0, 0x0,

    /* U+1F4BA "💺" */
    0x20, 0x7, 0x80, 0x2c, 0x1, 0x30, 0x5, 0x80,
    0x24, 0x1, 0x20, 0x5, 0xfc, 0x28, 0x21, 0x3e,
    0x4, 0xfe, 0x20, 0x11, 0xff, 0x84, 0x8, 0x3f,
    0xc1, 0xfe,

    /* U+1F4BB "💻" */
    0xff, 0xff, 0xc0, 0x0, 0x60, 0x0, 0x30, 0x0,
    0x18, 0x0, 0xc, 0x0, 0x6, 0x0, 0x3, 0x0,
    0x1, 0x80, 0x0, 0xc0, 0x0, 0x60, 0x0, 0x3f,
    0xff, 0xfb, 0xff, 0xec, 0x0, 0x7, 0xff, 0xfb,
    0x0, 0x1, 0xbf, 0xfe, 0xc1, 0xf0, 0x60, 0x88,
    0x30, 0x44, 0x18, 0x1c, 0xf, 0xff, 0xfc,

    /* U+1F4BC "💼" */
    0x3, 0xe0, 0x2, 0x20, 0x0, 0x0, 0xff, 0xff,
    0x80, 0x1, 0x80, 0x1, 0x80, 0x1, 0x80, 0x1,
    0x83, 0xe1, 0x7e, 0x3e, 0x83, 0xe1, 0x80, 0x1,
    0x80, 0x1, 0x80, 0x1, 0x80, 0x1, 0xff, 0xff,

    /* U+1F4BD "💽" */
    0xff, 0xff, 0xc0, 0x0, 0x60, 0xf8, 0x31, 0x83,
    0x19, 0x80, 0x4c, 0x80, 0x26, 0x80, 0x3, 0x43,
    0xbf, 0xc2, 0x30, 0xe1, 0x18, 0x68, 0x74, 0x34,
    0x1, 0xf9, 0x0, 0x4c, 0x80, 0x26, 0x30, 0x63,
    0x7, 0xc1, 0x80, 0x0, 0xff, 0xff, 0xc0,

    /* U+1F4BE "💾" */
    0xff, 0xff, 0xf0, 0x2, 0x1c, 0x0, 0x87, 0x0,
    0x21, 0xc0, 0x8, 0x70, 0x2, 0x1b, 0xff, 0x86,
    0x0, 0x1, 0xbf, 0xff, 0x77, 0xff, 0x5d, 0x0,
    0x57, 0x7f, 0xf5, 0xc0, 0x1, 0x70, 0x0, 0x5c,
    0x0, 0x17, 0x0, 0x5, 0xff, 0xff, 0xc0,

    /* U+1F4BF "💿" */
    0x3, 0xfc, 0x0, 0xe0, 0xf0, 0x18, 0x1, 0x83,
    0x0, 0xc, 0x60, 0x0, 0x64, 0x0, 0x6, 0xc0,
    0x0, 0x28, 0x0, 0x3, 0x80, 0xf0, 0x18, 0x9,
    0x1, 0x80, 0x90, 0x18, 0xf, 0x1, 0x80, 0x0,
    0x3c, 0x0, 0x2, 0x40, 0x0, 0x66, 0x0, 0x4,
    0x30, 0x0, 0xc1, 0x80, 0x38, 0xf, 0xe, 0x0,
    0x3f, 0xc0,

    /* U+1F4C0 "📀" */
    0x1, 0xf8, 0x0, 0x60, 0x60, 0x18, 0x1, 0x83,
    0x0, 0xc, 0x20, 0x0, 0x44, 0x0, 0x2, 0x40,
    0x0, 0x28, 0x0, 0x1, 0x80, 0x60, 0x18, 0x9,
    0x1, 0x80, 0x90, 0x18, 0x6, 0x1, 0x80, 0x0,
    0x14, 0x0, 0x2, 0x40, 0x0, 0x22, 0x0, 0x4,
    0x30, 0x0, 0xc1, 0x80, 0x18, 0x6, 0x6, 0x0,
    0x1f, 0x80,

    /* U+1F4C1 "📁" */
    0xfe, 0x0, 0x41, 0x0, 0x20, 0xff, 0xd0, 0x0,
    0x2b, 0xff, 0xfd, 0x0, 0x6, 0x80, 0x3, 0x40,
    0x1, 0xa0, 0x0, 0xd0, 0x0, 0x68, 0x0, 0x34,
    0x0, 0x1a, 0x0, 0xd, 0x0, 0x4, 0x80, 0x2,
    0xff, 0xff,

    /* U+1F4C2 "📂" */
    0xfc, 0x0, 0x10, 0x80, 0x2, 0xf, 0xfc, 0x40,
    0x0, 0x88, 0xff, 0xff, 0x10, 0x0, 0x64, 0x0,
    0xc, 0x80, 0x2, 0x90, 0x0, 0x52, 0x0, 0xa,
    0x80, 0x1, 0x50, 0x0, 0x4a, 0x0, 0x9, 0x40,
    0x1, 0x10, 0x0, 0x27, 0xff, 0xf8,

    /* U+1F4C3 "📃" */
    0x7f, 0xfe, 0x80, 0x5, 0x38, 0xa, 0xff, 0xd4,
    0x0, 0x2b, 0xff, 0x50, 0x0, 0xa7, 0xf9, 0x5f,
    0x2, 0x80, 0xe5, 0x1e, 0x4b, 0xc0, 0x58, 0x0,
    0xb0, 0x7, 0xe3, 0xf0, 0x38, 0x0,

    /* U+1F4C4 "📄" */
    0xff, 0x2, 0xe, 0x8, 0x2c, 0x20, 0x98, 0x82,
    0x32, 0x8, 0x28, 0x3e, 0x60, 0x1, 0x80, 0x6,
    0x0, 0x18, 0x0, 0x60, 0x1, 0x80, 0x6, 0x0,
    0x18, 0x0, 0x60, 0x1, 0xff, 0xfc,

    /* U+1F4C5 "📅" */
    0x10, 0x8, 0xff, 0xff, 0x90, 0x9, 0xb8, 0x9,
    0xb8, 0x9, 0x80, 0x1, 0xff, 0xff, 0x80, 0x1,
    0x84, 0xe1, 0x8d, 0x11, 0x84, 0x11, 0x84, 0x21,
    0x84, 0x41, 0x84, 0xbe, 0x85, 0xa4, 0x80, 0x18,
    0xff, 0xe0,

    /* U+1F4C6 "📆" */
    0xff, 0xff, 0xb0, 0x19, 0xa8, 0x19, 0xa8, 0x15,
    0xb8, 0xd, 0x80, 0x1, 0xff, 0xff, 0x84, 0xe1,
    0x8d, 0x11, 0x84, 0x11, 0x84, 0x21, 0x84, 0x41,
    0x84, 0xbf, 0x85, 0xa4, 0x80, 0x18, 0xff, 0xf0,

    /* U+1F4C7 "📇" */
    0x3b, 0x18, 0x4c, 0xa4, 0x3f, 0xfc, 0x40, 0x4,
    0x5e, 0x4, 0x40, 0x4, 0x5f, 0x84, 0x5e, 0x4,
    0x44, 0x24, 0xbf, 0xff, 0x84, 0x23, 0xff, 0xff,
    0x40, 0x4, 0x40, 0x4, 0x40, 0x4, 0x40, 0x4,
    0x40, 0x4, 0x3f, 0xfc,

    /* U+1F4C8 "📈" */
    0xff, 0xff, 0x88, 0x89, 0x88, 0x81, 0x88, 0x81,
    0xff, 0xff, 0x88, 0x99, 0x88, 0xa9, 0x88, 0xa9,
    0xff, 0xb7, 0x88, 0xd1, 0x8b, 0xe9, 0x85, 0x29,
    0xfa, 0xdf, 0x8c, 0x89, 0x8c, 0x89, 0xff, 0xff,

    /* U+1F4C9 "📉" */
    0xff, 0xff, 0x88, 0x89, 0x80, 0x89, 0x98, 0x89,
    0xf4, 0x3f, 0x8a, 0xc9, 0x85, 0xa9, 0x8b, 0x69,
    0xfc, 0x57, 0x88, 0xb1, 0x88, 0xa9, 0x88, 0x99,
    0xff, 0xf7, 0x88, 0x89, 0x88, 0x89, 0xff, 0xff,

    /* U+1F4CA "📊" */
    0xff, 0xff, 0x80, 0x1, 0x80, 0x1, 0xff, 0xff,
    0x82, 0x41, 0x82, 0x41, 0xfe, 0x7f, 0x82, 0x41,
    0xba, 0x41, 0xea, 0x7f, 0xaa, 0x5d, 0xaa, 0x55,
    0xea, 0x57, 0xaa, 0x55, 0xaa, 0x55, 0xff, 0xff,

    /* U+1F4CB "📋" */
    0x3, 0x0, 0x18, 0x37, 0x37, 0x3f, 0xbc, 0x1,
    0xe0, 0xf, 0x7c, 0x7b, 0xf3, 0xdf, 0xde, 0xf8,
    0xf0, 0x7, 0xbe, 0x3d, 0xc1, 0xe0, 0xf, 0x0,
    0x78, 0x3, 0xc0, 0x7e, 0x1, 0x6f, 0xf3, 0x0,
    0x1f, 0xff, 0x80,

    /* U+1F4CC "📌" */
    0x3e, 0x11, 0xf, 0x84, 0x42, 0x22, 0x11, 0x8,
    0x82, 0x80, 0xff, 0xc0, 0x2, 0x81, 0x40, 0xa0,
    0x50, 0x28, 0x14, 0x4, 0x2, 0x0,

    /* U+1F4CD "📍" */
    0x3e, 0x31, 0xb0, 0x70, 0x18, 0xc, 0x7, 0x6,
    0xc6, 0x3e, 0x0, 0x5, 0x2, 0x81, 0x40, 0xa0,
    0x50, 0x28, 0x14, 0xc, 0x2, 0x0,

    /* U+1F4CE "📎" */
    0x70, 0x1, 0x10, 0x2, 0x10, 0x4, 0x13, 0x4,
    0x11, 0x4, 0x91, 0x4, 0x91, 0x4, 0x92, 0x4,
    0x92, 0x6, 0xa4, 0x6, 0xc8, 0x6, 0x20, 0x3,
    0x80,

    /* U+1F4CF "📏" */
    0x0, 0x0, 0x70, 0x1, 0x10, 0x4, 0x20, 0xa,
    0x20, 0xa, 0x20, 0x9, 0x20, 0x8, 0x20, 0xc,
    0x40, 0xc, 0x40, 0x14, 0x40, 0x12, 0x40, 0x10,
    0x40, 0x18, 0x80, 0x18, 0x80, 0x2a, 0x0, 0x28,
    0x0, 0x20,

    /* U+1F4D0 "📐" */
    0xff, 0xfa, 0x0, 0x2b, 0xe9, 0x29, 0x48, 0xa8,
    0x42, 0xd2, 0xa, 0x10, 0x22, 0x80, 0x94, 0x2,
    0xa0, 0x9, 0x0, 0x28, 0x0, 0xc0, 0x2, 0x0,
    0x0,

    /* U+1F4D1 "📑" */
    0xff, 0xe0, 0x20, 0x1c, 0x8, 0x5, 0xc2, 0xf9,
    0x38, 0x80, 0x36, 0x2f, 0xf9, 0xf8, 0x0, 0x66,
    0x0, 0x1f, 0xbf, 0xe6, 0x20, 0x1, 0x88, 0x0,
    0x62, 0x7f, 0x98, 0x80, 0x7, 0x20, 0x2, 0x49,
    0xfe, 0x72, 0x0, 0x18, 0xff, 0xfe, 0x0, 0x0,
    0x83, 0xff, 0xe0,

    /* U+1F4D2 "📒" */
    0x1f, 0xff, 0xdf, 0xff, 0xf4, 0x0, 0xd, 0x0,
    0x3, 0xe0, 0x0, 0xd0, 0x0, 0x3e, 0x0, 0xd,
    0x0, 0x3, 0xe0, 0x0, 0xd0, 0x0, 0x34, 0x0,
    0xf, 0x80, 0x3, 0x40, 0x0, 0xf8, 0x0, 0x34,
    0x0, 0xd, 0x0, 0x2, 0x7f, 0xff, 0x80,

    /* U+1F4D3 "📓" */
    0x7f, 0xff, 0xff, 0xff, 0xe0, 0x0, 0x70, 0x0,
    0x38, 0x0, 0x1c, 0x0, 0xe, 0x6d, 0x47, 0x36,
    0xa3, 0x93, 0x51, 0xc0, 0x0, 0xe0, 0x0, 0x70,
    0x0, 0x38, 0x0, 0x1c, 0x0, 0xe, 0x0, 0x7,
    0x0, 0x2, 0xff, 0xff, 0x0,

    /* U+1F4D4 "📔" */
    0x7f, 0xff, 0xe0, 0x0, 0x1f, 0xff, 0xf6, 0x80,
    0x5, 0xa0, 0x1, 0x68, 0x0, 0x5a, 0x0, 0x16,
    0xdf, 0xf5, 0xaf, 0x55, 0x69, 0xd7, 0x5a, 0x0,
    0x16, 0x80, 0x5, 0xa0, 0x1, 0x68, 0x0, 0x5a,
    0x0, 0x16, 0x80, 0x5, 0xa0, 0x1, 0x3f, 0xff,
    0xc0,

    /* U+1F4D5 "📕" */
    0x7f, 0xff, 0xff, 0xff, 0xe0, 0x0, 0x70, 0x0,
    0x38, 0x0, 0x1c, 0x0, 0xe, 0x0, 0x7, 0x0,
    0x3, 0x80, 0x1, 0xc0, 0x0, 0xe0, 0x0, 0x70,
    0x0, 0x38, 0x0, 0x1c, 0x0, 0xe, 0x0, 0x7,
    0x0, 0x2, 0xff, 0xff, 0x0,

    /* U+1F4D6 "📖" */
    0x7f, 0xff, 0xfe, 0x0, 0x80, 0x1f, 0xff, 0xff,
    0xf0, 0x8, 0x3, 0xff, 0xaf, 0xef, 0x0, 0x80,
    0x3f, 0xfa, 0xfe, 0xf0, 0x8, 0x3, 0xff, 0xaf,
    0xef, 0x0, 0x80, 0x3f, 0xfa, 0xfe, 0xf0, 0x8,
    0x3, 0xbf, 0xff, 0xf7, 0xff, 0xff, 0xf0, 0x9,
    0x0, 0x0, 0x1c, 0x0,

    /* U+1F4D7 "📗" */
    0xff, 0xff, 0xe0, 0x0, 0x1f, 0xff, 0xf6, 0x80,
    0x5, 0xa0, 0x1, 0x68, 0x0, 0x5a, 0x0, 0x16,
    0xbf, 0x15, 0xae, 0xc5, 0x6b, 0xfd, 0xda, 0x0,
    0x16, 0x80, 0x5, 0xa0, 0x1, 0x68, 0x0, 0x5a,
    0x0, 0x16, 0x80, 0x5, 0xa0, 0x1, 0x3f, 0xff,
    0xc0,

    /* U+1F4D8 "📘" */
    0xff, 0xff, 0xe0, 0x0, 0x1f, 0xff, 0xf6, 0x80,
    0x5, 0xa0, 0x1, 0x68, 0x0, 0x5a, 0x0, 0x16,
    0xbf, 0x35, 0xae, 0xc5, 0x6b, 0xff, 0x5a, 0x0,
    0x16, 0x80, 0x5, 0xa0, 0x1, 0x68, 0x0, 0x5a,
    0x0, 0x16, 0x80, 0x5, 0xa0, 0x1, 0x3f, 0xff,
    0xc0,

    /* U+1F4D9 "📙" */
    0xff, 0xff, 0xe0, 0x0, 0x1f, 0xff, 0xf6, 0x80,
    0x5, 0xa0, 0x1, 0x68, 0x0, 0x5a, 0x0, 0x16,
    0xbf, 0x35, 0xae, 0xcd, 0x6b, 0xfd, 0x5a, 0x0,
    0x16, 0x80, 0x5, 0xa0, 0x1, 0x68, 0x0, 0x5a,
    0x0, 0x16, 0x80, 0x5, 0xa0, 0x1, 0x3f, 0xff,
    0xc0,

    /* U+1F4DA "📚" */
    0x1, 0xe0, 0x7, 0xe, 0x1c, 0x0, 0xf3, 0x81,
    0xc8, 0x3f, 0x7, 0x80, 0xe, 0x38, 0x79, 0x3,
    0xc0, 0xf0, 0x3, 0x47, 0x9e, 0x30, 0x30, 0x7,
    0x0, 0xe0, 0x7f, 0x80,

    /* U+1F4DB "📛" */
    0x8, 0x21, 0x1, 0x46, 0x28, 0x14, 0x52, 0x82,
    0x29, 0x44, 0x22, 0x8c, 0x44, 0x10, 0x82, 0x40,
    0x0, 0x2c, 0x0, 0x2, 0x8f, 0xff, 0x18, 0x80,
    0x11, 0x88, 0x1, 0x18, 0x80, 0x11, 0x88, 0x1,
    0x1c, 0x80, 0x13, 0x48, 0x1, 0x26, 0xff, 0xf6,
    0x30, 0x0, 0xc1, 0x80, 0x18, 0x6, 0x6, 0x0,
    0x1f, 0x80,

    /* U+1F4DC "📜" */
    0xff, 0xff, 0xc0, 0x0, 0x7f, 0xff, 0xc0, 0x0,
    0x5, 0xe0, 0x22, 0x0, 0x11, 0x7f, 0xe8, 0x80,
    0x4, 0x5f, 0xfa, 0x20, 0x1, 0x13, 0xfc, 0x8b,
    0xff, 0x44, 0x0, 0x20, 0x0, 0x3, 0xff, 0xff,
    0x0, 0x1, 0xff, 0xff, 0x80,

    /* U+1F4DD "📝" */
    0xff, 0xfc, 0x40, 0x2, 0x20, 0x1, 0x17, 0xfe,
    0xc8, 0x0, 0x15, 0xff, 0x66, 0x0, 0x49, 0x0,
    0x54, 0xbf, 0x44, 0x40, 0x44, 0x2f, 0xe5, 0x10,
    0x2c, 0x88, 0x18, 0x45, 0xe8, 0x22, 0x0, 0x11,
    0xff, 0xf8,

    /* U+1F4DE "📞" */
    0x20, 0x0, 0x50, 0x0, 0x88, 0x0, 0x84, 0x0,
    0x88, 0x0, 0x48, 0x0, 0x68, 0x0, 0x24, 0x0,
    0x12, 0x0, 0x9, 0x0, 0x4, 0x88, 0x2, 0x74,
    0x1, 0x2, 0x0, 0xc1, 0x0, 0x62, 0x0, 0x1c,

    /* U+1F4DF "📟" */
    0xff, 0xff, 0xc0, 0x0, 0x6f, 0xfe, 0x38, 0x1,
    0x1c, 0x0, 0x8d, 0xff, 0xc6, 0x0, 0x3, 0x25,
    0x1, 0x80, 0x0, 0xff, 0xff, 0xc0,

    /* U+1F4E0 "📠" */
    0x7f, 0xfe, 0x47, 0xfa, 0x44, 0xa, 0x44, 0xa,
    0x44, 0xa, 0xff, 0xff, 0x90, 0x1, 0xb8, 0x1f,
    0xcd, 0x53, 0xc8, 0x13, 0xcd, 0x5f, 0xc8, 0x1,
    0xcd, 0x41, 0xb8, 0x1, 0xff, 0xff,

    /* U+1F4E1 "📡" */
    0x1, 0xc0, 0x3, 0x20, 0x5, 0x10, 0x9, 0x8,
    0x1, 0xa, 0xef, 0xa, 0x51, 0x8, 0x9, 0xe,
    0x5, 0x16, 0x3, 0x26, 0x1, 0xc4, 0x0, 0xc,
    0x0, 0xc, 0x0, 0xc, 0x0, 0x7f,

    /* U+1F4E2 "📢" */
    0x0, 0x0, 0x0, 0x0, 0x30, 0x0, 0xa, 0x0,
    0x2, 0x40, 0x0, 0x89, 0xff, 0xe1, 0x24, 0x0,
    0x24, 0x80, 0x4, 0x90, 0x0, 0xb2, 0x0, 0x16,
    0x40, 0x2, 0xc8, 0x0, 0x4f, 0xff, 0x8, 0x24,
    0x31, 0x4, 0x81, 0x20, 0x90, 0x14, 0x12, 0x1,
    0x83, 0xc0, 0x0,

    /* U+1F4E3 "📣" */
    0x0, 0x0, 0x70, 0x0, 0x1d, 0x0, 0xe, 0x53,
    0xfb, 0x5, 0xc8, 0x0, 0x5c, 0x80, 0x5, 0xc8,
    0x0, 0x5c, 0x80, 0x5, 0xc8, 0x0, 0x57, 0x80,
    0x5, 0x3f, 0x80, 0x52, 0x87, 0x85, 0x28, 0x7,
    0x51, 0x80, 0xa, 0x18, 0x0, 0x0,

    /* U+1F4E4 "📤" */
    0x1, 0x80, 0x0, 0xa0, 0x0, 0x88, 0x0, 0x6c,
    0x0, 0x14, 0x0, 0xe, 0x0, 0x0, 0x1, 0xe0,
    0xf, 0x8f, 0xf8, 0xc0, 0x0, 0x60, 0x0, 0x30,
    0x0, 0x1f, 0xff, 0xf8,

    /* U+1F4E5 "📥" */
    0x1, 0xc0, 0x0, 0xa0, 0x0, 0xd8, 0x0, 0x44,
    0x0, 0x14, 0x0, 0xa, 0x0, 0x2, 0x0, 0x0,
    0x0, 0xf0, 0x7, 0xc7, 0xfc, 0x60, 0x0, 0x30,
    0x0, 0x18, 0x0, 0xf, 0xff, 0xfc,

    /* U+1F4E6 "📦" */
    0x0, 0x0, 0x0, 0x78, 0x0, 0x61, 0x80, 0x66,
    0x18, 0x78, 0x41, 0xa1, 0x8c, 0x3e, 0x10, 0xf6,
    0x43, 0x9, 0x8c, 0x32, 0x62, 0xd4, 0x98, 0xe9,
    0xc6, 0x26, 0x9, 0x85, 0x8d, 0x60, 0xe5, 0x98,
    0x8, 0x85, 0x2, 0x1a, 0x30, 0x8b, 0x3, 0x23,
    0x0, 0x3b, 0x0, 0x3, 0x0,

    /* U+1F4E7 "📧" */
    0xf0, 0xf, 0xe0, 0xc0, 0xf8, 0x60, 0xb6, 0x0,
    0x98, 0x80, 0x8c, 0x20, 0x86, 0x28, 0xa3, 0x23,
    0x89, 0xa0, 0x2, 0xe0, 0x0, 0xff, 0xff, 0xc0,

    /* U+1F4E8 "📨" */
    0x1, 0xff, 0xf0, 0x18, 0x3, 0x1, 0x40, 0x57,
    0xd2, 0x9, 0x1, 0x31, 0x9f, 0xd4, 0xa5, 0x1,
    0x84, 0x30, 0xf, 0xfe,

    /* U+1F4E9 "📩" */
    0x1, 0xc0, 0x0, 0xa0, 0x3c, 0xd9, 0xf8, 0x44,
    0x3a, 0x14, 0x2c, 0x8c, 0x26, 0x20, 0x23, 0x8,
    0x21, 0x8a, 0x68, 0xc8, 0xe2, 0x68, 0x0, 0xb8,
    0x0, 0x37, 0xff, 0xf0,

    /* U+1F4EA "📪" */
    0x3f, 0xf8, 0x5c, 0x4, 0x9a, 0x2, 0x82, 0x0,
    0x82, 0x7f, 0x82, 0x39, 0x82, 0xf, 0x82, 0x0,
    0xff, 0xfc, 0x0, 0x0, 0x2, 0x40, 0x2, 0x40,
    0x2, 0x40, 0x2, 0x40, 0x2, 0x40, 0x3, 0xc0,

    /* U+1F4EB "📫" */
    0x0, 0xf0, 0x3f, 0x94, 0x5a, 0x92, 0x9a, 0xa1,
    0x82, 0xa1, 0x81, 0xa1, 0x81, 0xc1, 0x81, 0x1,
    0x81, 0x1, 0xff, 0xfe, 0x0, 0x0, 0x2, 0x80,
    0x2, 0x80, 0x2, 0x80, 0x2, 0x80, 0x2, 0x80,
    0x3, 0x80,

    /* U+1F4EC "📬" */
    0x0, 0xf0, 0x3f, 0x9c, 0x42, 0x92, 0x82, 0xb1,
    0x9e, 0xa1, 0x92, 0xa1, 0x9a, 0xa1, 0x9e, 0x41,
    0x9e, 0x1, 0xff, 0xff, 0x7f, 0xff, 0x2, 0x80,
    0x2, 0x80, 0x2, 0x80, 0x2, 0x80, 0x2, 0x80,

    /* U+1F4ED "📭" */
    0x3f, 0xfc, 0x32, 0x3, 0x30, 0x80, 0xd0, 0x40,
    0x28, 0x20, 0x14, 0x13, 0xfe, 0x9, 0xe3, 0x4,
    0x1f, 0x82, 0x1, 0x7f, 0xff, 0x80, 0xa0, 0x0,
    0x50, 0x0, 0x28, 0x0, 0x14, 0x0, 0xa, 0x0,
    0x5, 0x0,

    /* U+1F4EE "📮" */
    0xff, 0xfc, 0x0, 0x7f, 0xfb, 0xff, 0xdc, 0x2,
    0xea, 0x56, 0xf2, 0xb2, 0x91, 0x92, 0x8c, 0x8c,
    0x67, 0xc3, 0x0, 0x18, 0x0, 0xc0, 0x7, 0xff,
    0xe1, 0x20, 0x9, 0x0, 0x48, 0x3, 0xc0,

    /* U+1F4EF "📯" */
    0x0, 0xf8, 0x0, 0x18, 0x30, 0x1, 0x1c, 0x41,
    0x93, 0x19, 0xc, 0xa0, 0x18, 0x59, 0x1, 0x62,
    0x48, 0xa, 0xa, 0x40, 0x48, 0x52, 0x2, 0x21,
    0x80, 0x11, 0x2, 0x42, 0x4, 0x15, 0xe8, 0x10,
    0x40, 0x2f, 0x82, 0x1, 0x0, 0xf, 0xf0, 0x0,

    /* U+1F4F0 "📰" */
    0x3f, 0xff, 0xe0, 0x0, 0x7, 0xff, 0xfe, 0xc0,
    0x0, 0x5b, 0xff, 0xeb, 0x0, 0x1, 0x6f, 0xef,
    0xad, 0x4, 0x5, 0xa0, 0xbe, 0xb4, 0x10, 0x16,
    0x82, 0xfa, 0xd0, 0x40, 0x5b, 0xfb, 0xeb, 0x0,
    0x1, 0x60, 0x0, 0x2f, 0xff, 0xff,

    /* U+1F4F1 "📱" */
    0xff, 0xf8, 0xf1, 0xff, 0xfc, 0x3, 0xc0, 0x3c,
    0x3, 0xc0, 0x3c, 0x3, 0xc0, 0x3c, 0x3, 0xc0,
    0x3c, 0x3, 0xc0, 0x3c, 0x3, 0xc0, 0x3c, 0x3,
    0xbf, 0xd8, 0x21, 0x82, 0x1f, 0xff,

    /* U+1F4F2 "📲" */
    0x1, 0xff, 0x80, 0x9c, 0x40, 0x7f, 0xe0, 0x30,
    0x30, 0x18, 0x18, 0x4c, 0xc, 0x36, 0x6, 0xf,
    0x3, 0xff, 0x81, 0x86, 0xc0, 0xc4, 0x60, 0x61,
    0x30, 0x30, 0x18, 0x18, 0xf, 0xfc, 0x4, 0x42,
    0x3, 0xff,

    /* U+1F4F3 "📳" */
    0x1f, 0xf8, 0x91, 0xc9, 0x97, 0xfa, 0x58, 0x1a,
    0x58, 0x1a, 0x98, 0x19, 0x98, 0x19, 0x58, 0x1a,
    0x58, 0x1a, 0x58, 0x1a, 0x98, 0x19, 0x98, 0x19,
    0x58, 0x1a, 0x57, 0xfa, 0x50, 0x8a, 0x9f, 0xf9,
    0x0, 0x0,

    /* U+1F4F4 "📴" */
    0xff, 0xc8, 0xe4, 0xbf, 0xcc, 0xc, 0xc0, 0xcc,
    0x8, 0xc0, 0xc, 0x7f, 0xcb, 0xbc, 0x72, 0xc0,
    0xc, 0x8, 0xc0, 0xcb, 0xfc, 0x84, 0x4f, 0xfc,

    /* U+1F4F5 "📵" */
    0x1, 0xfc, 0x0, 0x30, 0x18, 0x6, 0x3f, 0x20,
    0x66, 0x6, 0x83, 0x2f, 0x8a, 0x2c, 0xfe, 0x29,
    0x54, 0x11, 0x54, 0x50, 0x86, 0xa1, 0x44, 0x2d,
    0xd, 0x21, 0x68, 0x55, 0xb, 0x42, 0x58, 0x5a,
    0x11, 0x43, 0x28, 0x85, 0x29, 0x47, 0xf5, 0x45,
    0x1f, 0x54, 0x34, 0x2, 0x40, 0xdc, 0xe4, 0x1,
    0x98, 0xc0, 0x3, 0xf8, 0x0,

    /* U+1F4F6 "📶" */
    0x0, 0x3, 0x0, 0x3, 0x0, 0x3, 0x0, 0x1b,
    0x0, 0x2b, 0x0, 0x2b, 0x1, 0xeb, 0x1, 0x6b,
    0x1, 0x6b, 0x1d, 0x6b, 0x15, 0x6b, 0x15, 0x6b,
    0x15, 0x6b, 0xf5, 0x6b, 0xb5, 0x6b, 0xfd, 0xdb,

    /* U+1F4F7 "📷" */
    0x3c, 0x0, 0x20, 0x0, 0xdf, 0xff, 0x83, 0x81,
    0x84, 0x61, 0xfb, 0xaf, 0x8a, 0x61, 0x8a, 0x61,
    0x89, 0xa1, 0x86, 0x41, 0x81, 0x81, 0xff, 0xff,

    /* U+1F4F8 "📸" */
    0x0, 0x0, 0x2, 0x0, 0x8, 0x80, 0x1, 0xee,
    0x0, 0x26, 0xff, 0x88, 0x80, 0x15, 0x67, 0x5,
    0xec, 0x61, 0x38, 0xeb, 0xca, 0xa6, 0x12, 0x29,
    0x84, 0x89, 0xa1, 0x21, 0x90, 0x48, 0x18, 0x13,
    0xff, 0xfc,

    /* U+1F4F9 "📹" */
    0x0, 0x2, 0x0, 0x1, 0x40, 0x0, 0x53, 0xff,
    0x6a, 0xc0, 0x7d, 0xb0, 0x1, 0x8c, 0xfe, 0x43,
    0x20, 0x5c, 0xc8, 0x15, 0x32, 0xf5, 0x44, 0xa5,
    0x51, 0x29, 0x54, 0x49, 0x95, 0x13, 0xf9, 0xc7,
    0xff, 0xc0,

    /* U+1F4FA "📺" */
    0xff, 0xff, 0xfd, 0xff, 0xff, 0xf0, 0x0, 0x7,
    0x80, 0x0, 0x3c, 0x0, 0x1, 0xe0, 0x0, 0xf,
    0x0, 0x0, 0x78, 0x0, 0x3, 0xc0, 0x0, 0x1d,
    0xff, 0xff, 0xe0, 0x0, 0x3, 0x0, 0x0, 0x1f,
    0xff, 0xff, 0x80, 0x0, 0x0, 0x0, 0x80, 0x0,
    0x6, 0x0, 0x3, 0xff, 0x0,

    /* U+1F4FB "📻" */
    0x18, 0x0, 0x1c, 0x0, 0x3, 0x0, 0x0, 0x0,
    0xff, 0xff, 0x80, 0x9, 0x0, 0x6, 0xff, 0xfd,
    0xff, 0xff, 0xd8, 0x3, 0xd8, 0xa3, 0xc0, 0x3,
    0xbf, 0xfd, 0xff, 0xff, 0x80, 0x1, 0xff, 0xff,
    0xff, 0xff,

    /* U+1F4FC "📼" */
    0xff, 0xff, 0xfd, 0xff, 0xff, 0x68, 0x0, 0xb,
    0x5f, 0xff, 0x58, 0xdf, 0xb0, 0xca, 0x85, 0x46,
    0x74, 0x2d, 0x33, 0xa1, 0x69, 0x95, 0xa, 0x8c,
    0x6f, 0xd4, 0x60, 0x0, 0x43, 0x0, 0x0, 0x1f,
    0xff, 0xff, 0x80,

    /* U+1F4FD "📽" */
    0x0, 0x0, 0x0, 0xf, 0x81, 0x85, 0x51, 0x9a,
    0x4, 0x62, 0x9b, 0x22, 0x7c, 0x48, 0xe1, 0x21,
    0x90, 0x50, 0x38, 0x17, 0xc4, 0x5, 0x51, 0x79,
    0x54, 0x5e, 0x4a, 0x17, 0x8c, 0x7, 0xff, 0x0,

    /* U+1F4FF "📿" */
    0x2, 0xa0, 0x8, 0x10, 0x20, 0x10, 0x80, 0x10,
    0x0, 0x0, 0x80, 0x18, 0x28, 0x4, 0x6a, 0x4,
    0x2, 0x1, 0x4, 0x0, 0x4, 0x2, 0x4, 0x4,
    0x4, 0x4, 0x1, 0x50, 0x0, 0x0, 0x0, 0x40,
    0x0, 0x80, 0x1, 0x40, 0x1, 0x40, 0x0, 0xc0,

    /* U+1F500 "🔀" */
    0x0, 0x0, 0x20, 0x0, 0x0, 0xbf, 0x0, 0x7e,
    0x4, 0xc, 0x20, 0x10, 0xc2, 0x0, 0x4c, 0x0,
    0x0, 0xc0, 0x0, 0xc, 0x0, 0x0, 0xc8, 0x0,
    0xc, 0x21, 0x0, 0xc0, 0x85, 0xf8, 0x3, 0xf0,
    0x0, 0x1, 0x0, 0x0, 0x10, 0x0, 0x0, 0x0,

    /* U+1F501 "🔁" */
    0x0, 0x0, 0x0, 0x1, 0x0, 0x0, 0x20, 0x3f,
    0xfc, 0x30, 0x2, 0x18, 0x1, 0x14, 0x0, 0x6,
    0x0, 0x1, 0x80, 0x0, 0x60, 0x0, 0x18, 0x0,
    0xa, 0x40, 0x6, 0x20, 0x3, 0x1f, 0xff, 0x2,
    0x0, 0x0, 0x40, 0x0,

    /* U+1F502 "🔂" */
    0x0, 0x0, 0x0, 0x1, 0x0, 0x0, 0x20, 0x3f,
    0xfc, 0x30, 0x2, 0x18, 0x1, 0x14, 0x0, 0x6,
    0x0, 0x1, 0x80, 0x0, 0x60, 0x0, 0x18, 0x0,
    0x8, 0xc0, 0x6, 0x10, 0x3, 0x4, 0xff, 0x1,
    0x0, 0x0,

    /* U+1F503 "🔃" */
    0x0, 0x3, 0x38, 0x57, 0x44, 0x8c, 0xfc, 0xc3,
    0xc, 0x30, 0xc3, 0xc, 0x30, 0xc3, 0xc, 0x30,
    0xc3, 0x3b, 0x31, 0x12, 0xea, 0x1c, 0x40, 0x0,

    /* U+1F504 "🔄" */
    0x0, 0x78, 0x0, 0xc, 0x30, 0x1, 0xbe, 0x40,
    0x12, 0xd, 0x1, 0x20, 0x18, 0xa, 0x0, 0x0,
    0xa0, 0x1, 0xd, 0xc0, 0x14, 0xaa, 0x1, 0x12,
    0x20, 0x15, 0x4a, 0x0, 0x6c, 0x20, 0x1, 0x80,
    0x0, 0x14, 0x3, 0x1, 0xa0, 0x24, 0x1a, 0x0,
    0x9f, 0x20, 0x3, 0x6, 0x0, 0x7, 0xc0, 0x0,

    /* U+1F505 "🔅" */
    0x8, 0x0, 0x1c, 0x24, 0xa5, 0x24, 0x58, 0x8,

    /* U+1F506 "🔆" */
    0x0, 0x40, 0x0, 0x8, 0x0, 0x1, 0x0, 0x8,
    0x0, 0x80, 0x9f, 0x20, 0x4, 0x10, 0x1, 0x1,
    0x0, 0x40, 0x30, 0x8, 0x2, 0x1d, 0x0, 0x5c,
    0x20, 0x8, 0x4, 0x1, 0x0, 0x40, 0x40, 0x4,
    0x30, 0x2, 0x7c, 0x80, 0x80, 0x8, 0x0, 0x40,
    0x0, 0x8, 0x0, 0x1, 0x0, 0x0,

    /* U+1F507 "🔇" */
    0x0, 0x0, 0x0, 0xc, 0x10, 0xa, 0x4, 0x9,
    0x1, 0x8, 0x81, 0x58, 0x40, 0x94, 0x20, 0x44,
    0x10, 0x21, 0x8, 0x10, 0xc4, 0x8, 0x52, 0x4,
    0x25, 0x3, 0xf1, 0x0, 0x4, 0x40, 0x1, 0x10,
    0x0, 0x54, 0x0, 0x19, 0x0, 0x0, 0x0,

    /* U+1F508 "🔈" */
    0x0, 0x0, 0x0, 0x60, 0x0, 0xa0, 0x1, 0x20,
    0x2, 0x20, 0xfc, 0x20, 0x84, 0x22, 0x84, 0x21,
    0x84, 0x21, 0x84, 0x21, 0x84, 0x21, 0x84, 0x22,
    0xfc, 0x22, 0x2, 0x20, 0x1, 0x20, 0x0, 0xa0,
    0x0, 0x60, 0x0, 0x0,

    /* U+1F509 "🔉" */
    0x0, 0x0, 0x0, 0x18, 0x0, 0xa, 0x0, 0x4,
    0x80, 0x2, 0x21, 0x3f, 0x8, 0x28, 0x42, 0x26,
    0x10, 0x85, 0x84, 0x21, 0x61, 0x8, 0x58, 0x42,
    0x16, 0x10, 0x89, 0xfc, 0x22, 0x80, 0x88, 0x20,
    0x12, 0x10, 0x2, 0x80, 0x0, 0x60, 0x0, 0x0,
    0x0,

    /* U+1F50A "🔊" */
    0x0, 0x0, 0x0, 0x18, 0x0, 0xa, 0x0, 0x4,
    0x80, 0x2, 0x21, 0x3f, 0x8, 0x28, 0x42, 0x26,
    0x10, 0xa5, 0x84, 0x25, 0x61, 0x9, 0x58, 0x42,
    0x56, 0x10, 0xa9, 0xfc, 0x22, 0x80, 0x88, 0x20,
    0x12, 0x10, 0x2, 0x80, 0x0, 0x60, 0x0, 0x0,
    0x0,

    /* U+1F50B "🔋" */
    0xff, 0xff, 0xeb, 0xff, 0xc2, 0xa0, 0x4, 0x3a,
    0x0, 0x41, 0xa0, 0x4, 0x1a, 0x0, 0x41, 0xa0,
    0x4, 0x3b, 0xff, 0xc2, 0xff, 0xff, 0xe0,

    /* U+1F50C "🔌" */
    0x38, 0xe1, 0x49, 0xa, 0x48, 0x52, 0x42, 0x92,
    0x14, 0x93, 0xff, 0xf0, 0x1, 0x80, 0xc, 0x0,
    0x60, 0x3, 0x0, 0x14, 0x1, 0x30, 0x8, 0xc1,
    0x81, 0xf0, 0x9, 0x0, 0x78, 0x2, 0x40, 0x12,
    0x0, 0x10, 0x0,

    /* U+1F50D "🔍" */
    0x0, 0x0, 0x3e, 0x1, 0xfe, 0x3, 0x6, 0xc,
    0xc, 0x18, 0x14, 0x30, 0x30, 0x30, 0x60, 0x51,
    0x40, 0x5d, 0x0, 0x7d, 0x80, 0x5, 0x0, 0x5,
    0x0, 0x5, 0x0, 0x9, 0x0, 0xa, 0x0, 0xc,

    /* U+1F50E "🔎" */
    0x0, 0x0, 0xf, 0x80, 0xfd, 0x5, 0xa, 0x18,
    0x18, 0x60, 0x61, 0x81, 0x86, 0x6, 0xc, 0x30,
    0x1f, 0x40, 0xbe, 0x5, 0x0, 0x28, 0x0, 0xa0,
    0x5, 0x0, 0x28, 0x0, 0xa0, 0x1, 0x0, 0x0,

    /* U+1F50F "🔏" */
    0x0, 0x1, 0x8f, 0x3, 0x4c, 0x41, 0x24, 0x31,
    0x24, 0x9, 0x22, 0x5, 0xd3, 0xff, 0x91, 0x0,
    0xd0, 0x80, 0x70, 0x40, 0x40, 0x20, 0x28, 0x10,
    0x8, 0xf, 0xfc, 0x0,

    /* U+1F510 "🔐" */
    0x0, 0xf, 0x0, 0x5, 0xa0, 0x42, 0xa4, 0x7e,
    0x99, 0x31, 0xa0, 0x48, 0x38, 0x26, 0xd, 0x89,
    0x82, 0x0, 0xff, 0xf5, 0x20, 0x5, 0x48, 0x1,
    0x92, 0x0, 0x54, 0x80, 0x19, 0x20, 0x5, 0x48,
    0x1, 0x93, 0xff, 0xd8,

    /* U+1F511 "🔑" */
    0x0, 0x70, 0x1, 0x10, 0x4, 0xf0, 0x11, 0x50,
    0x23, 0xa0, 0x40, 0x41, 0x1, 0x4, 0x4, 0x11,
    0xf0, 0x42, 0x1, 0x38, 0x4, 0x40, 0xb, 0x80,
    0x14, 0x0, 0x38, 0x0, 0x0,

    /* U+1F512 "🔒" */
    0xf, 0x80, 0xbe, 0xb, 0x38, 0x50, 0xc3, 0x3,
    0x28, 0x18, 0x40, 0xdf, 0xff, 0x80, 0xc, 0x0,
    0x60, 0x3, 0x0, 0x18, 0x0, 0xc0, 0x6, 0x0,
    0x3f, 0xff,

    /* U+1F513 "🔓" */
    0xf, 0x80, 0xbe, 0x6, 0x38, 0x60, 0xc3, 0x3,
    0x0, 0x18, 0x0, 0x5f, 0xff, 0x80, 0xc, 0x0,
    0x60, 0x3, 0x0, 0x18, 0x0, 0xc0, 0x6, 0x0,
    0x3f, 0xff,

    /* U+1F514 "🔔" */
    0x7, 0x80, 0x1e, 0x1, 0x86, 0x4, 0x4, 0x20,
    0x10, 0x80, 0x44, 0x1, 0x10, 0x4, 0x40, 0x9,
    0x0, 0x24, 0x0, 0x90, 0x2, 0x40, 0xa, 0x0,
    0x28, 0x0, 0x7f, 0xff, 0x2, 0x80, 0xe, 0x0,

    /* U+1F515 "🔕" */
    0x3, 0xc0, 0x1, 0xe0, 0x11, 0xc, 0x5, 0x1,
    0x1, 0x0, 0x80, 0x40, 0x40, 0x90, 0x10, 0x44,
    0x8, 0x21, 0x4, 0x10, 0x42, 0x8, 0x11, 0x4,
    0x4, 0x82, 0x1, 0x42, 0x0, 0x51, 0x0, 0x10,
    0xff, 0xf4, 0x1, 0x41, 0x0, 0xe0, 0x0,

    /* U+1F516 "🔖" */
    0xff, 0x6, 0xc, 0x18, 0x30, 0x60, 0xc1, 0x83,
    0x6, 0xc, 0x9a, 0xb9, 0x61, 0x80,

    /* U+1F517 "🔗" */
    0x3c, 0x42, 0x9a, 0xa5, 0xa5, 0xa1, 0xae, 0xba,
    0xa5, 0xa5, 0xb5, 0x45, 0xbd, 0xa5, 0xa5, 0x9a,
    0x42, 0x3c,

    /* U+1F518 "🔘" */
    0x7, 0xc0, 0x30, 0x60, 0x80, 0x22, 0x3e, 0x24,
    0xc6, 0x53, 0x6, 0x64, 0x4, 0xc8, 0x9, 0x90,
    0x13, 0x30, 0x65, 0x31, 0x92, 0x3e, 0x22, 0x0,
    0x83, 0x6, 0x1, 0xf0, 0x0,

    /* U+1F519 "🔙" */
    0x0, 0x0, 0x80, 0xc, 0x1, 0x9f, 0xf8, 0x0,
    0xa7, 0xfc, 0xc0, 0x2, 0x0, 0x0, 0x0, 0x0,
    0x3a, 0x7d, 0xda, 0x6f, 0x5e, 0x88, 0x0,

    /* U+1F51A "🔚" */
    0x8, 0x0, 0x60, 0x2, 0x80, 0x13, 0xff, 0x80,
    0x5, 0x3f, 0xf2, 0x80, 0x6, 0x0, 0x0, 0x0,
    0x0, 0x3, 0x4b, 0x9, 0xb4, 0x35, 0xd0, 0xd2,
    0xc0,

    /* U+1F51B "🔛" */
    0x8, 0x20, 0x30, 0xa0, 0xa1, 0x22, 0x7e, 0x28,
    0x0, 0x49, 0xf8, 0x8a, 0x12, 0xc, 0x28, 0x8,
    0x20, 0x0, 0x0, 0x79, 0x0, 0xbb, 0x1, 0x6c,
    0x3, 0xcc, 0x0,

    /* U+1F51C "🔜" */
    0x0, 0x40, 0x1, 0x80, 0x5, 0x3f, 0xf2, 0x80,
    0x7, 0xff, 0x20, 0x5, 0x0, 0x18, 0x0, 0x40,
    0x92, 0xa5, 0xb6, 0x9e, 0xde, 0x5b, 0x69, 0xdb,
    0x80,

    /* U+1F51D "🔝" */
    0x8, 0xa, 0x9, 0x8, 0x48, 0x17, 0xbc, 0x50,
    0x28, 0x14, 0xe, 0x0, 0x1f, 0xf5, 0x6a, 0xb9,
    0x78,

    /* U+1F51E "🔞" */
    0x1, 0xfc, 0x0, 0x30, 0x18, 0x6, 0x3f, 0x20,
    0x66, 0x6, 0x82, 0x40, 0x1a, 0x2d, 0x8f, 0x69,
    0x52, 0x89, 0x57, 0x5b, 0xa6, 0xab, 0x55, 0x2d,
    0x35, 0xe9, 0x68, 0xb4, 0x8b, 0x45, 0x5a, 0x5a,
    0x2d, 0x53, 0x31, 0x65, 0xa9, 0x4a, 0x95, 0x46,
    0x73, 0xd4, 0x38, 0x3, 0x40, 0xf0, 0x24, 0x1,
    0xfe, 0xc0, 0x3, 0xf8, 0x0,

    /* U+1F51F "🔟" */
    0xff, 0xff, 0x80, 0x1, 0x80, 0x1, 0x80, 0x1,
    0x80, 0x1, 0x8e, 0x71, 0x8e, 0xd9, 0x86, 0xd9,
    0x86, 0xd9, 0x86, 0xd9, 0x86, 0x71, 0x80, 0x1,
    0x80, 0x1, 0x80, 0x1, 0x80, 0x1, 0xff, 0xff,

    /* U+1F520 "🔠" */
    0xff, 0xff, 0x80, 0x1, 0x8c, 0x3d, 0x8c, 0x25,
    0x9c, 0x3d, 0x9e, 0x25, 0xb2, 0x3d, 0x80, 0x1,
    0x80, 0x1, 0x8c, 0x39, 0x94, 0x25, 0x90, 0x25,
    0x90, 0x25, 0x9c, 0x3d, 0x80, 0x1, 0xff, 0xff,

    /* U+1F521 "🔡" */
    0xff, 0xff, 0x80, 0x1, 0x80, 0x21, 0x80, 0x21,
    0x9e, 0x39, 0x96, 0x25, 0x8e, 0x3d, 0x80, 0x1,
    0x80, 0x1, 0x80, 0x5, 0x84, 0x5, 0x9e, 0x1d,
    0x90, 0x25, 0x8e, 0x3d, 0x80, 0x1, 0xff, 0xff,

    /* U+1F522 "🔢" */
    0xff, 0xff, 0x80, 0x1, 0x98, 0x19, 0x98, 0x15,
    0x88, 0x9, 0x88, 0x19, 0x88, 0x1d, 0x80, 0x1,
    0x80, 0x1, 0x9c, 0x1, 0xb4, 0x9, 0x84, 0x9,
    0x84, 0x1d, 0xb4, 0x1d, 0x88, 0x1, 0xff, 0xff,

    /* U+1F523 "🔣" */
    0xff, 0xff, 0x80, 0x1, 0xbe, 0x19, 0xbe, 0x19,
    0x90, 0x11, 0x90, 0x39, 0x90, 0x29, 0x80, 0x11,
    0x80, 0x1, 0x9e, 0x1, 0xbd, 0x33, 0xad, 0xd,
    0xbe, 0xd, 0xa0, 0x3d, 0x98, 0x1, 0xff, 0xff,

    /* U+1F524 "🔤" */
    0xff, 0xff, 0x80, 0x1, 0x90, 0x1, 0xb8, 0x1,
    0xb8, 0x1, 0xa8, 0x1, 0x81, 0xc1, 0x81, 0x41,
    0x81, 0xc1, 0x81, 0xc1, 0x80, 0x1d, 0x80, 0x11,
    0x80, 0x11, 0x80, 0x1d, 0x80, 0x1, 0xff, 0xff,

    /* U+1F525 "🔥" */
    0x1, 0x0, 0xa, 0x0, 0x24, 0x2, 0x90, 0xe,
    0x20, 0x50, 0x80, 0x41, 0x2, 0x4, 0x28, 0x10,
    0xa0, 0x56, 0x80, 0xe6, 0x1, 0x80, 0x6, 0x0,
    0x14, 0x0, 0x50, 0x2, 0x40, 0x8, 0x0, 0x2,
    0x1, 0x4, 0x8, 0xf, 0xc0,

    /* U+1F526 "🔦" */
    0x0, 0x6, 0x0, 0x9, 0x0, 0x11, 0x0, 0x22,
    0x0, 0x44, 0x0, 0x88, 0x1, 0x10, 0xe, 0x20,
    0x31, 0x40, 0x40, 0x80, 0xe0, 0x80, 0x10, 0x80,
    0x8, 0x80, 0x25, 0x0, 0x6, 0x0, 0x4, 0x0,

    /* U+1F527 "🔧" */
    0x11, 0x1c, 0xa9, 0x26, 0x49, 0x8e, 0x60, 0x14,
    0x8, 0x86, 0x12, 0x4, 0x81, 0x20, 0x48, 0x12,
    0x4, 0x81, 0x20, 0x48, 0x12, 0x0, 0x80,

    /* U+1F528 "🔨" */
    0xff, 0x9c, 0xb, 0x8e, 0xdf, 0x1, 0x40, 0x28,
    0x5, 0x0, 0xa0, 0x14, 0x2, 0x80, 0x50, 0xa,
    0x1, 0x40, 0x28, 0x5, 0x0, 0xa0, 0x1c, 0x0,

    /* U+1F529 "🔩" */
    0x0, 0x40, 0x0, 0xe0, 0x1, 0x90, 0x1, 0x8,
    0x0, 0x84, 0x0, 0xc2, 0x9, 0x22, 0x1c, 0x14,
    0x12, 0x28, 0x19, 0x40, 0x1c, 0x80, 0x26, 0x80,
    0x43, 0x0, 0x84, 0x0, 0xc8, 0x0, 0x30, 0x0,

    /* U+1F52A "🔪" */
    0x7d, 0xff, 0xfc, 0x8, 0x0, 0x5f, 0x40, 0x1c,
    0x3, 0xfe, 0x0,

    /* U+1F52B "🔫" */
    0x0, 0x1c, 0x0, 0x18, 0x3f, 0xf0, 0xc0, 0x8,
    0xfb, 0x78, 0x7, 0xc8, 0x5, 0x44, 0x3, 0x42,
    0x0, 0x32, 0x0, 0x11, 0x0, 0x11, 0x0, 0x11,
    0x0, 0xe,

    /* U+1F52C "🔬" */
    0x1, 0xc0, 0x7, 0x0, 0x24, 0x1, 0x30, 0x5,
    0x20, 0x23, 0xc0, 0x93, 0x3, 0x8c, 0x2, 0x2b,
    0x80, 0xa3, 0x87, 0x3, 0xe6, 0x0, 0xb, 0xff,
    0xef, 0xff, 0x80,

    /* U+1F52D "🔭" */
    0x0, 0x0, 0x0, 0x60, 0x6, 0x40, 0x69, 0x4,
    0x30, 0x57, 0x6, 0xa0, 0x1c, 0x80, 0x80, 0x0,
    0x1c, 0x0, 0x70, 0x2, 0xa0, 0xa, 0x80, 0x49,
    0x2, 0x24, 0x8, 0x88, 0x2, 0x0, 0x8, 0x0,

    /* U+1F52E "🔮" */
    0x7, 0xc0, 0x30, 0x60, 0x80, 0x22, 0x0, 0x24,
    0x0, 0x50, 0x0, 0x60, 0x0, 0xc0, 0x1, 0x80,
    0x3, 0x0, 0x5, 0x0, 0x12, 0x0, 0x22, 0x0,
    0x83, 0x6, 0x1, 0xf0, 0x20, 0x6, 0x7f, 0xfc,

    /* U+1F52F "🔯" */
    0xff, 0xff, 0x80, 0x1, 0x80, 0x1, 0x81, 0x81,
    0x81, 0x81, 0xbf, 0xfd, 0x94, 0x29, 0x9c, 0x39,
    0x89, 0x91, 0x94, 0x31, 0x94, 0x29, 0xbf, 0xfd,
    0x81, 0x81, 0x81, 0x81, 0x80, 0x1, 0xff, 0xff,

    /* U+1F530 "🔰" */
    0x80, 0xf, 0x1, 0xe4, 0x13, 0x1b, 0x18, 0x20,
    0xc1, 0x6, 0x8, 0x30, 0x41, 0x82, 0xc, 0x10,
    0x60, 0x83, 0x4, 0x18, 0x20, 0xa1, 0x8, 0xc9,
    0x83, 0x58, 0x7, 0x0, 0x10, 0x0,

    /* U+1F531 "🔱" */
    0x1, 0x0, 0xc, 0x6, 0x29, 0xa8, 0xc6, 0xf3,
    0x3d, 0x8c, 0x66, 0x31, 0x98, 0xa6, 0x62, 0x9a,
    0x8a, 0x6a, 0x29, 0x67, 0x19, 0x40, 0x8, 0xfb,
    0xc0, 0x28, 0x0, 0xa0,

    /* U+1F532 "🔲" */
    0xff, 0xff, 0xff, 0xff, 0xff, 0xff, 0xff, 0xf0,
    0x3f, 0xc0, 0xff, 0x3, 0xfc, 0xf, 0xf0, 0x3f,
    0xc0, 0xff, 0xff, 0xff, 0xff, 0xff, 0xff, 0xff,
    0xf0,

    /* U+1F533 "🔳" */
    0xff, 0xfa, 0x0, 0x18, 0x0, 0x60, 0x1, 0x9f,
    0xc6, 0x7f, 0x19, 0xfc, 0x67, 0xf1, 0x9f, 0xc6,
    0x7f, 0x19, 0xfc, 0x60, 0x1, 0x80, 0x7, 0xff,
    0xf0,

    /* U+1F534 "🔴" */
    0x3, 0xf8, 0x1, 0xc1, 0xc0, 0x60, 0xc, 0x10,
    0x0, 0x46, 0x0, 0xc, 0x80, 0x0, 0xb0, 0x0,
    0x1c, 0x0, 0x1, 0x80, 0x0, 0x30, 0x0, 0x6,
    0x0, 0x0, 0xc0, 0x0, 0x1c, 0x0, 0x6, 0x80,
    0x0, 0x98, 0x0, 0x31, 0x0, 0x4, 0x18, 0x3,
    0x1, 0xc1, 0xc0, 0xf, 0xe0, 0x0,

    /* U+1F535 "🔵" */
    0x3, 0xf8, 0x1, 0xc1, 0xc0, 0x60, 0xc, 0x10,
    0x0, 0x46, 0x0, 0xc, 0x80, 0x0, 0xb0, 0x0,
    0x1c, 0x0, 0x1, 0x80, 0x0, 0x30, 0x0, 0x6,
    0x0, 0x0, 0xc0, 0x0, 0x1c, 0x0, 0x6, 0x80,
    0x0, 0x98, 0x0, 0x31, 0x0, 0x4, 0x18, 0x3,
    0x1, 0xc1, 0xc0, 0xf, 0xe0, 0x0,

    /* U+1F536 "🔶" */
    0x0, 0x80, 0x0, 0xa0, 0x0, 0x88, 0x0, 0x82,
    0x0, 0x80, 0x80, 0x80, 0x20, 0x80, 0x8, 0x80,
    0x2, 0x80, 0x0, 0xa0, 0x0, 0x88, 0x0, 0x82,
    0x0, 0x80, 0x80, 0x80, 0x20, 0x80, 0x8, 0x80,
    0x2, 0x80, 0x0, 0x80, 0x0,

    /* U+1F537 "🔷" */
    0x0, 0x80, 0x0, 0xa0, 0x0, 0x88, 0x0, 0x82,
    0x0, 0x80, 0x80, 0x80, 0x20, 0x80, 0x8, 0x80,
    0x2, 0x40, 0x0, 0x90, 0x0, 0x84, 0x0, 0x81,
    0x0, 0x80, 0x40, 0x80, 0x10, 0x80, 0x4, 0x80,
    0x1, 0x80,

    /* U+1F538 "🔸" */
    0x0, 0x0, 0xc, 0x0, 0x48, 0x2, 0x10, 0x10,
    0x20, 0x80, 0x44, 0x0, 0xa0, 0x2, 0x40, 0x10,
    0x80, 0x81, 0x4, 0x2, 0x20, 0x5, 0x0, 0x8,
    0x0,

    /* U+1F539 "🔹" */
    0x0, 0x0, 0x30, 0x2, 0x40, 0x21, 0x2, 0x4,
    0x20, 0x12, 0x0, 0x50, 0x1, 0x40, 0x11, 0x1,
    0x4, 0x10, 0x11, 0x0, 0x50, 0x1, 0x0,

    /* U+1F53A "🔺" */
    0x0, 0xc0, 0x0, 0xa0, 0x0, 0x88, 0x0, 0x44,
    0x0, 0x41, 0x0, 0x20, 0x80, 0x20, 0x20, 0x20,
    0x8, 0x10, 0x4, 0x10, 0x1, 0x8, 0x0, 0x88,
    0x0, 0x28, 0x0, 0x14, 0x0, 0x7, 0xff, 0xfe,

    /* U+1F53B "🔻" */
    0xff, 0xff, 0xc0, 0x0, 0x60, 0x0, 0x48, 0x0,
    0x22, 0x0, 0x21, 0x0, 0x10, 0x40, 0x10, 0x20,
    0x8, 0x8, 0x8, 0x2, 0x8, 0x1, 0x4, 0x0,
    0x44, 0x0, 0x22, 0x0, 0xa, 0x0, 0x3, 0x0,

    /* U+1F53C "🔼" */
    0x1, 0x0, 0x5, 0x0, 0x11, 0x0, 0x22, 0x0,
    0x82, 0x1, 0x4, 0x4, 0x4, 0x8, 0x8, 0x20,
    0x8, 0x40, 0x11, 0x0, 0x12, 0x0, 0x20, 0x0,
    0x20,

    /* U+1F53D "🔽" */
    0x80, 0x2, 0x80, 0x9, 0x0, 0x31, 0x0, 0x41,
    0x1, 0x2, 0x2, 0x2, 0x8, 0x4, 0x10, 0x4,
    0x40, 0x8, 0x80, 0xa, 0x0, 0x14, 0x0, 0x10,
    0x0,

    /* U+1F549 "🕉" */
    0xff, 0xff, 0x80, 0x1, 0x80, 0x1, 0x80, 0xc1,
    0x80, 0xf1, 0x87, 0x81, 0x80, 0xb9, 0x81, 0x25,
    0x83, 0xc5, 0x90, 0x85, 0x90, 0xc9, 0x88, 0xb1,
    0x87, 0x1, 0x80, 0x1, 0x80, 0x1, 0xff, 0xff,

    /* U+1F54A "🕊" */
    0x3, 0x0, 0xa, 0x0, 0x14, 0x8, 0x44, 0x30,
    0x88, 0xa2, 0x12, 0x48, 0x8, 0x90, 0x21, 0x1,
    0x82, 0x4, 0x5, 0xd0, 0x17, 0x40, 0xc1, 0xf,
    0x3, 0x10, 0x1, 0x98, 0x1, 0x4, 0x1, 0x4,
    0x3, 0x30, 0x1, 0x80,

    /* U+1F54B "🕋" */
    0xff, 0xfe, 0x0, 0x18, 0x0, 0x7f, 0xff, 0xff,
    0xfe, 0x8, 0x1b, 0xa7, 0x6e, 0x99, 0x80, 0x6,
    0x0, 0x1b, 0x80, 0x6a, 0x1, 0xa8, 0x7, 0xff,
    0xf0,

    /* U+1F54C "🕌" */
    0x20, 0x0, 0x80, 0x6, 0x4, 0x18, 0x18, 0xf0,
    0x62, 0x4c, 0x66, 0x20, 0x59, 0x1, 0x64, 0x6,
    0x5f, 0xf7, 0xc0, 0x59, 0x39, 0x64, 0x95, 0x92,
    0x54, 0x49, 0x5f, 0xff,

    /* U+1F54D "🕍" */
    0x0, 0xc0, 0x0, 0xdc, 0x0, 0x4f, 0x80, 0xaf,
    0xf6, 0x73, 0x3f, 0xa4, 0x87, 0x9f, 0x33, 0xff,
    0x43, 0x3b, 0xd0, 0x8f, 0x64, 0x1, 0x99, 0x1e,
    0x66, 0x46, 0x89, 0xff, 0xff, 0xc0,

    /* U+1F54E "🕎" */
    0xff, 0xff, 0x80, 0x1, 0x80, 0x1, 0xaa, 0x9d,
    0xad, 0xd5, 0xb7, 0xf5, 0x96, 0xa9, 0x89, 0xd1,
    0x87, 0xe1, 0x80, 0x81, 0x80, 0x81, 0x80, 0x81,
    0x83, 0xe1, 0x80, 0x1, 0x80, 0x1, 0xff, 0xff,

    /* U+1F550 "🕐" */
    0x7, 0xc0, 0x30, 0x60, 0xc0, 0x63, 0x8, 0x64,
    0x10, 0x50, 0x28, 0x60, 0x60, 0xc0, 0x81, 0x81,
    0x3, 0x0, 0x6, 0x0, 0xa, 0x0, 0x26, 0x0,
    0xc4, 0x3, 0x6, 0xc, 0x3, 0xe0,

    /* U+1F551 "🕑" */
    0x7, 0xc0, 0x30, 0x60, 0xc0, 0x63, 0x8, 0x64,
    0x10, 0x50, 0x20, 0x60, 0x48, 0xc0, 0xe1, 0x81,
    0x3, 0x0, 0x6, 0x0, 0xa, 0x0, 0x26, 0x0,
    0xc4, 0x3, 0x6, 0xc, 0x3, 0xe0,

    /* U+1F552 "🕒" */
    0x7, 0xe0, 0x18, 0x18, 0x30, 0xc, 0x61, 0x6,
    0x41, 0x2, 0x81, 0x1, 0x81, 0x1, 0x81, 0x1,
    0x81, 0xf1, 0x80, 0x1, 0x80, 0x1, 0x40, 0x2,
    0x60, 0x6, 0x30, 0xc, 0x18, 0x18, 0x7, 0xe0,

    /* U+1F553 "🕓" */
    0x7, 0xc0, 0x30, 0x60, 0xc0, 0x63, 0x8, 0x64,
    0x10, 0x50, 0x20, 0x60, 0x40, 0xc0, 0x81, 0x81,
    0x83, 0x0, 0x86, 0x0, 0xa, 0x0, 0x26, 0x0,
    0xc4, 0x3, 0x6, 0xc, 0x3, 0xe0,

    /* U+1F554 "🕔" */
    0x7, 0xc0, 0x30, 0x60, 0xc0, 0x63, 0x8, 0x64,
    0x10, 0x50, 0x20, 0x60, 0x40, 0xc0, 0x81, 0x81,
    0x3, 0x1, 0x6, 0x2, 0xa, 0x2, 0x26, 0x0,
    0xc4, 0x3, 0x6, 0xc, 0x3, 0xe0,

    /* U+1F555 "🕕" */
    0x7, 0xc0, 0x30, 0x60, 0xc0, 0x63, 0x8, 0x64,
    0x10, 0x50, 0x20, 0x60, 0x40, 0xc0, 0x81, 0x81,
    0x3, 0x2, 0x6, 0x4, 0xa, 0x8, 0x26, 0x10,
    0xc4, 0x3, 0x6, 0xc, 0x3, 0xe0,

    /* U+1F556 "🕖" */
    0x7, 0xc0, 0x30, 0x60, 0xc0, 0x63, 0x8, 0x64,
    0x10, 0x50, 0x20, 0x60, 0x40, 0xc0, 0x81, 0x81,
    0x3, 0x4, 0x6, 0x8, 0xa, 0x20, 0x26, 0x0,
    0xc4, 0x3, 0x6, 0xc, 0x3, 0xe0,

    /* U+1F557 "🕗" */
    0x7, 0xc0, 0x30, 0x60, 0xc0, 0x63, 0x8, 0x64,
    0x10, 0x50, 0x20, 0x60, 0x40, 0xc0, 0x81, 0x81,
    0x3, 0xc, 0x6, 0x0, 0xa, 0x0, 0x26, 0x0,
    0xc4, 0x3, 0x6, 0xc, 0x3, 0xe0,

    /* U+1F558 "🕘" */
    0x7, 0xe0, 0x18, 0x18, 0x30, 0xc, 0x61, 0x6,
    0x41, 0x2, 0x81, 0x1, 0x81, 0x1, 0x81, 0x1,
    0x9f, 0x1, 0x80, 0x1, 0x80, 0x1, 0x40, 0x2,
    0x60, 0x6, 0x30, 0xc, 0x18, 0x18, 0x7, 0xe0,

    /* U+1F559 "🕙" */
    0x7, 0xc0, 0x30, 0x60, 0xc0, 0x63, 0x8, 0x64,
    0x10, 0x50, 0x20, 0x62, 0x40, 0xc3, 0x81, 0x81,
    0x3, 0x0, 0x6, 0x0, 0xa, 0x0, 0x26, 0x0,
    0xc4, 0x3, 0x6, 0xc, 0x3, 0xe0,

    /* U+1F55A "🕚" */
    0x7, 0xc0, 0x30, 0x60, 0xc0, 0x63, 0x8, 0x64,
    0x10, 0x50, 0xa0, 0x60, 0xc0, 0xc0, 0x81, 0x81,
    0x3, 0x0, 0x6, 0x0, 0xa, 0x0, 0x26, 0x0,
    0xc4, 0x3, 0x6, 0xc, 0x3, 0xe0,

    /* U+1F55B "🕛" */
    0x7, 0xc0, 0x30, 0x60, 0xc4, 0x63, 0x0, 0x64,
    0x10, 0x50, 0x20, 0x60, 0x40, 0xc0, 0x81, 0x80,
    0x3, 0x0, 0x6, 0x0, 0xa, 0x0, 0x26, 0x0,
    0xc4, 0x3, 0x6, 0xc, 0x3, 0xe0,

    /* U+1F55C "🕜" */
    0x7, 0xc0, 0x30, 0x60, 0xc0, 0x63, 0x0, 0x64,
    0x0, 0x50, 0x8, 0x60, 0x20, 0xc0, 0x81, 0x81,
    0x3, 0x2, 0x6, 0x4, 0xa, 0x8, 0x26, 0x10,
    0xc4, 0x23, 0x6, 0xc, 0x3, 0xe0,

    /* U+1F55D "🕝" */
    0x7, 0xc0, 0x30, 0x60, 0xc0, 0x63, 0x0, 0x64,
    0x0, 0x50, 0x0, 0x60, 0x8, 0xc0, 0x61, 0x81,
    0x3, 0x2, 0x6, 0x4, 0xa, 0x8, 0x26, 0x10,
    0xc4, 0x23, 0x6, 0xc, 0x3, 0xe0,

    /* U+1F55E "🕞" */
    0x7, 0xe0, 0x18, 0x18, 0x30, 0xc, 0x60, 0x6,
    0x40, 0x2, 0x80, 0x1, 0x80, 0x1, 0x80, 0x1,
    0x81, 0xf1, 0x81, 0x1, 0x81, 0x1, 0x41, 0x2,
    0x61, 0x6, 0x31, 0xc, 0x18, 0x18, 0x7, 0xe0,

    /* U+1F55F "🕟" */
    0x7, 0xc0, 0x30, 0x60, 0xc0, 0x63, 0x0, 0x64,
    0x0, 0x50, 0x0, 0x60, 0x0, 0xc0, 0x1, 0x81,
    0x83, 0x2, 0x86, 0x4, 0xa, 0x8, 0x26, 0x10,
    0xc4, 0x23, 0x6, 0xc, 0x3, 0xe0,

    /* U+1F560 "🕠" */
    0x7, 0xc0, 0x30, 0x60, 0xc0, 0x63, 0x0, 0x64,
    0x0, 0x50, 0x0, 0x60, 0x0, 0xc0, 0x1, 0x81,
    0x3, 0x3, 0x6, 0x6, 0xa, 0xa, 0x26, 0x10,
    0xc4, 0x23, 0x6, 0xc, 0x3, 0xe0,

    /* U+1F561 "🕡" */
    0x7, 0xc0, 0x30, 0x60, 0xc0, 0x63, 0x0, 0x64,
    0x0, 0x50, 0x0, 0x60, 0x0, 0xc0, 0x1, 0x81,
    0x3, 0x2, 0x6, 0x4, 0xa, 0x8, 0x26, 0x0,
    0xc4, 0x23, 0x6, 0xc, 0x3, 0xe0,

    /* U+1F562 "🕢" */
    0x7, 0xc0, 0x30, 0x60, 0xc0, 0x63, 0x0, 0x64,
    0x0, 0x50, 0x0, 0x60, 0x0, 0xc0, 0x1, 0x81,
    0x3, 0x6, 0x6, 0xc, 0xa, 0x28, 0x26, 0x10,
    0xc4, 0x23, 0x6, 0xc, 0x3, 0xe0,

    /* U+1F563 "🕣" */
    0x7, 0xc0, 0x30, 0x60, 0xc0, 0x63, 0x0, 0x64,
    0x0, 0x50, 0x0, 0x60, 0x0, 0xc0, 0x1, 0x81,
    0x3, 0xe, 0x6, 0x4, 0xa, 0x8, 0x26, 0x10,
    0xc4, 0x23, 0x6, 0xc, 0x3, 0xe0,

    /* U+1F564 "🕤" */
    0x7, 0xe0, 0x18, 0x18, 0x30, 0xc, 0x60, 0x6,
    0x40, 0x2, 0x80, 0x1, 0x80, 0x1, 0x80, 0x1,
    0x9f, 0x1, 0x81, 0x1, 0x81, 0x1, 0x41, 0x2,
    0x61, 0x6, 0x31, 0xc, 0x18, 0x18, 0x7, 0xe0,

    /* U+1F565 "🕥" */
    0x7, 0xc0, 0x30, 0x60, 0xc0, 0x63, 0x0, 0x64,
    0x0, 0x50, 0x0, 0x62, 0x0, 0xc3, 0x1, 0x81,
    0x3, 0x2, 0x6, 0x4, 0xa, 0x8, 0x26, 0x10,
    0xc4, 0x23, 0x6, 0xc, 0x3, 0xe0,

    /* U+1F566 "🕦" */
    0x7, 0xc0, 0x30, 0x60, 0xc0, 0x63, 0x0, 0x64,
    0x0, 0x50, 0x80, 0x60, 0x80, 0xc0, 0x81, 0x81,
    0x3, 0x2, 0x6, 0x4, 0xa, 0x8, 0x26, 0x10,
    0xc4, 0x23, 0x6, 0xc, 0x3, 0xe0,

    /* U+1F567 "🕧" */
    0x7, 0xc0, 0x30, 0x60, 0xc0, 0x63, 0x0, 0x64,
    0x8, 0x50, 0x10, 0x60, 0x40, 0xc0, 0x81, 0x81,
    0x3, 0x2, 0x6, 0x4, 0xa, 0x8, 0x26, 0x10,
    0xc4, 0x23, 0x6, 0xc, 0x3, 0xe0,

    /* U+1F56F "🕯" */
    0x22, 0xa5, 0x18, 0xb0, 0x80, 0xfc, 0x63, 0x18,
    0xc6, 0x31, 0x8c, 0x7e,

    /* U+1F570 "🕰" */
    0x1, 0xf8, 0x0, 0x30, 0xc0, 0x4, 0x2, 0x0,
    0xc0, 0x30, 0x8, 0x1, 0x0, 0x80, 0x10, 0x8,
    0x1, 0x0, 0xc0, 0x30, 0x4, 0x2, 0x0, 0x30,
    0xc0, 0x1, 0xf8, 0xf, 0xff, 0xff, 0x80, 0x0,
    0x1f, 0xff, 0xff,

    /* U+1F573 "🕳" */
    0x3, 0xff, 0x0, 0x70, 0x7, 0x86, 0x0, 0x3,
    0xb0, 0x0, 0x3, 0x83, 0xff, 0x6, 0x70, 0x3,
    0x9e, 0x0, 0x1, 0xd8, 0x0, 0x6, 0x1c, 0x0,
    0xe0, 0xf, 0xfc, 0x0,

    /* U+1F574 "🕴" */
    0x31, 0x47, 0x2b, 0xae, 0xba, 0xe3, 0xaf, 0xbe,
    0xb6, 0xdb, 0x65, 0x80, 0xfb, 0xf0,

    /* U+1F575 "🕵" */
    0x6, 0x0, 0x33, 0x0, 0xbd, 0x1, 0x86, 0x3,
    0xc, 0x4, 0xc8, 0xb, 0xd0, 0x10, 0x20, 0x20,
    0x40, 0x27, 0x0, 0x66, 0x0, 0x78, 0xe7, 0xa,
    0x31, 0xe2, 0xb5, 0xb6, 0x5b, 0x4c, 0x0, 0x0,

    /* U+1F576 "🕶" */
    0x0, 0x0, 0x0, 0xfc, 0x7, 0x8c, 0xe8, 0x7f,
    0xa4, 0x52, 0x8d, 0x60, 0xb4, 0x19, 0x82, 0xf0,
    0x66, 0xa, 0xa1, 0x94, 0x40, 0x4a, 0x2f, 0x86,
    0xd0, 0x7c, 0x7, 0x80,

    /* U+1F577 "🕷" */
    0x4, 0x8, 0x4, 0x4, 0x2, 0x1, 0x1, 0x38,
    0x89, 0x22, 0x4c, 0xa0, 0xa6, 0x50, 0x52, 0xa8,
    0x2a, 0x2c, 0x16, 0xb, 0x15, 0x3, 0xff, 0x0,
    0xae, 0x0, 0xa5, 0xc0, 0xac, 0xa0, 0x90, 0x28,
    0x48, 0x14, 0x24, 0x12, 0x10, 0x1, 0x0, 0x0,
    0x0,

    /* U+1F578 "🕸" */
    0x0, 0x40, 0x0, 0x8, 0x0, 0x1, 0x0, 0x9,
    0xf8, 0x80, 0xce, 0xe0, 0x1f, 0xbc, 0x2, 0x92,
    0x80, 0xba, 0xd0, 0x14, 0xe5, 0x1f, 0xff, 0xfc,
    0x53, 0xa4, 0xd, 0xad, 0x0, 0xbf, 0xa0, 0x1e,
    0xbc, 0x2, 0x7c, 0x80, 0x82, 0x8, 0x0, 0x40,
    0x0, 0x8, 0x0, 0x1, 0x0, 0x0,

    /* U+1F579 "🕹" */
    0x3, 0x80, 0x8, 0x80, 0x20, 0x80, 0x41, 0x0,
    0x82, 0x1, 0x4, 0x1, 0x10, 0x1, 0xc0, 0x2,
    0x80, 0x5, 0x0, 0xa, 0x0, 0x14, 0x0, 0x28,
    0x0, 0x50, 0x0, 0xf0, 0x3a, 0x30, 0xff, 0xff,
    0x0, 0x6, 0x0, 0xf, 0xff, 0xf0,

    /* U+1F57A "🕺" */
    0x7, 0x0, 0xa, 0x2, 0x1c, 0x2, 0x3f, 0x83,
    0x80, 0xe0, 0x90, 0x1, 0x20, 0x2, 0x40, 0x2,
    0x40, 0x8, 0x80, 0x11, 0x0, 0x2a, 0x0, 0xb4,
    0x1, 0x68, 0x3, 0x50, 0x5, 0xa0, 0x7, 0x40,
    0xe, 0x80, 0x5, 0x0, 0xc, 0x0, 0x8, 0x0,

    /* U+1F587 "🖇" */
    0x0, 0x0, 0x7, 0xe0, 0x4, 0x48, 0x2, 0xb2,
    0x1, 0xa9, 0x41, 0x54, 0xa0, 0xb4, 0xa8, 0xaa,
    0xd4, 0x5a, 0x56, 0x55, 0x2a, 0xab, 0xb, 0x48,
    0x85, 0x54, 0x41, 0x4a, 0x40, 0x84, 0xa0, 0x24,
    0x20, 0xc,

    /* U+1F58A "🖊" */
    0x0, 0xce, 0x1, 0x13, 0x2, 0x69, 0x4, 0x85,
    0x1, 0x2, 0x2, 0x4, 0x4, 0x8, 0x8, 0x10,
    0x8, 0x20, 0x10, 0x40, 0x20, 0x80, 0x41, 0x0,
    0x62, 0x0, 0x54, 0x0, 0x78, 0x0, 0x80, 0x0,

    /* U+1F58B "🖋" */
    0x0, 0x4, 0x0, 0x1a, 0x0, 0x22, 0x0, 0x42,
    0x0, 0x84, 0x1, 0x8, 0x2, 0x10, 0x6, 0x10,
    0x9, 0x20, 0x10, 0xc0, 0x21, 0x0, 0x22, 0x0,
    0x5c, 0x0, 0x80, 0x0, 0xd0, 0x0, 0xe0, 0x0,

    /* U+1F58C "🖌" */
    0x0, 0x6, 0x0, 0xc, 0x80, 0x8, 0x20, 0x8,
    0x20, 0x8, 0x10, 0x8, 0x10, 0x8, 0x10, 0xc,
    0x10, 0x6, 0x10, 0x4, 0x90, 0x2, 0x30, 0x4,
    0x90, 0x4, 0x30, 0x2, 0x20, 0x1, 0x10, 0x0,
    0xf0, 0x0,

    /* U+1F58D "🖍" */
    0x0, 0x0, 0x0, 0x3, 0x0, 0x3, 0x40, 0x2,
    0x50, 0x2, 0x10, 0x2, 0x10, 0x2, 0x10, 0x2,
    0x10, 0x2, 0x10, 0x2, 0x10, 0x2, 0x10, 0x2,
    0x10, 0x2, 0x90, 0x1, 0x30, 0x1, 0x50, 0x1,
    0x10, 0x0, 0x70, 0x0, 0x0,

    /* U+1F590 "🖐" */
    0x0, 0x60, 0x0, 0x2, 0x40, 0x0, 0xc9, 0x78,
    0x2, 0xa5, 0x20, 0xa, 0x95, 0x0, 0x2a, 0x64,
    0x6, 0xa9, 0x90, 0x26, 0x66, 0x40, 0x55, 0x99,
    0x1, 0x32, 0x64, 0x2, 0x9, 0x21, 0x88, 0x0,
    0x99, 0x20, 0x1, 0x84, 0x40, 0x0, 0x61, 0x0,
    0x2, 0x4, 0x0, 0x10, 0x10, 0x0, 0x80, 0x20,
    0x4, 0x0, 0x80, 0x20, 0x1, 0x0, 0x80, 0x6,
    0xc, 0x0, 0x7, 0xc0, 0x0,

    /* U+1F595 "🖕" */
    0x3, 0x80, 0xa, 0x0, 0x28, 0x0, 0xa0, 0x2,
    0x80, 0xa, 0x0, 0x28, 0x3, 0xbf, 0x60, 0xa6,
    0x0, 0x14, 0x0, 0x48, 0x1, 0x20, 0x4, 0x80,
    0x12, 0x0, 0x44, 0x2, 0x10, 0x18, 0x30, 0xc0,
    0x3c, 0x0,

    /* U+1F596 "🖖" */
    0x0, 0x18, 0x0, 0x2, 0x40, 0x0, 0x27, 0x1,
    0x2, 0x90, 0x28, 0x29, 0x2, 0x44, 0x90, 0x64,
    0x4a, 0x5, 0x44, 0xa0, 0x52, 0x52, 0x4, 0xa5,
    0x20, 0x29, 0x82, 0x2, 0x0, 0x47, 0x20, 0x3,
    0x91, 0x0, 0x2, 0x10, 0x0, 0x41, 0x0, 0x4,
    0x10, 0x0, 0x80, 0x80, 0x10, 0x8, 0x2, 0x0,
    0x40, 0x60, 0x6, 0xc, 0x0, 0x1f, 0x0,

    /* U+1F5A4 "🖤" */
    0x3c, 0x3c, 0x63, 0xc6, 0xc1, 0x83, 0x80, 0x1,
    0x80, 0x1, 0x80, 0x1, 0x80, 0x2, 0x40, 0x2,
    0x20, 0x4, 0x10, 0x8, 0x10, 0x10, 0x8, 0x20,
    0x4, 0x20, 0x2, 0x40, 0x1, 0x80, 0x0, 0x0,

    /* U+1F5A5 "🖥" */
    0xff, 0xff, 0xf4, 0x0, 0x0, 0x60, 0x0, 0x3,
    0x0, 0x0, 0x18, 0x0, 0x0, 0xc0, 0x0, 0x6,
    0x0, 0x0, 0x30, 0x0, 0x1, 0x80, 0x0, 0xc,
    0x0, 0x0, 0x60, 0x0, 0x3, 0x0, 0x0, 0x1f,
    0xff, 0xff, 0xc0, 0x0, 0x7, 0xff, 0xff, 0xe0,
    0x0, 0x0, 0x0, 0x88, 0x0, 0x8, 0x20, 0x1,
    0xff, 0xc0,

    /* U+1F5A8 "🖨" */
    0xf, 0xff, 0xc0, 0x20, 0x1, 0x0, 0x80, 0x4,
    0x0, 0x0, 0x10, 0xff, 0xff, 0xbe, 0x80, 0x0,
    0x1a, 0x0, 0x2, 0x68, 0x0, 0x9, 0xa0, 0x0,
    0x26, 0x80, 0x0, 0x9a, 0x0, 0x2, 0x68, 0x0,
    0x9, 0xa3, 0xff, 0x26, 0xb4, 0xb, 0x9a, 0x97,
    0xa6, 0x6b, 0x40, 0xd9, 0xfd, 0x7b, 0x7c, 0x17,
    0xfc, 0x0, 0x50, 0x30, 0x1, 0x3f, 0x40, 0x3,
    0xff, 0x0,

    /* U+1F5B1 "🖱" */
    0x3f, 0x8c, 0x1b, 0x39, 0xc5, 0x18, 0xa3, 0x14,
    0x63, 0x8c, 0x1, 0x80, 0x30, 0x6, 0x0, 0xc0,
    0x18, 0x3, 0x80, 0xd8, 0x31, 0xfc,

    /* U+1F5B2 "🖲" */
    0x0, 0x7, 0xe0, 0x0, 0xc0, 0x2, 0x0, 0xfe,
    0xc, 0x18, 0xce, 0x64, 0x89, 0x28, 0x29, 0x41,
    0x4a, 0xa, 0x48, 0x92, 0x38, 0x90, 0x4, 0x80,
    0x24, 0x1, 0x20, 0x9, 0x0, 0x44, 0x4, 0x1f,
    0xc0,

    /* U+1F5BC "🖼" */
    0xff, 0xff, 0x80, 0x1, 0xbf, 0xff, 0xa0, 0x3,
    0xa0, 0x3, 0xae, 0x63, 0xb2, 0x53, 0xae, 0x8b,
    0xa1, 0x3, 0xa6, 0x3, 0xa8, 0x3, 0xa0, 0x3,
    0xa0, 0x3, 0xbf, 0xff, 0x80, 0x1, 0xff, 0xff,

    /* U+1F5C2 "🗂" */
    0x38, 0x0, 0x22, 0x0, 0x3f, 0xff, 0xff, 0xff,
    0xff, 0xff, 0xfc, 0x0, 0x6, 0x0, 0x3, 0x0,
    0x1, 0x80, 0x0, 0xc0, 0x0, 0x60, 0x0, 0x30,
    0x0, 0x18, 0x0, 0xf, 0xff, 0xfc,

    /* U+1F5C3 "🗃" */
    0xff, 0xff, 0xc0, 0x0, 0x7f, 0xff, 0xf0, 0x0,
    0x1b, 0xc0, 0xd, 0x1e, 0x6, 0xf0, 0x7b, 0x7f,
    0xc5, 0x80, 0x0, 0xff, 0xff, 0xe1, 0xf8, 0x30,
    0x84, 0x18, 0x7e, 0xc, 0x0, 0x7, 0xff, 0xfe,

    /* U+1F5C4 "🗄" */
    0xff, 0xfc, 0x0, 0x7f, 0xff, 0x9f, 0x3c, 0xf9,
    0xe7, 0xcf, 0x0, 0x77, 0xfd, 0xbf, 0xfe, 0x7c,
    0xf3, 0xe7, 0x80, 0x3c, 0xf1, 0xdf, 0xff, 0xff,
    0xff, 0xff,

    /* U+1F5D1 "🗑" */
    0xff, 0xff, 0x0, 0x7, 0xff, 0xfa, 0x0, 0x25,
    0x64, 0x49, 0x36, 0x96, 0x6e, 0x13, 0x64, 0x36,
    0xc8, 0x52, 0x70, 0x9a, 0xe1, 0x32, 0x42, 0x9a,
    0x80, 0x0, 0xf, 0xfc, 0xf, 0xf8,

    /* U+1F5D2 "🗒" */
    0x14, 0x88, 0xd6, 0x8b, 0x80, 0x1, 0x84, 0x1,
    0x84, 0x1, 0xbf, 0xff, 0x84, 0x1, 0x84, 0x1,
    0xbf, 0xff, 0x84, 0x1, 0x84, 0x3f, 0xbf, 0xe2,
    0x84, 0x24, 0x84, 0x18, 0xff, 0xf0,

    /* U+1F5D3 "🗓" */
    0xff, 0xff, 0x80, 0x1, 0x98, 0xd, 0xa8, 0x15,
    0x90, 0x9, 0xff, 0xff, 0x80, 0x1, 0xaa, 0x81,
    0x80, 0x1, 0xaa, 0x81, 0x80, 0x1, 0xa0, 0x1,
    0x80, 0x3f, 0x80, 0x24, 0x80, 0x38, 0xff, 0xe0,

    /* U+1F5DC "🗜" */
    0x3f, 0x84, 0x4, 0x9f, 0x4a, 0x1e, 0xa1, 0xea,
    0x0, 0xa0, 0xa, 0x0, 0xa1, 0xcb, 0xfc, 0x80,
    0x47, 0xfc, 0x1, 0x40, 0x37, 0x1, 0x40, 0xc,

    /* U+1F5DD "🗝" */
    0x0, 0x1c, 0x0, 0xe, 0x80, 0x6, 0x60, 0x1,
    0x94, 0x0, 0x5b, 0x80, 0xa, 0x50, 0x9, 0x94,
    0x4, 0xba, 0x2, 0x4d, 0x3, 0x60, 0x81, 0x20,
    0x0, 0x90, 0x0, 0xcc, 0x0, 0x1c, 0x80, 0x1,
    0x40, 0x0, 0x60, 0x0,

    /* U+1F5DE "🗞" */
    0x0, 0xc, 0x0, 0x19, 0x0, 0x11, 0x40, 0x32,
    0x60, 0x2c, 0x90, 0x69, 0x28, 0xd8, 0x98, 0x66,
    0x30, 0x29, 0x10, 0x3a, 0xd0, 0x2f, 0x30, 0x1b,
    0x60, 0xc, 0xa0, 0x5, 0xe0, 0x1, 0xe0, 0x0,

    /* U+1F5E1 "🗡" */
    0x0, 0x0, 0x0, 0x18, 0x0, 0x48, 0x18, 0xa0,
    0x22, 0x80, 0x32, 0x0, 0x50, 0x1, 0x30, 0x4,
    0xa8, 0x12, 0x30, 0x48, 0x1, 0x20, 0x4, 0x80,
    0xa, 0x0, 0x28, 0x0, 0x20, 0x0,

    /* U+1F5E3 "🗣" */
    0x7, 0xc0, 0x18, 0x60, 0x60, 0x40, 0x80, 0x81,
    0x1, 0x2, 0x1, 0x6, 0x3, 0x4, 0x9, 0x4,
    0x14, 0xc, 0x20, 0x7, 0xc0, 0x0, 0x3, 0xff,
    0x8c, 0x0, 0xb0, 0x0, 0xc0, 0x1, 0x80, 0x2,

    /* U+1F5E8 "🗨" */
    0x7, 0xe0, 0x18, 0x18, 0x30, 0xc, 0x60, 0x6,
    0x40, 0x2, 0x80, 0x1, 0x80, 0x1, 0x80, 0x1,
    0x80, 0x1, 0x80, 0x1, 0x80, 0x2, 0x40, 0x2,
    0x60, 0x2, 0x30, 0x2, 0x18, 0x12, 0x7, 0xee,

    /* U+1F5EF "🗯" */
    0x0, 0x0, 0x0, 0xc8, 0x1, 0x2d, 0x20, 0x7b,
    0x78, 0x68, 0x2, 0x16, 0x0, 0xe2, 0x0, 0xb,
    0x0, 0x2, 0x40, 0x0, 0x88, 0x0, 0x14, 0x0,
    0x18, 0x80, 0x4, 0x20, 0x7, 0x8e, 0x1, 0x2,
    0xa5, 0xc1, 0x77, 0x90, 0x60, 0x20, 0x10, 0x0,
    0x0,

    /* U+1F5F3 "🗳" */
    0x0, 0x80, 0x0, 0x5c, 0x0, 0x10, 0xc0, 0x8,
    0x10, 0x2, 0x8, 0x0, 0x82, 0x0, 0x40, 0x80,
    0x10, 0x40, 0xfc, 0x1f, 0xe0, 0xc8, 0x18, 0xff,
    0xc6, 0x0, 0x1, 0x80, 0x0, 0x60, 0x0, 0x18,
    0x0, 0x6, 0x0, 0x1, 0x80, 0x0, 0x60, 0x0,
    0x18, 0x0, 0x4,

    /* U+1F5FA "🗺" */
    0xff, 0xff, 0xfc, 0x1e, 0x2, 0x67, 0x11, 0xeb,
    0x40, 0xf0, 0x99, 0x8a, 0xe, 0xc4, 0xa0, 0x26,
    0x39, 0x2, 0x30, 0xe9, 0xe1, 0x87, 0xb0, 0xcc,
    0x18, 0x8a, 0x60, 0xc0, 0x33, 0x4, 0x0, 0x1f,
    0xff, 0xff, 0x80,

    /* U+1F5FB "🗻" */
    0x0, 0x70, 0x0, 0x4, 0x40, 0x0, 0x41, 0x0,
    0x4, 0x4, 0x0, 0x60, 0x10, 0x7, 0xd3, 0x40,
    0x4b, 0x6d, 0x4, 0x10, 0x24, 0x40, 0x0, 0x10,
    0x0, 0x0, 0x0,

    /* U+1F5FC "🗼" */
    0x0, 0x30, 0x0, 0x1, 0x80, 0x0, 0xc, 0x0,
    0x0, 0x60, 0x0, 0xf, 0x80, 0x0, 0x44, 0x0,
    0x3, 0xe0, 0x0, 0x9, 0x0, 0x0, 0x48, 0x0,
    0x2, 0x40, 0x0, 0x12, 0x0, 0x0, 0x90, 0x0,
    0x1f, 0xc0, 0x0, 0x84, 0x0, 0x3, 0xe0, 0x0,
    0x2e, 0x80, 0x1, 0x54, 0x0, 0x14, 0x50, 0x3f,
    0xff, 0xff, 0x0, 0x0, 0x1f, 0xff, 0xff, 0x80,

    /* U+1F5FD "🗽" */
    0x10, 0x0, 0xe0, 0x2, 0x40, 0x7, 0x80, 0xf,
    0x0, 0xc, 0x0, 0x18, 0x0, 0x30, 0x0, 0x30,
    0x40, 0x20, 0x80, 0xa8, 0x21, 0x47, 0x82, 0xba,
    0xe2, 0xa2, 0x4, 0xa8, 0x8, 0xb0, 0x9, 0xf0,
    0x10, 0x10, 0x20, 0x10, 0x40, 0x20,

    /* U+1F5FE "🗾" */
    0xff, 0xff, 0xc0, 0x8, 0x60, 0x4, 0x30, 0x5,
    0x18, 0x4, 0x4c, 0x2, 0xc6, 0x0, 0xc3, 0x0,
    0x61, 0x80, 0x30, 0xc0, 0x68, 0x60, 0x44, 0x31,
    0xdc, 0x18, 0xf0, 0x2c, 0xe0, 0x36, 0xa0, 0xb,
    0x20, 0x1, 0xff, 0xff, 0x80,

    /* U+1F5FF "🗿" */
    0x7, 0x80, 0xcb, 0x4, 0x88, 0x48, 0x24, 0xbe,
    0xa3, 0xce, 0x1f, 0x50, 0xa, 0x40, 0x32, 0x82,
    0xa2, 0x3, 0x10, 0xf8, 0xf0, 0xc4, 0x7e, 0x20,
    0x91, 0x4,

    /* U+1F600 "😀" */
    0x7, 0xe0, 0x18, 0x18, 0x30, 0xc, 0x60, 0x6,
    0x40, 0x2, 0x80, 0x1, 0x8c, 0x31, 0x8c, 0x31,
    0x80, 0x1, 0x80, 0x1, 0x9f, 0xf9, 0x58, 0x1a,
    0x6f, 0xf6, 0x37, 0xec, 0x18, 0x18, 0x7, 0xe0,

    /* U+1F601 "😁" */
    0x7, 0xe0, 0x18, 0x18, 0x30, 0xc, 0x60, 0x6,
    0x40, 0x2, 0x80, 0x1, 0x8c, 0x71, 0x92, 0x11,
    0x80, 0x1, 0x80, 0x1, 0x9f, 0xf9, 0x58, 0x1a,
    0x6f, 0xf6, 0x37, 0xec, 0x18, 0x18, 0x7, 0xe0,

    /* U+1F602 "😂" */
    0x0, 0xf8, 0x0, 0x18, 0x30, 0x1, 0x0, 0x40,
    0x10, 0x1, 0x1, 0x10, 0x68, 0xb, 0x0, 0xa0,
    0x40, 0x1, 0x0, 0x31, 0xc0, 0x2, 0x2, 0x3,
    0x80, 0x3, 0xa5, 0x81, 0x93, 0x2f, 0xf4, 0x96,
    0xbf, 0xeb, 0x2, 0x4e, 0x80, 0xd, 0x98, 0x0,
    0x1f, 0x0,

    /* U+1F603 "😃" */
    0x7, 0xe0, 0x18, 0x18, 0x30, 0xc, 0x60, 0x6,
    0x40, 0x2, 0x84, 0x21, 0x86, 0x61, 0x84, 0x21,
    0x80, 0x1, 0x90, 0x9, 0x9f, 0xf9, 0x5f, 0xfa,
    0x68, 0x16, 0x37, 0xec, 0x18, 0x18, 0x7, 0xe0,

    /* U+1F604 "😄" */
    0x7, 0xe0, 0x18, 0x18, 0x30, 0xc, 0x60, 0x6,
    0x40, 0x2, 0x80, 0x1, 0x8c, 0x71, 0x92, 0x11,
    0x80, 0x1, 0x80, 0x1, 0x9f, 0xf9, 0x58, 0x1a,
    0x6f, 0xf6, 0x37, 0xec, 0x18, 0x18, 0x7, 0xe0,

    /* U+1F605 "😅" */
    0x0, 0x0, 0xf, 0xf2, 0x10, 0xe, 0x20, 0x9,
    0x40, 0x9, 0x80, 0x6, 0x8c, 0x71, 0x90, 0x11,
    0x80, 0x1, 0x80, 0x1, 0x9f, 0xf9, 0x5f, 0xfa,
    0x28, 0x12, 0x17, 0xe4, 0x8, 0x18, 0x7, 0xe0,

    /* U+1F606 "😆" */
    0x7, 0xe0, 0x18, 0x18, 0x30, 0xc, 0x60, 0x6,
    0x40, 0x2, 0x8c, 0x31, 0x82, 0x41, 0x8c, 0x31,
    0x80, 0x1, 0x80, 0x1, 0x9f, 0xd9, 0x5f, 0xfa,
    0x68, 0x16, 0x37, 0xec, 0x18, 0x18, 0x7, 0xe0,

    /* U+1F607 "😇" */
    0x1f, 0xfc, 0x30, 0x1, 0xa1, 0xfc, 0x2c, 0x0,
    0x63, 0xff, 0xe2, 0x0, 0x9, 0x0, 0x4, 0x8c,
    0x72, 0x88, 0x9, 0x20, 0x0, 0x90, 0x0, 0x48,
    0x0, 0x24, 0x61, 0x21, 0xf, 0x10, 0x40, 0x10,
    0x18, 0x30, 0x3, 0xe0, 0x0,

    /* U+1F608 "😈" */
    0x20, 0x4, 0x60, 0x6, 0xa7, 0xea, 0x58, 0x1a,
    0x70, 0xe, 0x60, 0x6, 0x50, 0x12, 0x88, 0x21,
    0x8c, 0x31, 0x8c, 0x31, 0x80, 0x1, 0x80, 0x1,
    0x87, 0xc1, 0x40, 0x2, 0x60, 0x6, 0x30, 0xc,
    0x18, 0x18, 0x7, 0xe0,

    /* U+1F609 "😉" */
    0x7, 0xe0, 0x18, 0x18, 0x30, 0xc, 0x60, 0x6,
    0x48, 0x2, 0x90, 0x1, 0xa0, 0x79, 0x8c, 0x1,
    0x8c, 0x41, 0x80, 0x1, 0x80, 0x1, 0x47, 0xe2,
    0x64, 0x26, 0x33, 0xcc, 0x18, 0x18, 0x7, 0xe0,

    /* U+1F60A "😊" */
    0x7, 0xe0, 0x18, 0x18, 0x30, 0xc, 0x60, 0x6,
    0x40, 0x2, 0x80, 0x1, 0x8c, 0x71, 0x90, 0x11,
    0x80, 0x1, 0x80, 0x1, 0x80, 0x1, 0x4c, 0x22,
    0x63, 0xc6, 0x30, 0xc, 0x18, 0x18, 0x7, 0xe0,

    /* U+1F60B "😋" */
    0x7, 0xc0, 0x18, 0x30, 0x30, 0x8, 0x60, 0x4,
    0x40, 0x2, 0x80, 0x2, 0x8c, 0x62, 0x90, 0x11,
    0x80, 0x1, 0xa0, 0x9, 0xa0, 0xa, 0x50, 0x14,
    0x28, 0x22, 0x37, 0xd2, 0x8, 0xc, 0x7, 0xe0,

    /* U+1F60C "😌" */
    0x7, 0xe0, 0x18, 0x18, 0x30, 0xc, 0x60, 0x6,
    0x5c, 0x32, 0x80, 0x9, 0x90, 0x11, 0x8c, 0x61,
    0x80, 0x1, 0x80, 0x1, 0x80, 0x1, 0x4c, 0x22,
    0x63, 0xc6, 0x30, 0xc, 0x18, 0x18, 0x7, 0xe0,

    /* U+1F60D "😍" */
    0x7, 0xe0, 0x18, 0x18, 0x30, 0xc, 0x60, 0x6,
    0x7e, 0x7a, 0xaa, 0x49, 0xa2, 0x49, 0x94, 0x31,
    0x88, 0x1, 0x80, 0x1, 0x9f, 0xf1, 0x50, 0x12,
    0x68, 0x26, 0x37, 0xcc, 0x18, 0x18, 0x7, 0xe0,

    /* U+1F60E "😎" */
    0x7, 0xe0, 0x18, 0x18, 0x30, 0xc, 0x60, 0x6,
    0x40, 0x2, 0x9f, 0xf9, 0xa1, 0x85, 0xa1, 0x85,
    0xa2, 0x45, 0x9c, 0x31, 0x80, 0x1, 0x4c, 0x62,
    0x63, 0x86, 0x30, 0xc, 0x18, 0x18, 0x7, 0xe0,

    /* U+1F60F "😏" */
    0x7, 0xe0, 0x18, 0x18, 0x30, 0xc, 0x60, 0x6,
    0x40, 0x2, 0x9c, 0x79, 0x86, 0x31, 0x86, 0x31,
    0x80, 0x1, 0x80, 0x1, 0x80, 0x21, 0x43, 0xc2,
    0x60, 0x6, 0x30, 0xc, 0x18, 0x18, 0x7, 0xe0,

    /* U+1F610 "😐" */
    0x7, 0xe0, 0x18, 0x18, 0x30, 0xc, 0x60, 0x6,
    0x40, 0x2, 0x80, 0x1, 0x8c, 0x31, 0x8c, 0x31,
    0x80, 0x1, 0x80, 0x1, 0x87, 0xe1, 0x40, 0x2,
    0x60, 0x6, 0x30, 0xc, 0x18, 0x18, 0x7, 0xe0,

    /* U+1F611 "😑" */
    0x7, 0xe0, 0x18, 0x18, 0x30, 0xc, 0x60, 0x6,
    0x40, 0x2, 0x80, 0x1, 0x8c, 0x31, 0x80, 0x1,
    0x80, 0x1, 0x80, 0x1, 0x87, 0xe1, 0x40, 0x2,
    0x60, 0x6, 0x30, 0xc, 0x18, 0x18, 0x7, 0xe0,

    /* U+1F612 "😒" */
    0x7, 0xe0, 0x18, 0x18, 0x30, 0xc, 0x60, 0x6,
    0x4e, 0x32, 0x90, 0x1, 0x86, 0x31, 0x86, 0x31,
    0x80, 0x1, 0x80, 0x1, 0x83, 0xc1, 0x40, 0x22,
    0x60, 0x6, 0x30, 0xc, 0x18, 0x18, 0x7, 0xe0,

    /* U+1F613 "😓" */
    0x0, 0x0, 0x1b, 0xe0, 0x24, 0x10, 0x24, 0xc,
    0x24, 0x4, 0x58, 0x2, 0x80, 0x1, 0x8c, 0x71,
    0x90, 0x1, 0x80, 0x1, 0x83, 0xc1, 0x84, 0x41,
    0x40, 0x2, 0x20, 0x6, 0x30, 0xc, 0x8, 0x18,
    0x7, 0xe0,

    /* U+1F614 "😔" */
    0x7, 0xe0, 0x18, 0x18, 0x30, 0xc, 0x60, 0x6,
    0x40, 0x2, 0xb8, 0x39, 0x90, 0x1, 0x8c, 0x71,
    0x80, 0x1, 0x80, 0x1, 0x80, 0x1, 0x47, 0xe2,
    0x60, 0x6, 0x30, 0xc, 0x18, 0x18, 0x7, 0xe0,

    /* U+1F615 "😕" */
    0x7, 0xe0, 0x18, 0x18, 0x30, 0xc, 0x60, 0x6,
    0x40, 0x2, 0x80, 0x1, 0x8c, 0x31, 0x8c, 0x31,
    0x80, 0x1, 0x80, 0x1, 0x83, 0xe1, 0x44, 0x2,
    0x60, 0x6, 0x30, 0xc, 0x18, 0x18, 0x7, 0xe0,

    /* U+1F616 "😖" */
    0x7, 0xe0, 0x18, 0x18, 0x30, 0xc, 0x60, 0x6,
    0x40, 0x2, 0x8c, 0x11, 0x86, 0x61, 0x88, 0x11,
    0x80, 0x1, 0x84, 0x1, 0x8d, 0xb1, 0x42, 0x42,
    0x60, 0x6, 0x30, 0xc, 0x18, 0x18, 0x7, 0xe0,

    /* U+1F617 "😗" */
    0x7, 0xe0, 0x18, 0x18, 0x30, 0xc, 0x60, 0x6,
    0x40, 0x2, 0x80, 0x1, 0x8c, 0x31, 0x8c, 0x31,
    0x80, 0x1, 0x80, 0x1, 0x80, 0xc1, 0x40, 0xc2,
    0x60, 0x46, 0x30, 0x8c, 0x18, 0x18, 0x7, 0xe0,

    /* U+1F618 "😘" */
    0x7, 0xe0, 0xc, 0x8, 0xc, 0x3, 0xc, 0x0,
    0x84, 0x80, 0x24, 0x80, 0xa, 0x81, 0xe5, 0x18,
    0x2, 0x8c, 0x61, 0x40, 0x0, 0xa0, 0x30, 0x8,
    0x13, 0xe2, 0x5, 0x9, 0x84, 0x48, 0x20, 0x68,
    0xf, 0xc8,

    /* U+1F619 "😙" */
    0x7, 0xe0, 0x18, 0x18, 0x30, 0xc, 0x60, 0x6,
    0x40, 0x2, 0x80, 0x1, 0x9c, 0x71, 0x80, 0x1,
    0x80, 0x1, 0x80, 0x81, 0x80, 0x41, 0x40, 0x82,
    0x60, 0x46, 0x30, 0x8c, 0x18, 0x18, 0x7, 0xe0,

    /* U+1F61A "😚" */
    0x7, 0xe0, 0x18, 0x18, 0x30, 0xc, 0x60, 0x6,
    0x5c, 0x32, 0x80, 0x9, 0x80, 0x1, 0x9c, 0x71,
    0x80, 0x1, 0x80, 0x81, 0x80, 0x41, 0x40, 0x82,
    0x60, 0x46, 0x30, 0x8c, 0x18, 0x18, 0x7, 0xe0,

    /* U+1F61B "😛" */
    0x7, 0xe0, 0x18, 0x18, 0x30, 0xc, 0x60, 0x6,
    0x40, 0x2, 0x80, 0x1, 0x8c, 0x31, 0x8c, 0x31,
    0x80, 0x1, 0x88, 0x1, 0x87, 0xe1, 0x42, 0x42,
    0x62, 0x46, 0x31, 0x8c, 0x18, 0x18, 0x7, 0xe0,

    /* U+1F61C "😜" */
    0x7, 0xe0, 0x18, 0x18, 0x30, 0xc, 0x60, 0x6,
    0x40, 0x2, 0x80, 0x1, 0x8c, 0x21, 0x8c, 0x51,
    0x80, 0x1, 0x88, 0x1, 0x87, 0xe1, 0x42, 0x42,
    0x62, 0xc6, 0x31, 0x8c, 0x18, 0x18, 0x7, 0xe0,

    /* U+1F61D "😝" */
    0x7, 0xe0, 0x18, 0x18, 0x30, 0xc, 0x60, 0x6,
    0x40, 0x2, 0x8c, 0x31, 0x82, 0x41, 0x8c, 0x31,
    0x80, 0x1, 0x84, 0x11, 0x87, 0xe1, 0x42, 0x42,
    0x62, 0x46, 0x31, 0x8c, 0x18, 0x18, 0x7, 0xe0,

    /* U+1F61E "😞" */
    0x7, 0xe0, 0x18, 0x18, 0x30, 0xc, 0x60, 0x6,
    0x40, 0x2, 0x80, 0x1, 0x80, 0x1, 0x80, 0x1,
    0x84, 0x41, 0x98, 0x39, 0x80, 0x1, 0x43, 0x82,
    0x64, 0x46, 0x30, 0xc, 0x18, 0x18, 0x7, 0xe0,

    /* U+1F61F "😟" */
    0x7, 0xe0, 0x18, 0x18, 0x30, 0xc, 0x60, 0x6,
    0x5c, 0x32, 0x80, 0x9, 0x8c, 0x31, 0x8c, 0x31,
    0x80, 0x1, 0x80, 0x1, 0x87, 0xc1, 0x48, 0x22,
    0x60, 0x6, 0x30, 0xc, 0x18, 0x18, 0x7, 0xe0,

    /* U+1F620 "😠" */
    0x7, 0xe0, 0x18, 0x18, 0x30, 0xc, 0x60, 0x6,
    0x50, 0x12, 0x8c, 0x61, 0x8c, 0x31, 0x8c, 0x31,
    0x80, 0x1, 0x80, 0x1, 0x87, 0xc1, 0x40, 0x2,
    0x60, 0x6, 0x30, 0xc, 0x18, 0x18, 0x7, 0xe0,

    /* U+1F621 "😡" */
    0x7, 0xe0, 0x18, 0x18, 0x30, 0xc, 0x60, 0x6,
    0x50, 0x12, 0x8c, 0x61, 0x8c, 0x31, 0x8c, 0x31,
    0x80, 0x1, 0x80, 0x1, 0x83, 0x81, 0x44, 0x42,
    0x60, 0x6, 0x30, 0xc, 0x18, 0x18, 0x7, 0xe0,

    /* U+1F622 "😢" */
    0x7, 0xe0, 0x18, 0x18, 0x30, 0xc, 0x60, 0x6,
    0x40, 0x2, 0x80, 0x1, 0x8c, 0x31, 0x8c, 0x31,
    0x90, 0x1, 0xa8, 0x1, 0x93, 0xc1, 0x44, 0x22,
    0x68, 0x26, 0x30, 0xc, 0x18, 0x18, 0x7, 0xe0,

    /* U+1F623 "😣" */
    0x7, 0xe0, 0x18, 0x18, 0x30, 0xc, 0x68, 0x26,
    0x70, 0x1a, 0x88, 0x11, 0x86, 0x61, 0x8c, 0x31,
    0x80, 0x1, 0x80, 0x1, 0x81, 0xc1, 0x42, 0x42,
    0x64, 0x26, 0x37, 0xec, 0x18, 0x18, 0x7, 0xe0,

    /* U+1F624 "😤" */
    0x0, 0xf8, 0x0, 0x18, 0x30, 0x1, 0x0, 0x40,
    0x10, 0x1, 0x1, 0x20, 0x2c, 0x8, 0xc6, 0x20,
    0x80, 0x1, 0x4, 0x71, 0xc8, 0x20, 0x0, 0x40,
    0xc, 0x60, 0xd, 0xdf, 0xd8, 0x94, 0x5, 0x24,
    0x40, 0x11, 0x22, 0x0, 0x89, 0x10, 0x8, 0x4e,
    0xbf, 0xbe, 0x8, 0x0, 0x0,

    /* U+1F625 "😥" */
    0x0, 0x0, 0xf, 0xf0, 0x10, 0x8, 0x20, 0x4,
    0x44, 0x22, 0x98, 0x12, 0x80, 0x1, 0x8c, 0x31,
    0x8c, 0x31, 0xa0, 0x1, 0x53, 0x81, 0x94, 0x42,
    0x90, 0x4, 0x50, 0x4, 0x28, 0x18, 0x7, 0xe0,

    /* U+1F626 "😦" */
    0x7, 0xe0, 0x18, 0x18, 0x30, 0xc, 0x60, 0x6,
    0x40, 0x2, 0x80, 0x1, 0x8c, 0x31, 0x8c, 0x31,
    0x80, 0x1, 0x83, 0xc1, 0x83, 0xc1, 0x47, 0xe2,
    0x60, 0x6, 0x30, 0xc, 0x18, 0x18, 0x7, 0xe0,

    /* U+1F627 "😧" */
    0x7, 0xe0, 0x18, 0x18, 0x30, 0xc, 0x60, 0x36,
    0x58, 0xa, 0xa0, 0x1, 0x8c, 0x31, 0x8c, 0x31,
    0x80, 0x1, 0x83, 0xc1, 0x83, 0xc1, 0x47, 0xe2,
    0x60, 0x6, 0x30, 0xc, 0x18, 0x18, 0x7, 0xe0,

    /* U+1F628 "😨" */
    0x7, 0xe0, 0x18, 0x18, 0x30, 0xc, 0x60, 0x36,
    0x58, 0xa, 0xa0, 0x1, 0x8c, 0x31, 0x8c, 0x31,
    0x80, 0x1, 0x83, 0xc1, 0x83, 0xc1, 0x47, 0xe2,
    0x60, 0x6, 0x30, 0xc, 0x18, 0x18, 0x7, 0xe0,

    /* U+1F629 "😩" */
    0x7, 0xe0, 0x18, 0x18, 0x30, 0xc, 0x64, 0x46,
    0x58, 0x32, 0x80, 0x1, 0x9c, 0x71, 0x80, 0x1,
    0x80, 0x1, 0x83, 0xc1, 0x8f, 0xa1, 0x5f, 0xe2,
    0x6c, 0x66, 0x30, 0xc, 0x18, 0x18, 0x7, 0xe0,

    /* U+1F62A "😪" */
    0x7, 0xe0, 0x18, 0x10, 0x30, 0xc, 0x60, 0x4,
    0x40, 0x2, 0x80, 0x1, 0x8e, 0x31, 0x80, 0x49,
    0x80, 0x1, 0x80, 0x1, 0x83, 0xdc, 0x40, 0x12,
    0x20, 0x11, 0x30, 0xa, 0x8, 0x14, 0x7, 0xe0,

    /* U+1F62B "😫" */
    0x7, 0xe0, 0x18, 0x18, 0x30, 0xc, 0x64, 0x26,
    0x58, 0x1a, 0x80, 0x1, 0x8e, 0x71, 0x84, 0x21,
    0x88, 0x1, 0x83, 0xc1, 0x8f, 0xa1, 0x5f, 0xe2,
    0x6c, 0x66, 0x30, 0xc, 0x18, 0x18, 0x7, 0xe0,

    /* U+1F62C "😬" */
    0x7, 0xe0, 0x18, 0x18, 0x30, 0xc, 0x60, 0x6,
    0x40, 0x2, 0x80, 0x1, 0x8c, 0x31, 0x8c, 0x31,
    0x80, 0x1, 0x80, 0x1, 0x9f, 0xf1, 0x5a, 0xaa,
    0x7f, 0xf6, 0x30, 0xc, 0x18, 0x18, 0x7, 0xe0,

    /* U+1F62D "😭" */
    0x7, 0xe0, 0x18, 0x18, 0x30, 0x4, 0x60, 0x2,
    0x40, 0x2, 0x80, 0x1, 0x8c, 0x71, 0x90, 0x11,
    0x94, 0x29, 0xa8, 0x25, 0xa9, 0x95, 0x6a, 0x56,
    0x6a, 0x56, 0x39, 0x94, 0x18, 0x18, 0x7, 0xe0,

    /* U+1F62E "😮" */
    0x7, 0xe0, 0x18, 0x18, 0x30, 0xc, 0x60, 0x6,
    0x40, 0x2, 0x80, 0x1, 0x8c, 0x31, 0x8c, 0x31,
    0x80, 0x1, 0x80, 0x1, 0x81, 0x81, 0x42, 0x42,
    0x64, 0x46, 0x33, 0x8c, 0x18, 0x18, 0x7, 0xe0,

    /* U+1F62F "😯" */
    0x7, 0xe0, 0x18, 0x18, 0x30, 0xc, 0x60, 0x6,
    0x58, 0x32, 0xa0, 0x9, 0x80, 0x1, 0x8c, 0x31,
    0x8c, 0x31, 0x80, 0x1, 0x81, 0x81, 0x42, 0x42,
    0x62, 0x46, 0x32, 0x4c, 0x19, 0x98, 0x7, 0xe0,

    /* U+1F630 "😰" */
    0x3, 0xf0, 0x2, 0x4, 0x2, 0x1, 0x8c, 0x0,
    0x4a, 0xe3, 0x95, 0x0, 0x7, 0x18, 0x62, 0xc,
    0x31, 0x40, 0x0, 0xa0, 0x0, 0x50, 0x70, 0x24,
    0x44, 0x22, 0x41, 0x30, 0x80, 0x30, 0x30, 0x30,
    0x7, 0xe0,

    /* U+1F631 "😱" */
    0x7, 0xe0, 0x18, 0x10, 0x30, 0xc, 0x7c, 0x74,
    0x78, 0x6a, 0xe6, 0x99, 0xaa, 0xa9, 0xa2, 0x89,
    0x9c, 0x71, 0xc0, 0x4, 0xa3, 0x86, 0xa4, 0x46,
    0xa7, 0xea, 0xa0, 0xa, 0xa8, 0x2a, 0xa7, 0xca,
    0x20, 0x8, 0x10, 0x0,

    /* U+1F632 "😲" */
    0x7, 0xe0, 0x18, 0x18, 0x30, 0xc, 0x60, 0x6,
    0x58, 0x32, 0xa0, 0x9, 0x80, 0x1, 0x8c, 0x31,
    0x8c, 0x31, 0x80, 0x1, 0x81, 0x81, 0x42, 0x42,
    0x62, 0x46, 0x31, 0x8c, 0x18, 0x18, 0x7, 0xe0,

    /* U+1F633 "😳" */
    0x7, 0xe0, 0x18, 0x18, 0x30, 0x3c, 0x7c, 0xe,
    0x5e, 0x32, 0xb3, 0x49, 0xa1, 0x89, 0xad, 0xb9,
    0xb3, 0x49, 0x9e, 0x35, 0xa0, 0x9, 0x47, 0xc2,
    0x60, 0x6, 0x30, 0xc, 0x18, 0x18, 0x7, 0xe0,

    /* U+1F634 "😴" */
    0x3, 0xc8, 0xc, 0x2b, 0x10, 0x3a, 0x20, 0x22,
    0x40, 0x3, 0x80, 0x2, 0x80, 0x1, 0x9c, 0x71,
    0x80, 0x1, 0x80, 0x1, 0x80, 0x1, 0x41, 0x82,
    0x62, 0x44, 0x31, 0x8c, 0x18, 0x10, 0x7, 0xe0,

    /* U+1F635 "😵" */
    0x7, 0xe0, 0x18, 0x18, 0x30, 0xc, 0x60, 0x6,
    0x40, 0x2, 0x80, 0x1, 0x88, 0x21, 0x84, 0x41,
    0x80, 0x1, 0x80, 0x1, 0x87, 0xc1, 0x40, 0x2,
    0x60, 0x6, 0x30, 0xc, 0x18, 0x18, 0x7, 0xe0,

    /* U+1F636 "😶" */
    0x7, 0xe0, 0x18, 0x18, 0x30, 0xc, 0x60, 0x6,
    0x40, 0x2, 0x80, 0x1, 0x8c, 0x31, 0x8c, 0x31,
    0x80, 0x1, 0x80, 0x1, 0x80, 0x1, 0x40, 0x2,
    0x60, 0x6, 0x30, 0xc, 0x18, 0x18, 0x7, 0xe0,

    /* U+1F637 "😷" */
    0x7, 0xc0, 0x30, 0x60, 0x80, 0x22, 0x0, 0x28,
    0x0, 0x50, 0x0, 0x63, 0x1c, 0x40, 0x1, 0xff,
    0xfc, 0xc0, 0x26, 0x80, 0x5c, 0x81, 0x65, 0x2,
    0x45, 0x99, 0x6, 0xcc, 0x3, 0xe0,

    /* U+1F638 "😸" */
    0x40, 0x1, 0x30, 0x1, 0x94, 0x1, 0x49, 0x7d,
    0x24, 0x41, 0x12, 0x0, 0x9, 0x0, 0x5, 0x0,
    0x1, 0x80, 0x0, 0xce, 0xe, 0x69, 0x4, 0xb0,
    0x0, 0x18, 0x0, 0xc, 0xe, 0x8, 0xdd, 0xc8,
    0x88, 0x43, 0x93, 0x44, 0x36, 0x4d, 0x80, 0xf8,
    0x0,

    /* U+1F639 "😹" */
    0x10, 0x0, 0x40, 0xc0, 0x6, 0x5, 0x0, 0x50,
    0x25, 0xf4, 0x82, 0x10, 0x44, 0x10, 0x0, 0x20,
    0x80, 0x1, 0x4, 0x0, 0x8, 0x20, 0x0, 0x21,
    0x38, 0x39, 0xa, 0x41, 0x28, 0x0, 0x0, 0x7,
    0x0, 0x7, 0x48, 0x38, 0x26, 0xe7, 0x73, 0x2e,
    0x10, 0x8e, 0x6, 0x59, 0x0, 0xd9, 0x36, 0x0,
    0x3e, 0x0,

    /* U+1F63A "😺" */
    0x40, 0x1, 0x30, 0x1, 0x94, 0x1, 0x49, 0x7d,
    0x24, 0x41, 0x12, 0x0, 0x9, 0x0, 0x5, 0x0,
    0x1, 0x98, 0xc, 0xd2, 0x9, 0x6a, 0x8a, 0xb2,
    0x44, 0x98, 0xc1, 0x8c, 0xe, 0x8, 0xdd, 0xc8,
    0x88, 0x43, 0x93, 0x44, 0x36, 0x4d, 0x80, 0xf8,
    0x0,

    /* U+1F63B "😻" */
    0x40, 0x1, 0x30, 0x1, 0x94, 0x1, 0x49, 0x7d,
    0x24, 0x41, 0x12, 0x0, 0xa, 0x0, 0x3, 0x7c,
    0x7d, 0xaa, 0x2a, 0xd1, 0x11, 0x65, 0x5, 0x31,
    0x1, 0x18, 0x0, 0xc, 0xe, 0x8, 0xdd, 0xc8,
    0x88, 0x43, 0x9b, 0x44, 0x36, 0x4d, 0x80, 0xf8,
    0x0,

    /* U+1F63C "😼" */
    0x40, 0x1, 0x30, 0x1, 0x94, 0x1, 0x49, 0x7d,
    0x24, 0x41, 0x12, 0x0, 0x9, 0x0, 0x5, 0x0,
    0x1, 0x80, 0x0, 0xd0, 0x3, 0x76, 0x7, 0xb9,
    0xc7, 0x5a, 0x41, 0x4c, 0xce, 0x44, 0xc3, 0x8c,
    0x82, 0xc3, 0x98, 0x84, 0x36, 0xd, 0x80, 0xf8,
    0x0,

    /* U+1F63D "😽" */
    0x40, 0x1, 0x30, 0x1, 0x94, 0x1, 0x49, 0x7d,
    0x24, 0x41, 0x12, 0x0, 0x9, 0x0, 0x5, 0x0,
    0x1, 0x80, 0x0, 0xc0, 0x0, 0x67, 0x3, 0x34,
    0x82, 0x58, 0x0, 0xc, 0x4, 0x5, 0xc1, 0xc,
    0x81, 0x83, 0x98, 0x44, 0x36, 0xd, 0x80, 0xf8,
    0x0,

    /* U+1F63E "😾" */
    0x40, 0x1, 0x30, 0x1, 0x94, 0x1, 0x49, 0x7d,
    0x24, 0x41, 0x12, 0x0, 0x9, 0x0, 0x5, 0x0,
    0x1, 0x80, 0x0, 0xd0, 0x3, 0x6e, 0x7, 0xb5,
    0xc7, 0x5a, 0x41, 0x4c, 0xce, 0x44, 0xc5, 0xc,
    0x82, 0x3, 0x98, 0x4, 0x36, 0xd, 0x80, 0xf8,
    0x0,

    /* U+1F63F "😿" */
    0x40, 0x1, 0x30, 0x1, 0x94, 0x1, 0x49, 0x7d,
    0x24, 0x41, 0x12, 0x0, 0x9, 0x0, 0x5, 0x0,
    0x1, 0x98, 0xc, 0xd2, 0x9, 0x6a, 0x8a, 0xb2,
    0x44, 0x98, 0xc1, 0x8c, 0x8e, 0x8, 0xa5, 0x9,
    0xd2, 0x3, 0x28, 0x4, 0x28, 0xd, 0x80, 0xf8,
    0x0,

    /* U+1F640 "🙀" */
    0x0, 0x1, 0x30, 0x1, 0x94, 0x1, 0x49, 0x7d,
    0x24, 0x41, 0x12, 0x0, 0xa, 0x0, 0x5, 0x1c,
    0x71, 0x92, 0x44, 0xd1, 0x21, 0x68, 0x88, 0xb2,
    0x44, 0x9f, 0xdd, 0xfc, 0x5b, 0x4a, 0x28, 0xc4,
    0x94, 0x62, 0xaa, 0x32, 0x14, 0xe9, 0x93, 0xfc,
    0x8f, 0x1, 0xc0,

    /* U+1F641 "🙁" */
    0x7, 0xe0, 0x18, 0x18, 0x30, 0xc, 0x60, 0x6,
    0x40, 0x2, 0x80, 0x1, 0x8c, 0x31, 0x8c, 0x31,
    0x80, 0x1, 0x80, 0x1, 0x83, 0x81, 0x44, 0x42,
    0x60, 0x6, 0x30, 0xc, 0x18, 0x18, 0x7, 0xe0,

    /* U+1F642 "🙂" */
    0x7, 0xe0, 0x18, 0x18, 0x30, 0xc, 0x60, 0x6,
    0x40, 0x2, 0x80, 0x1, 0x8c, 0x31, 0x8c, 0x31,
    0x80, 0x1, 0x80, 0x1, 0x88, 0x21, 0x47, 0xc2,
    0x60, 0x6, 0x30, 0xc, 0x18, 0x18, 0x7, 0xe0,

    /* U+1F643 "🙃" */
    0x7, 0xe0, 0x18, 0x18, 0x30, 0xc, 0x60, 0x6,
    0x47, 0xc2, 0x88, 0x21, 0x80, 0x1, 0x80, 0x1,
    0x80, 0x1, 0x8c, 0x31, 0x8c, 0x31, 0x40, 0x2,
    0x60, 0x6, 0x30, 0xc, 0x18, 0x18, 0x7, 0xe0,

    /* U+1F644 "🙄" */
    0x7, 0xe0, 0x1c, 0x18, 0x30, 0x4, 0x60, 0x2,
    0x4c, 0x3a, 0x9e, 0x7d, 0xa2, 0x55, 0xa2, 0x45,
    0x92, 0x6d, 0x8c, 0x39, 0x80, 0x1, 0x40, 0x2,
    0x63, 0xc2, 0x30, 0x4, 0x18, 0x18, 0x7, 0xe0,

    /* U+1F645 "🙅" */
    0x7, 0x80, 0xc2, 0x4, 0x8, 0x47, 0x42, 0xc6,
    0x18, 0x18, 0x52, 0xcc, 0x6, 0x3b, 0x61, 0x25,
    0x4, 0xd0, 0x16, 0x86, 0x5b, 0x45, 0x46, 0x49,
    0x34, 0xa5,

    /* U+1F646 "🙆" */
    0x3, 0xe0, 0x7, 0xce, 0x4, 0x31, 0x4, 0xe6,
    0x42, 0x47, 0x22, 0x4d, 0xc9, 0x38, 0x64, 0xaa,
    0x92, 0x4c, 0x9, 0x26, 0x4, 0x9f, 0xa7, 0xd0,
    0x42, 0x18, 0x1e, 0x12, 0x0, 0x9, 0x0, 0x4,
    0x80, 0x2, 0x20, 0x0, 0x0,

    /* U+1F647 "🙇" */
    0x4, 0x0, 0x20, 0x80, 0x3f, 0x40, 0x61, 0x0,
    0x81, 0x2, 0x2, 0x4, 0x22, 0x8, 0x44, 0x50,
    0xed, 0x2e, 0x6a, 0x3b, 0x4c, 0x21, 0x18, 0x3c,
    0x30, 0x0, 0x6f, 0xbe, 0xbf, 0x7d,

    /* U+1F648 "🙈" */
    0x1, 0xfc, 0x0, 0x20, 0x20, 0x3c, 0x1, 0xc4,
    0x80, 0xa, 0x81, 0x8c, 0x68, 0x65, 0x31, 0x66,
    0x26, 0x63, 0xb1, 0xdc, 0x21, 0x98, 0x42, 0x9,
    0x4, 0x21, 0x8, 0x42, 0x14, 0x84, 0x26, 0xfe,
    0x42, 0x89, 0x14, 0xb, 0x67, 0x0, 0x8f, 0x90,

    /* U+1F649 "🙉" */
    0x1, 0xf0, 0x1, 0x20, 0xe0, 0x28, 0x3, 0x6,
    0x80, 0x2c, 0xc8, 0x2, 0xac, 0x80, 0x26, 0xcf,
    0x1a, 0x64, 0x8e, 0x24, 0x4e, 0x1a, 0x45, 0x61,
    0xa4, 0x50, 0x2, 0x41, 0x8, 0x20, 0x15, 0xfe,
    0x1, 0x52, 0xa0, 0x16, 0xce, 0x0, 0x5f, 0x80,

    /* U+1F64A "🙊" */
    0x1, 0xf8, 0x0, 0x60, 0x60, 0x38, 0x1, 0xc5,
    0x0, 0xa, 0x50, 0x0, 0xa6, 0x79, 0xe6, 0x68,
    0x61, 0x62, 0xb0, 0xd6, 0x2b, 0xd, 0x42, 0x87,
    0x34, 0x17, 0xce, 0x81, 0x4c, 0x28, 0x4, 0x82,
    0x0, 0x4c, 0x20, 0x4, 0x42, 0x0, 0x4b, 0x20,
    0x5, 0x8, 0x0,

    /* U+1F64B "🙋" */
    0x10, 0x0, 0xc, 0x0, 0x5, 0x80, 0x1, 0xa1,
    0xe0, 0xd1, 0x86, 0x21, 0x40, 0x88, 0xa1, 0x92,
    0x29, 0x94, 0xb3, 0x85, 0x28, 0xd2, 0xca, 0x30,
    0x32, 0x4c, 0xc, 0x91, 0xa6, 0x26, 0x21, 0x5,
    0x47, 0x80, 0xcc, 0x18, 0x10, 0xf9, 0x8, 0x0,
    0x21, 0x0, 0x4, 0x20, 0x1,

    /* U+1F64C "🙌" */
    0x4, 0x0, 0x40, 0x76, 0x3, 0x70, 0xaa, 0xa,
    0xa7, 0x54, 0x15, 0x7a, 0xa8, 0x2a, 0xb5, 0x50,
    0x55, 0x6a, 0xa0, 0xaa, 0xd5, 0x7f, 0x55, 0xaa,
    0xb2, 0xab, 0x1, 0x64, 0x6, 0x0, 0xc0, 0xc,
    0x1, 0x80, 0x18, 0x3, 0x0, 0x30, 0x6, 0x0,
    0x60, 0x1a, 0x1, 0xa0, 0x22, 0x2, 0x21, 0x86,
    0x18, 0x3e, 0x3, 0xe0,

    /* U+1F64D "🙍" */
    0xf, 0x80, 0xc2, 0x8, 0x8, 0x43, 0x42, 0x6e,
    0x1c, 0x30, 0xd4, 0x86, 0x4, 0x32, 0x20, 0xc3,
    0x2, 0x10, 0xf, 0x3, 0x86, 0x23, 0xca, 0x0,
    0x30, 0x1, 0x80, 0x8,

    /* U+1F64E "🙎" */
    0xf, 0x80, 0xc2, 0x8, 0x8, 0x47, 0x42, 0xc6,
    0x18, 0x10, 0xd4, 0x86, 0x4, 0x33, 0x20, 0xc3,
    0x2, 0x10, 0xf, 0x3, 0x86, 0x23, 0xca, 0x0,
    0x30, 0x1, 0x80, 0x8,

    /* U+1F64F "🙏" */
    0x0, 0x78, 0x0, 0x1, 0x50, 0x0, 0x9, 0x40,
    0x0, 0x25, 0x0, 0x0, 0x94, 0x0, 0x2, 0x50,
    0x0, 0x9, 0x40, 0x0, 0x44, 0x80, 0x1, 0x12,
    0x0, 0x4, 0x48, 0x0, 0x21, 0x20, 0x0, 0x84,
    0x40, 0x2, 0x11, 0x0, 0x8, 0x44, 0x0, 0xc1,
    0xc, 0xe, 0x4, 0x1c, 0xc4, 0x10, 0x8e, 0x11,
    0xa2, 0x18, 0x38, 0x70, 0x60, 0x21, 0x1, 0xff,
    0x3, 0xfc
};


/*---------------------
 *  GLYPH DESCRIPTION
 *--------------------*/

static const lv_font_fmt_txt_glyph_dsc_t glyph_dsc[] = {
    {.bitmap_index = 0, .adv_w = 0, .box_w = 0, .box_h = 0, .ofs_x = 0, .ofs_y = 0} /* id = 0 reserved */,
    {.bitmap_index = 0, .adv_w = 371, .box_w = 20, .box_h = 20, .ofs_x = 2, .ofs_y = -3},
    {.bitmap_index = 50, .adv_w = 371, .box_w = 20, .box_h = 14, .ofs_x = 1, .ofs_y = 0},
    {.bitmap_index = 85, .adv_w = 371, .box_w = 21, .box_h = 22, .ofs_x = 1, .ofs_y = -4},
    {.bitmap_index = 143, .adv_w = 371, .box_w = 19, .box_h = 19, .ofs_x = 2, .ofs_y = -3},
    {.bitmap_index = 189, .adv_w = 371, .box_w = 16, .box_h = 16, .ofs_x = 4, .ofs_y = -1},
    {.bitmap_index = 221, .adv_w = 371, .box_w = 18, .box_h = 17, .ofs_x = 3, .ofs_y = -2},
    {.bitmap_index = 260, .adv_w = 371, .box_w = 19, .box_h = 15, .ofs_x = 2, .ofs_y = 0},
    {.bitmap_index = 296, .adv_w = 371, .box_w = 10, .box_h = 12, .ofs_x = 7, .ofs_y = 2},
    {.bitmap_index = 311, .adv_w = 371, .box_w = 20, .box_h = 22, .ofs_x = 2, .ofs_y = -4},
    {.bitmap_index = 366, .adv_w = 371, .box_w = 15, .box_h = 8, .ofs_x = 5, .ofs_y = 0},
    {.bitmap_index = 381, .adv_w = 371, .box_w = 12, .box_h = 18, .ofs_x = 6, .ofs_y = -3},
    {.bitmap_index = 408, .adv_w = 371, .box_w = 12, .box_h = 21, .ofs_x = 6, .ofs_y = -4},
    {.bitmap_index = 440, .adv_w = 371, .box_w = 16, .box_h = 17, .ofs_x = 4, .ofs_y = -1},
    {.bitmap_index = 474, .adv_w = 371, .box_w = 16, .box_h = 16, .ofs_x = 4, .ofs_y = -1},
    {.bitmap_index = 506, .adv_w = 371, .box_w = 16, .box_h = 16, .ofs_x = 4, .ofs_y = -1},
    {.bitmap_index = 538, .adv_w = 371, .box_w = 16, .box_h = 16, .ofs_x = 3, .ofs_y = -1},
    {.bitmap_index = 570, .adv_w = 371, .box_w = 16, .box_h = 17, .ofs_x = 3, .ofs_y = -2},
    {.bitmap_index = 604, .adv_w = 371, .box_w = 17, .box_h = 16, .ofs_x = 3, .ofs_y = -1},
    {.bitmap_index = 638, .adv_w = 371, .box_w = 17, .box_h = 17, .ofs_x = 3, .ofs_y = -2},
    {.bitmap_index = 675, .adv_w = 371, .box_w = 16, .box_h = 16, .ofs_x = 3, .ofs_y = -1},
    {.bitmap_index = 707, .adv_w = 371, .box_w = 16, .box_h = 16, .ofs_x = 4, .ofs_y = -1},
    {.bitmap_index = 739, .adv_w = 371, .box_w = 16, .box_h = 16, .ofs_x = 4, .ofs_y = -1},
    {.bitmap_index = 771, .adv_w = 371, .box_w = 11, .box_h = 18, .ofs_x = 6, .ofs_y = -2},
    {.bitmap_index = 796, .adv_w = 371, .box_w = 15, .box_h = 14, .ofs_x = 4, .ofs_y = 0},
    {.bitmap_index = 823, .adv_w = 371, .box_w = 16, .box_h = 16, .ofs_x = 3, .ofs_y = -1},
    {.bitmap_index = 855, .adv_w = 371, .box_w = 16, .box_h = 16, .ofs_x = 3, .ofs_y = -1},
    {.bitmap_index = 887, .adv_w = 371, .box_w = 16, .box_h = 16, .ofs_x = 3, .ofs_y = -1},
    {.bitmap_index = 919, .adv_w = 371, .box_w = 16, .box_h = 16, .ofs_x = 3, .ofs_y = -1},
    {.bitmap_index = 951, .adv_w = 371, .box_w = 16, .box_h = 16, .ofs_x = 3, .ofs_y = -1},
    {.bitmap_index = 983, .adv_w = 371, .box_w = 16, .box_h = 16, .ofs_x = 3, .ofs_y = -1},
    {.bitmap_index = 1015, .adv_w = 371, .box_w = 16, .box_h = 16, .ofs_x = 3, .ofs_y = -1},
    {.bitmap_index = 1047, .adv_w = 371, .box_w = 16, .box_h = 16, .ofs_x = 3, .ofs_y = -1},
    {.bitmap_index = 1079, .adv_w = 371, .box_w = 16, .box_h = 16, .ofs_x = 3, .ofs_y = -1},
    {.bitmap_index = 1111, .adv_w = 371, .box_w = 16, .box_h = 16, .ofs_x = 3, .ofs_y = -1},
    {.bitmap_index = 1143, .adv_w = 371, .box_w = 16, .box_h = 16, .ofs_x = 3, .ofs_y = -1},
    {.bitmap_index = 1175, .adv_w = 371, .box_w = 16, .box_h = 16, .ofs_x = 3, .ofs_y = -1},
    {.bitmap_index = 1207, .adv_w = 371, .box_w = 15, .box_h = 17, .ofs_x = 4, .ofs_y = -2},
    {.bitmap_index = 1239, .adv_w = 371, .box_w = 17, .box_h = 16, .ofs_x = 3, .ofs_y = -1},
    {.bitmap_index = 1273, .adv_w = 371, .box_w = 13, .box_h = 16, .ofs_x = 5, .ofs_y = -1},
    {.bitmap_index = 1299, .adv_w = 371, .box_w = 11, .box_h = 17, .ofs_x = 6, .ofs_y = -1},
    {.bitmap_index = 1323, .adv_w = 371, .box_w = 16, .box_h = 18, .ofs_x = 4, .ofs_y = -3},
    {.bitmap_index = 1359, .adv_w = 371, .box_w = 13, .box_h = 18, .ofs_x = 5, .ofs_y = -1},
    {.bitmap_index = 1389, .adv_w = 371, .box_w = 15, .box_h = 16, .ofs_x = 4, .ofs_y = -1},
    {.bitmap_index = 1419, .adv_w = 371, .box_w = 16, .box_h = 16, .ofs_x = 3, .ofs_y = -1},
    {.bitmap_index = 1451, .adv_w = 371, .box_w = 13, .box_h = 16, .ofs_x = 5, .ofs_y = -1},
    {.bitmap_index = 1477, .adv_w = 371, .box_w = 12, .box_h = 17, .ofs_x = 6, .ofs_y = -1},
    {.bitmap_index = 1503, .adv_w = 371, .box_w = 18, .box_h = 17, .ofs_x = 3, .ofs_y = -2},
    {.bitmap_index = 1542, .adv_w = 371, .box_w = 14, .box_h = 18, .ofs_x = 4, .ofs_y = -1},
    {.bitmap_index = 1574, .adv_w = 371, .box_w = 16, .box_h = 18, .ofs_x = 3, .ofs_y = -2},
    {.bitmap_index = 1610, .adv_w = 371, .box_w = 19, .box_h = 17, .ofs_x = 2, .ofs_y = -1},
    {.bitmap_index = 1651, .adv_w = 371, .box_w = 17, .box_h = 16, .ofs_x = 3, .ofs_y = -1},
    {.bitmap_index = 1685, .adv_w = 371, .box_w = 13, .box_h = 18, .ofs_x = 5, .ofs_y = -2},
    {.bitmap_index = 1715, .adv_w = 371, .box_w = 19, .box_h = 17, .ofs_x = 2, .ofs_y = -2},
    {.bitmap_index = 1756, .adv_w = 371, .box_w = 15, .box_h = 14, .ofs_x = 4, .ofs_y = 0},
    {.bitmap_index = 1783, .adv_w = 371, .box_w = 19, .box_h = 10, .ofs_x = 2, .ofs_y = 2},
    {.bitmap_index = 1807, .adv_w = 371, .box_w = 16, .box_h = 16, .ofs_x = 3, .ofs_y = -1},
    {.bitmap_index = 1839, .adv_w = 371, .box_w = 17, .box_h = 16, .ofs_x = 3, .ofs_y = -1},
    {.bitmap_index = 1873, .adv_w = 371, .box_w = 16, .box_h = 17, .ofs_x = 4, .ofs_y = -2},
    {.bitmap_index = 1907, .adv_w = 371, .box_w = 13, .box_h = 16, .ofs_x = 5, .ofs_y = -1},
    {.bitmap_index = 1933, .adv_w = 371, .box_w = 17, .box_h = 19, .ofs_x = 4, .ofs_y = -3},
    {.bitmap_index = 1974, .adv_w = 371, .box_w = 15, .box_h = 17, .ofs_x = 4, .ofs_y = -2},
    {.bitmap_index = 2006, .adv_w = 371, .box_w = 16, .box_h = 14, .ofs_x = 4, .ofs_y = 0},
    {.bitmap_index = 2034, .adv_w = 371, .box_w = 16, .box_h = 16, .ofs_x = 3, .ofs_y = -1},
    {.bitmap_index = 2066, .adv_w = 371, .box_w = 19, .box_h = 20, .ofs_x = 2, .ofs_y = -3},
    {.bitmap_index = 2114, .adv_w = 371, .box_w = 19, .box_h = 21, .ofs_x = 2, .ofs_y = -4},
    {.bitmap_index = 2164, .adv_w = 371, .box_w = 17, .box_h = 17, .ofs_x = 3, .ofs_y = -2},
    {.bitmap_index = 2201, .adv_w = 371, .box_w = 13, .box_h = 21, .ofs_x = 5, .ofs_y = -4},
    {.bitmap_index = 2236, .adv_w = 371, .box_w = 15, .box_h = 16, .ofs_x = 4, .ofs_y = -1},
    {.bitmap_index = 2266, .adv_w = 371, .box_w = 19, .box_h = 19, .ofs_x = 2, .ofs_y = -3},
    {.bitmap_index = 2312, .adv_w = 371, .box_w = 18, .box_h = 18, .ofs_x = 3, .ofs_y = -2},
    {.bitmap_index = 2353, .adv_w = 371, .box_w = 14, .box_h = 21, .ofs_x = 5, .ofs_y = -4},
    {.bitmap_index = 2390, .adv_w = 371, .box_w = 12, .box_h = 20, .ofs_x = 6, .ofs_y = -3},
    {.bitmap_index = 2420, .adv_w = 371, .box_w = 19, .box_h = 19, .ofs_x = 2, .ofs_y = -3},
    {.bitmap_index = 2466, .adv_w = 371, .box_w = 20, .box_h = 20, .ofs_x = 2, .ofs_y = -3},
    {.bitmap_index = 2516, .adv_w = 371, .box_w = 19, .box_h = 19, .ofs_x = 2, .ofs_y = -3},
    {.bitmap_index = 2562, .adv_w = 371, .box_w = 21, .box_h = 17, .ofs_x = 1, .ofs_y = -2},
    {.bitmap_index = 2607, .adv_w = 371, .box_w = 17, .box_h = 16, .ofs_x = 3, .ofs_y = -1},
    {.bitmap_index = 2641, .adv_w = 371, .box_w = 16, .box_h = 16, .ofs_x = 3, .ofs_y = -1},
    {.bitmap_index = 2673, .adv_w = 371, .box_w = 15, .box_h = 17, .ofs_x = 4, .ofs_y = -2},
    {.bitmap_index = 2705, .adv_w = 371, .box_w = 19, .box_h = 19, .ofs_x = 2, .ofs_y = -3},
    {.bitmap_index = 2751, .adv_w = 371, .box_w = 6, .box_h = 20, .ofs_x = 8, .ofs_y = -3},
    {.bitmap_index = 2766, .adv_w = 371, .box_w = 17, .box_h = 17, .ofs_x = 3, .ofs_y = -2},
    {.bitmap_index = 2803, .adv_w = 371, .box_w = 16, .box_h = 13, .ofs_x = 4, .ofs_y = -1},
    {.bitmap_index = 2829, .adv_w = 371, .box_w = 11, .box_h = 21, .ofs_x = 6, .ofs_y = -4},
    {.bitmap_index = 2858, .adv_w = 371, .box_w = 16, .box_h = 13, .ofs_x = 4, .ofs_y = 0},
    {.bitmap_index = 2884, .adv_w = 371, .box_w = 17, .box_h = 16, .ofs_x = 3, .ofs_y = -1},
    {.bitmap_index = 2918, .adv_w = 371, .box_w = 22, .box_h = 19, .ofs_x = 1, .ofs_y = -4},
    {.bitmap_index = 2971, .adv_w = 371, .box_w = 13, .box_h = 22, .ofs_x = 5, .ofs_y = -4},
    {.bitmap_index = 3007, .adv_w = 371, .box_w = 21, .box_h = 17, .ofs_x = 1, .ofs_y = -4},
    {.bitmap_index = 3052, .adv_w = 371, .box_w = 19, .box_h = 13, .ofs_x = 2, .ofs_y = 3},
    {.bitmap_index = 3083, .adv_w = 371, .box_w = 20, .box_h = 18, .ofs_x = 2, .ofs_y = -2},
    {.bitmap_index = 3128, .adv_w = 371, .box_w = 18, .box_h = 16, .ofs_x = 2, .ofs_y = -1},
    {.bitmap_index = 3164, .adv_w = 371, .box_w = 17, .box_h = 17, .ofs_x = 3, .ofs_y = -2},
    {.bitmap_index = 3201, .adv_w = 371, .box_w = 15, .box_h = 13, .ofs_x = 4, .ofs_y = 0},
    {.bitmap_index = 3226, .adv_w = 371, .box_w = 19, .box_h = 14, .ofs_x = 2, .ofs_y = 0},
    {.bitmap_index = 3260, .adv_w = 371, .box_w = 18, .box_h = 18, .ofs_x = 2, .ofs_y = -3},
    {.bitmap_index = 3301, .adv_w = 371, .box_w = 14, .box_h = 15, .ofs_x = 6, .ofs_y = 1},
    {.bitmap_index = 3328, .adv_w = 371, .box_w = 17, .box_h = 17, .ofs_x = 2, .ofs_y = -3},
    {.bitmap_index = 3365, .adv_w = 371, .box_w = 17, .box_h = 11, .ofs_x = 3, .ofs_y = 1},
    {.bitmap_index = 3389, .adv_w = 371, .box_w = 13, .box_h = 14, .ofs_x = 5, .ofs_y = 0},
    {.bitmap_index = 3412, .adv_w = 371, .box_w = 14, .box_h = 18, .ofs_x = 5, .ofs_y = -2},
    {.bitmap_index = 3444, .adv_w = 371, .box_w = 13, .box_h = 21, .ofs_x = 5, .ofs_y = -4},
    {.bitmap_index = 3479, .adv_w = 371, .box_w = 21, .box_h = 16, .ofs_x = 1, .ofs_y = -1},
    {.bitmap_index = 3521, .adv_w = 371, .box_w = 17, .box_h = 16, .ofs_x = 3, .ofs_y = -1},
    {.bitmap_index = 3555, .adv_w = 371, .box_w = 16, .box_h = 16, .ofs_x = 4, .ofs_y = -1},
    {.bitmap_index = 3587, .adv_w = 371, .box_w = 17, .box_h = 14, .ofs_x = 3, .ofs_y = 0},
    {.bitmap_index = 3617, .adv_w = 371, .box_w = 13, .box_h = 12, .ofs_x = 5, .ofs_y = 1},
    {.bitmap_index = 3637, .adv_w = 371, .box_w = 12, .box_h = 17, .ofs_x = 6, .ofs_y = -2},
    {.bitmap_index = 3663, .adv_w = 371, .box_w = 16, .box_h = 16, .ofs_x = 3, .ofs_y = -1},
    {.bitmap_index = 3695, .adv_w = 371, .box_w = 20, .box_h = 21, .ofs_x = 1, .ofs_y = -4},
    {.bitmap_index = 3748, .adv_w = 371, .box_w = 17, .box_h = 17, .ofs_x = 3, .ofs_y = -2},
    {.bitmap_index = 3785, .adv_w = 371, .box_w = 17, .box_h = 17, .ofs_x = 3, .ofs_y = -2},
    {.bitmap_index = 3822, .adv_w = 371, .box_w = 17, .box_h = 19, .ofs_x = 3, .ofs_y = -3},
    {.bitmap_index = 3863, .adv_w = 371, .box_w = 17, .box_h = 17, .ofs_x = 3, .ofs_y = -2},
    {.bitmap_index = 3900, .adv_w = 371, .box_w = 15, .box_h = 15, .ofs_x = 4, .ofs_y = -1},
    {.bitmap_index = 3929, .adv_w = 371, .box_w = 16, .box_h = 17, .ofs_x = 3, .ofs_y = -2},
    {.bitmap_index = 3963, .adv_w = 371, .box_w = 10, .box_h = 18, .ofs_x = 7, .ofs_y = -2},
    {.bitmap_index = 3986, .adv_w = 371, .box_w = 10, .box_h = 18, .ofs_x = 7, .ofs_y = -2},
    {.bitmap_index = 4009, .adv_w = 371, .box_w = 3, .box_h = 18, .ofs_x = 10, .ofs_y = -2},
    {.bitmap_index = 4016, .adv_w = 371, .box_w = 3, .box_h = 18, .ofs_x = 10, .ofs_y = -2},
    {.bitmap_index = 4023, .adv_w = 371, .box_w = 11, .box_h = 16, .ofs_x = 6, .ofs_y = -1},
    {.bitmap_index = 4045, .adv_w = 371, .box_w = 16, .box_h = 16, .ofs_x = 4, .ofs_y = -1},
    {.bitmap_index = 4077, .adv_w = 371, .box_w = 16, .box_h = 16, .ofs_x = 4, .ofs_y = -1},
    {.bitmap_index = 4109, .adv_w = 371, .box_w = 16, .box_h = 4, .ofs_x = 4, .ofs_y = 5},
    {.bitmap_index = 4117, .adv_w = 371, .box_w = 16, .box_h = 14, .ofs_x = 4, .ofs_y = 0},
    {.bitmap_index = 4145, .adv_w = 371, .box_w = 21, .box_h = 12, .ofs_x = 1, .ofs_y = 1},
    {.bitmap_index = 4177, .adv_w = 371, .box_w = 17, .box_h = 13, .ofs_x = 3, .ofs_y = 0},
    {.bitmap_index = 4205, .adv_w = 371, .box_w = 21, .box_h = 9, .ofs_x = 1, .ofs_y = 2},
    {.bitmap_index = 4229, .adv_w = 371, .box_w = 19, .box_h = 20, .ofs_x = 3, .ofs_y = -3},
    {.bitmap_index = 4277, .adv_w = 371, .box_w = 21, .box_h = 21, .ofs_x = 1, .ofs_y = -4},
    {.bitmap_index = 4333, .adv_w = 371, .box_w = 13, .box_h = 20, .ofs_x = 5, .ofs_y = -3},
    {.bitmap_index = 4366, .adv_w = 371, .box_w = 21, .box_h = 20, .ofs_x = 1, .ofs_y = -4},
    {.bitmap_index = 4419, .adv_w = 371, .box_w = 21, .box_h = 14, .ofs_x = 1, .ofs_y = -4},
    {.bitmap_index = 4456, .adv_w = 371, .box_w = 21, .box_h = 9, .ofs_x = 1, .ofs_y = 3},
    {.bitmap_index = 4480, .adv_w = 371, .box_w = 21, .box_h = 14, .ofs_x = 1, .ofs_y = -4},
    {.bitmap_index = 4517, .adv_w = 371, .box_w = 21, .box_h = 16, .ofs_x = 1, .ofs_y = -4},
    {.bitmap_index = 4559, .adv_w = 371, .box_w = 19, .box_h = 19, .ofs_x = 2, .ofs_y = -3},
    {.bitmap_index = 4605, .adv_w = 371, .box_w = 17, .box_h = 16, .ofs_x = 3, .ofs_y = -1},
    {.bitmap_index = 4639, .adv_w = 371, .box_w = 22, .box_h = 22, .ofs_x = 1, .ofs_y = -4},
    {.bitmap_index = 4700, .adv_w = 371, .box_w = 18, .box_h = 17, .ofs_x = 3, .ofs_y = 0},
    {.bitmap_index = 4739, .adv_w = 371, .box_w = 16, .box_h = 16, .ofs_x = 3, .ofs_y = -1},
    {.bitmap_index = 4771, .adv_w = 371, .box_w = 19, .box_h = 19, .ofs_x = 2, .ofs_y = -3},
    {.bitmap_index = 4817, .adv_w = 371, .box_w = 19, .box_h = 19, .ofs_x = 2, .ofs_y = -3},
    {.bitmap_index = 4863, .adv_w = 371, .box_w = 19, .box_h = 19, .ofs_x = 2, .ofs_y = -3},
    {.bitmap_index = 4909, .adv_w = 371, .box_w = 19, .box_h = 19, .ofs_x = 2, .ofs_y = -3},
    {.bitmap_index = 4955, .adv_w = 371, .box_w = 19, .box_h = 19, .ofs_x = 2, .ofs_y = -3},
    {.bitmap_index = 5001, .adv_w = 371, .box_w = 20, .box_h = 19, .ofs_x = 2, .ofs_y = -3},
    {.bitmap_index = 5049, .adv_w = 371, .box_w = 19, .box_h = 18, .ofs_x = 2, .ofs_y = -2},
    {.bitmap_index = 5092, .adv_w = 371, .box_w = 19, .box_h = 20, .ofs_x = 2, .ofs_y = -3},
    {.bitmap_index = 5140, .adv_w = 371, .box_w = 19, .box_h = 19, .ofs_x = 2, .ofs_y = -3},
    {.bitmap_index = 5186, .adv_w = 371, .box_w = 19, .box_h = 19, .ofs_x = 2, .ofs_y = -3},
    {.bitmap_index = 5232, .adv_w = 371, .box_w = 19, .box_h = 18, .ofs_x = 2, .ofs_y = -2},
    {.bitmap_index = 5275, .adv_w = 371, .box_w = 19, .box_h = 19, .ofs_x = 2, .ofs_y = -3},
    {.bitmap_index = 5321, .adv_w = 371, .box_w = 20, .box_h = 20, .ofs_x = 1, .ofs_y = -3},
    {.bitmap_index = 5371, .adv_w = 371, .box_w = 19, .box_h = 19, .ofs_x = 2, .ofs_y = -3},
    {.bitmap_index = 5417, .adv_w = 371, .box_w = 13, .box_h = 22, .ofs_x = 5, .ofs_y = -4},
    {.bitmap_index = 5453, .adv_w = 371, .box_w = 13, .box_h = 22, .ofs_x = 5, .ofs_y = -4},
    {.bitmap_index = 5489, .adv_w = 371, .box_w = 19, .box_h = 19, .ofs_x = 2, .ofs_y = -3},
    {.bitmap_index = 5535, .adv_w = 371, .box_w = 21, .box_h = 22, .ofs_x = 1, .ofs_y = -4},
    {.bitmap_index = 5593, .adv_w = 371, .box_w = 21, .box_h = 20, .ofs_x = 1, .ofs_y = -3},
    {.bitmap_index = 5646, .adv_w = 371, .box_w = 21, .box_h = 23, .ofs_x = 1, .ofs_y = -5},
    {.bitmap_index = 5707, .adv_w = 371, .box_w = 8, .box_h = 22, .ofs_x = 8, .ofs_y = -4},
    {.bitmap_index = 5729, .adv_w = 371, .box_w = 21, .box_h = 18, .ofs_x = 1, .ofs_y = -2},
    {.bitmap_index = 5777, .adv_w = 371, .box_w = 21, .box_h = 16, .ofs_x = 1, .ofs_y = -1},
    {.bitmap_index = 5819, .adv_w = 371, .box_w = 21, .box_h = 23, .ofs_x = 1, .ofs_y = -5},
    {.bitmap_index = 5880, .adv_w = 371, .box_w = 17, .box_h = 17, .ofs_x = 3, .ofs_y = -2},
    {.bitmap_index = 5917, .adv_w = 371, .box_w = 18, .box_h = 16, .ofs_x = 3, .ofs_y = -1},
    {.bitmap_index = 5953, .adv_w = 371, .box_w = 17, .box_h = 16, .ofs_x = 3, .ofs_y = -1},
    {.bitmap_index = 5987, .adv_w = 371, .box_w = 21, .box_h = 19, .ofs_x = 1, .ofs_y = -3},
    {.bitmap_index = 6037, .adv_w = 371, .box_w = 21, .box_h = 22, .ofs_x = 1, .ofs_y = -4},
    {.bitmap_index = 6095, .adv_w = 371, .box_w = 22, .box_h = 16, .ofs_x = 1, .ofs_y = -2},
    {.bitmap_index = 6139, .adv_w = 371, .box_w = 17, .box_h = 16, .ofs_x = 3, .ofs_y = -1},
    {.bitmap_index = 6173, .adv_w = 371, .box_w = 20, .box_h = 12, .ofs_x = 2, .ofs_y = 1},
    {.bitmap_index = 6203, .adv_w = 371, .box_w = 8, .box_h = 20, .ofs_x = 7, .ofs_y = -3},
    {.bitmap_index = 6223, .adv_w = 371, .box_w = 17, .box_h = 15, .ofs_x = 3, .ofs_y = 0},
    {.bitmap_index = 6255, .adv_w = 371, .box_w = 15, .box_h = 15, .ofs_x = 4, .ofs_y = -2},
    {.bitmap_index = 6284, .adv_w = 371, .box_w = 13, .box_h = 19, .ofs_x = 5, .ofs_y = -3},
    {.bitmap_index = 6315, .adv_w = 371, .box_w = 18, .box_h = 18, .ofs_x = 3, .ofs_y = -2},
    {.bitmap_index = 6356, .adv_w = 371, .box_w = 17, .box_h = 16, .ofs_x = 4, .ofs_y = -2},
    {.bitmap_index = 6390, .adv_w = 371, .box_w = 16, .box_h = 19, .ofs_x = 3, .ofs_y = -2},
    {.bitmap_index = 6428, .adv_w = 371, .box_w = 17, .box_h = 16, .ofs_x = 3, .ofs_y = -1},
    {.bitmap_index = 6462, .adv_w = 371, .box_w = 15, .box_h = 15, .ofs_x = 4, .ofs_y = -2},
    {.bitmap_index = 6491, .adv_w = 371, .box_w = 15, .box_h = 18, .ofs_x = 4, .ofs_y = -3},
    {.bitmap_index = 6525, .adv_w = 371, .box_w = 15, .box_h = 17, .ofs_x = 4, .ofs_y = -2},
    {.bitmap_index = 6557, .adv_w = 371, .box_w = 16, .box_h = 17, .ofs_x = 3, .ofs_y = -2},
    {.bitmap_index = 6591, .adv_w = 371, .box_w = 15, .box_h = 18, .ofs_x = 4, .ofs_y = -2},
    {.bitmap_index = 6625, .adv_w = 371, .box_w = 16, .box_h = 18, .ofs_x = 2, .ofs_y = -2},
    {.bitmap_index = 6661, .adv_w = 371, .box_w = 15, .box_h = 15, .ofs_x = 4, .ofs_y = -1},
    {.bitmap_index = 6690, .adv_w = 371, .box_w = 7, .box_h = 17, .ofs_x = 8, .ofs_y = 0},
    {.bitmap_index = 6705, .adv_w = 371, .box_w = 12, .box_h = 15, .ofs_x = 6, .ofs_y = -1},
    {.bitmap_index = 6728, .adv_w = 371, .box_w = 12, .box_h = 18, .ofs_x = 7, .ofs_y = -2},
    {.bitmap_index = 6755, .adv_w = 371, .box_w = 17, .box_h = 17, .ofs_x = 4, .ofs_y = -1},
    {.bitmap_index = 6792, .adv_w = 371, .box_w = 16, .box_h = 12, .ofs_x = 4, .ofs_y = 1},
    {.bitmap_index = 6816, .adv_w = 371, .box_w = 16, .box_h = 11, .ofs_x = 3, .ofs_y = 2},
    {.bitmap_index = 6838, .adv_w = 371, .box_w = 17, .box_h = 15, .ofs_x = 3, .ofs_y = 0},
    {.bitmap_index = 6870, .adv_w = 371, .box_w = 17, .box_h = 18, .ofs_x = 3, .ofs_y = -1},
    {.bitmap_index = 6909, .adv_w = 371, .box_w = 17, .box_h = 18, .ofs_x = 3, .ofs_y = -2},
    {.bitmap_index = 6948, .adv_w = 371, .box_w = 15, .box_h = 20, .ofs_x = 4, .ofs_y = -3},
    {.bitmap_index = 6986, .adv_w = 371, .box_w = 16, .box_h = 17, .ofs_x = 4, .ofs_y = -2},
    {.bitmap_index = 7020, .adv_w = 371, .box_w = 16, .box_h = 17, .ofs_x = 2, .ofs_y = -3},
    {.bitmap_index = 7054, .adv_w = 371, .box_w = 14, .box_h = 15, .ofs_x = 5, .ofs_y = -1},
    {.bitmap_index = 7081, .adv_w = 371, .box_w = 17, .box_h = 16, .ofs_x = 3, .ofs_y = -1},
    {.bitmap_index = 7115, .adv_w = 371, .box_w = 17, .box_h = 17, .ofs_x = 4, .ofs_y = -2},
    {.bitmap_index = 7152, .adv_w = 371, .box_w = 9, .box_h = 19, .ofs_x = 7, .ofs_y = -3},
    {.bitmap_index = 7174, .adv_w = 371, .box_w = 17, .box_h = 18, .ofs_x = 3, .ofs_y = -2},
    {.bitmap_index = 7213, .adv_w = 371, .box_w = 17, .box_h = 18, .ofs_x = 3, .ofs_y = -2},
    {.bitmap_index = 7252, .adv_w = 371, .box_w = 17, .box_h = 15, .ofs_x = 3, .ofs_y = -2},
    {.bitmap_index = 7284, .adv_w = 371, .box_w = 17, .box_h = 19, .ofs_x = 3, .ofs_y = -3},
    {.bitmap_index = 7325, .adv_w = 371, .box_w = 12, .box_h = 18, .ofs_x = 5, .ofs_y = -2},
    {.bitmap_index = 7352, .adv_w = 371, .box_w = 15, .box_h = 15, .ofs_x = 4, .ofs_y = -1},
    {.bitmap_index = 7381, .adv_w = 371, .box_w = 16, .box_h = 15, .ofs_x = 4, .ofs_y = -1},
    {.bitmap_index = 7411, .adv_w = 371, .box_w = 14, .box_h = 17, .ofs_x = 5, .ofs_y = 0},
    {.bitmap_index = 7441, .adv_w = 371, .box_w = 17, .box_h = 16, .ofs_x = 3, .ofs_y = -1},
    {.bitmap_index = 7475, .adv_w = 371, .box_w = 7, .box_h = 18, .ofs_x = 8, .ofs_y = -2},
    {.bitmap_index = 7491, .adv_w = 371, .box_w = 21, .box_h = 20, .ofs_x = 1, .ofs_y = -3},
    {.bitmap_index = 7544, .adv_w = 371, .box_w = 21, .box_h = 20, .ofs_x = 1, .ofs_y = -3},
    {.bitmap_index = 7597, .adv_w = 371, .box_w = 20, .box_h = 19, .ofs_x = 2, .ofs_y = -3},
    {.bitmap_index = 7645, .adv_w = 371, .box_w = 19, .box_h = 19, .ofs_x = 2, .ofs_y = -3},
    {.bitmap_index = 7691, .adv_w = 371, .box_w = 18, .box_h = 19, .ofs_x = 2, .ofs_y = -3},
    {.bitmap_index = 7734, .adv_w = 371, .box_w = 17, .box_h = 20, .ofs_x = 3, .ofs_y = -4},
    {.bitmap_index = 7777, .adv_w = 371, .box_w = 21, .box_h = 13, .ofs_x = 1, .ofs_y = 0},
    {.bitmap_index = 7812, .adv_w = 371, .box_w = 13, .box_h = 21, .ofs_x = 5, .ofs_y = -3},
    {.bitmap_index = 7847, .adv_w = 371, .box_w = 17, .box_h = 16, .ofs_x = 3, .ofs_y = -1},
    {.bitmap_index = 7881, .adv_w = 371, .box_w = 19, .box_h = 19, .ofs_x = 3, .ofs_y = -4},
    {.bitmap_index = 7927, .adv_w = 371, .box_w = 18, .box_h = 18, .ofs_x = 4, .ofs_y = -4},
    {.bitmap_index = 7968, .adv_w = 371, .box_w = 21, .box_h = 11, .ofs_x = 1, .ofs_y = 0},
    {.bitmap_index = 7997, .adv_w = 371, .box_w = 18, .box_h = 20, .ofs_x = 3, .ofs_y = -3},
    {.bitmap_index = 8042, .adv_w = 371, .box_w = 20, .box_h = 20, .ofs_x = 2, .ofs_y = -3},
    {.bitmap_index = 8092, .adv_w = 371, .box_w = 14, .box_h = 21, .ofs_x = 5, .ofs_y = -4},
    {.bitmap_index = 8129, .adv_w = 371, .box_w = 14, .box_h = 16, .ofs_x = 5, .ofs_y = -1},
    {.bitmap_index = 8157, .adv_w = 371, .box_w = 14, .box_h = 16, .ofs_x = 5, .ofs_y = -1},
    {.bitmap_index = 8185, .adv_w = 371, .box_w = 20, .box_h = 20, .ofs_x = 2, .ofs_y = -3},
    {.bitmap_index = 8235, .adv_w = 371, .box_w = 19, .box_h = 19, .ofs_x = 2, .ofs_y = -3},
    {.bitmap_index = 8281, .adv_w = 371, .box_w = 13, .box_h = 21, .ofs_x = 5, .ofs_y = -4},
    {.bitmap_index = 8316, .adv_w = 371, .box_w = 20, .box_h = 20, .ofs_x = 1, .ofs_y = -3},
    {.bitmap_index = 8366, .adv_w = 371, .box_w = 17, .box_h = 17, .ofs_x = 3, .ofs_y = -2},
    {.bitmap_index = 8403, .adv_w = 371, .box_w = 17, .box_h = 12, .ofs_x = 3, .ofs_y = 0},
    {.bitmap_index = 8429, .adv_w = 371, .box_w = 16, .box_h = 16, .ofs_x = 3, .ofs_y = -1},
    {.bitmap_index = 8461, .adv_w = 371, .box_w = 21, .box_h = 19, .ofs_x = 1, .ofs_y = -2},
    {.bitmap_index = 8511, .adv_w = 371, .box_w = 21, .box_h = 14, .ofs_x = 1, .ofs_y = 0},
    {.bitmap_index = 8548, .adv_w = 371, .box_w = 20, .box_h = 19, .ofs_x = 2, .ofs_y = -3},
    {.bitmap_index = 8596, .adv_w = 371, .box_w = 18, .box_h = 19, .ofs_x = 4, .ofs_y = -1},
    {.bitmap_index = 8639, .adv_w = 371, .box_w = 7, .box_h = 16, .ofs_x = 8, .ofs_y = -2},
    {.bitmap_index = 8653, .adv_w = 371, .box_w = 22, .box_h = 12, .ofs_x = 1, .ofs_y = 0},
    {.bitmap_index = 8686, .adv_w = 371, .box_w = 20, .box_h = 20, .ofs_x = 1, .ofs_y = -4},
    {.bitmap_index = 8736, .adv_w = 371, .box_w = 14, .box_h = 21, .ofs_x = 5, .ofs_y = -4},
    {.bitmap_index = 8773, .adv_w = 371, .box_w = 17, .box_h = 21, .ofs_x = 3, .ofs_y = -4},
    {.bitmap_index = 8818, .adv_w = 371, .box_w = 14, .box_h = 22, .ofs_x = 5, .ofs_y = -4},
    {.bitmap_index = 8857, .adv_w = 371, .box_w = 15, .box_h = 17, .ofs_x = 5, .ofs_y = -1},
    {.bitmap_index = 8889, .adv_w = 371, .box_w = 22, .box_h = 13, .ofs_x = 1, .ofs_y = 0},
    {.bitmap_index = 8925, .adv_w = 371, .box_w = 17, .box_h = 17, .ofs_x = 3, .ofs_y = -2},
    {.bitmap_index = 8962, .adv_w = 371, .box_w = 21, .box_h = 16, .ofs_x = 1, .ofs_y = -2},
    {.bitmap_index = 9004, .adv_w = 371, .box_w = 21, .box_h = 20, .ofs_x = 1, .ofs_y = -3},
    {.bitmap_index = 9057, .adv_w = 371, .box_w = 13, .box_h = 17, .ofs_x = 5, .ofs_y = -1},
    {.bitmap_index = 9085, .adv_w = 371, .box_w = 20, .box_h = 17, .ofs_x = 2, .ofs_y = -3},
    {.bitmap_index = 9128, .adv_w = 371, .box_w = 15, .box_h = 18, .ofs_x = 4, .ofs_y = -2},
    {.bitmap_index = 9162, .adv_w = 371, .box_w = 21, .box_h = 19, .ofs_x = 1, .ofs_y = -2},
    {.bitmap_index = 9212, .adv_w = 371, .box_w = 20, .box_h = 20, .ofs_x = 2, .ofs_y = -2},
    {.bitmap_index = 9262, .adv_w = 371, .box_w = 13, .box_h = 22, .ofs_x = 6, .ofs_y = -4},
    {.bitmap_index = 9298, .adv_w = 371, .box_w = 16, .box_h = 17, .ofs_x = 4, .ofs_y = -1},
    {.bitmap_index = 9332, .adv_w = 371, .box_w = 15, .box_h = 19, .ofs_x = 4, .ofs_y = -3},
    {.bitmap_index = 9368, .adv_w = 371, .box_w = 17, .box_h = 16, .ofs_x = 4, .ofs_y = 0},
    {.bitmap_index = 9402, .adv_w = 371, .box_w = 17, .box_h = 21, .ofs_x = 6, .ofs_y = -3},
    {.bitmap_index = 9447, .adv_w = 371, .box_w = 18, .box_h = 19, .ofs_x = 2, .ofs_y = -3},
    {.bitmap_index = 9490, .adv_w = 371, .box_w = 22, .box_h = 17, .ofs_x = 1, .ofs_y = -1},
    {.bitmap_index = 9537, .adv_w = 371, .box_w = 16, .box_h = 21, .ofs_x = 4, .ofs_y = -4},
    {.bitmap_index = 9579, .adv_w = 371, .box_w = 19, .box_h = 14, .ofs_x = 2, .ofs_y = 0},
    {.bitmap_index = 9613, .adv_w = 371, .box_w = 9, .box_h = 20, .ofs_x = 7, .ofs_y = -4},
    {.bitmap_index = 9636, .adv_w = 371, .box_w = 17, .box_h = 18, .ofs_x = 3, .ofs_y = -1},
    {.bitmap_index = 9675, .adv_w = 371, .box_w = 17, .box_h = 21, .ofs_x = 5, .ofs_y = -4},
    {.bitmap_index = 9720, .adv_w = 371, .box_w = 14, .box_h = 18, .ofs_x = 5, .ofs_y = -2},
    {.bitmap_index = 9752, .adv_w = 371, .box_w = 19, .box_h = 19, .ofs_x = 2, .ofs_y = -3},
    {.bitmap_index = 9798, .adv_w = 371, .box_w = 13, .box_h = 21, .ofs_x = 5, .ofs_y = -3},
    {.bitmap_index = 9833, .adv_w = 371, .box_w = 22, .box_h = 9, .ofs_x = 1, .ofs_y = 3},
    {.bitmap_index = 9858, .adv_w = 371, .box_w = 16, .box_h = 22, .ofs_x = 4, .ofs_y = -4},
    {.bitmap_index = 9902, .adv_w = 371, .box_w = 13, .box_h = 19, .ofs_x = 5, .ofs_y = -3},
    {.bitmap_index = 9933, .adv_w = 371, .box_w = 11, .box_h = 16, .ofs_x = 5, .ofs_y = -1},
    {.bitmap_index = 9955, .adv_w = 371, .box_w = 13, .box_h = 21, .ofs_x = 5, .ofs_y = -4},
    {.bitmap_index = 9990, .adv_w = 371, .box_w = 16, .box_h = 16, .ofs_x = 3, .ofs_y = -1},
    {.bitmap_index = 10022, .adv_w = 371, .box_w = 16, .box_h = 13, .ofs_x = 3, .ofs_y = 0},
    {.bitmap_index = 10048, .adv_w = 371, .box_w = 21, .box_h = 12, .ofs_x = 1, .ofs_y = 1},
    {.bitmap_index = 10080, .adv_w = 371, .box_w = 20, .box_h = 20, .ofs_x = 2, .ofs_y = -3},
    {.bitmap_index = 10130, .adv_w = 371, .box_w = 20, .box_h = 21, .ofs_x = 2, .ofs_y = -4},
    {.bitmap_index = 10183, .adv_w = 371, .box_w = 20, .box_h = 20, .ofs_x = 2, .ofs_y = -3},
    {.bitmap_index = 10233, .adv_w = 371, .box_w = 21, .box_h = 22, .ofs_x = 1, .ofs_y = -4},
    {.bitmap_index = 10291, .adv_w = 371, .box_w = 14, .box_h = 17, .ofs_x = 4, .ofs_y = -1},
    {.bitmap_index = 10321, .adv_w = 371, .box_w = 19, .box_h = 14, .ofs_x = 1, .ofs_y = 0},
    {.bitmap_index = 10355, .adv_w = 371, .box_w = 17, .box_h = 17, .ofs_x = 3, .ofs_y = -2},
    {.bitmap_index = 10392, .adv_w = 371, .box_w = 18, .box_h = 19, .ofs_x = 2, .ofs_y = -2},
    {.bitmap_index = 10435, .adv_w = 371, .box_w = 16, .box_h = 12, .ofs_x = 4, .ofs_y = 0},
    {.bitmap_index = 10459, .adv_w = 371, .box_w = 21, .box_h = 18, .ofs_x = 1, .ofs_y = -1},
    {.bitmap_index = 10507, .adv_w = 371, .box_w = 17, .box_h = 10, .ofs_x = 3, .ofs_y = 0},
    {.bitmap_index = 10529, .adv_w = 371, .box_w = 20, .box_h = 19, .ofs_x = 1, .ofs_y = -2},
    {.bitmap_index = 10577, .adv_w = 371, .box_w = 15, .box_h = 17, .ofs_x = 4, .ofs_y = -1},
    {.bitmap_index = 10609, .adv_w = 371, .box_w = 19, .box_h = 14, .ofs_x = 2, .ofs_y = 0},
    {.bitmap_index = 10643, .adv_w = 371, .box_w = 21, .box_h = 19, .ofs_x = 1, .ofs_y = -2},
    {.bitmap_index = 10693, .adv_w = 371, .box_w = 23, .box_h = 22, .ofs_x = 0, .ofs_y = -4},
    {.bitmap_index = 10757, .adv_w = 371, .box_w = 18, .box_h = 11, .ofs_x = 4, .ofs_y = 1},
    {.bitmap_index = 10782, .adv_w = 371, .box_w = 20, .box_h = 20, .ofs_x = 2, .ofs_y = -3},
    {.bitmap_index = 10832, .adv_w = 371, .box_w = 15, .box_h = 12, .ofs_x = 4, .ofs_y = 1},
    {.bitmap_index = 10855, .adv_w = 371, .box_w = 23, .box_h = 21, .ofs_x = 1, .ofs_y = -4},
    {.bitmap_index = 10916, .adv_w = 371, .box_w = 13, .box_h = 21, .ofs_x = 5, .ofs_y = -4},
    {.bitmap_index = 10951, .adv_w = 371, .box_w = 13, .box_h = 15, .ofs_x = 4, .ofs_y = -1},
    {.bitmap_index = 10976, .adv_w = 371, .box_w = 16, .box_h = 15, .ofs_x = 3, .ofs_y = -2},
    {.bitmap_index = 11006, .adv_w = 371, .box_w = 14, .box_h = 20, .ofs_x = 5, .ofs_y = -4},
    {.bitmap_index = 11041, .adv_w = 371, .box_w = 16, .box_h = 15, .ofs_x = 4, .ofs_y = -1},
    {.bitmap_index = 11071, .adv_w = 371, .box_w = 16, .box_h = 16, .ofs_x = 4, .ofs_y = -1},
    {.bitmap_index = 11103, .adv_w = 371, .box_w = 19, .box_h = 14, .ofs_x = 2, .ofs_y = 0},
    {.bitmap_index = 11137, .adv_w = 371, .box_w = 18, .box_h = 18, .ofs_x = 3, .ofs_y = -2},
    {.bitmap_index = 11178, .adv_w = 371, .box_w = 7, .box_h = 19, .ofs_x = 8, .ofs_y = -3},
    {.bitmap_index = 11195, .adv_w = 371, .box_w = 14, .box_h = 21, .ofs_x = 4, .ofs_y = -4},
    {.bitmap_index = 11232, .adv_w = 371, .box_w = 20, .box_h = 20, .ofs_x = 2, .ofs_y = -3},
    {.bitmap_index = 11282, .adv_w = 371, .box_w = 21, .box_h = 17, .ofs_x = 1, .ofs_y = -2},
    {.bitmap_index = 11327, .adv_w = 371, .box_w = 20, .box_h = 20, .ofs_x = 2, .ofs_y = -3},
    {.bitmap_index = 11377, .adv_w = 371, .box_w = 13, .box_h = 16, .ofs_x = 6, .ofs_y = -1},
    {.bitmap_index = 11403, .adv_w = 371, .box_w = 15, .box_h = 18, .ofs_x = 3, .ofs_y = -3},
    {.bitmap_index = 11437, .adv_w = 371, .box_w = 13, .box_h = 18, .ofs_x = 6, .ofs_y = -2},
    {.bitmap_index = 11467, .adv_w = 371, .box_w = 20, .box_h = 20, .ofs_x = 2, .ofs_y = -4},
    {.bitmap_index = 11517, .adv_w = 371, .box_w = 16, .box_h = 22, .ofs_x = 4, .ofs_y = -4},
    {.bitmap_index = 11561, .adv_w = 371, .box_w = 16, .box_h = 16, .ofs_x = 3, .ofs_y = -1},
    {.bitmap_index = 11593, .adv_w = 371, .box_w = 20, .box_h = 17, .ofs_x = 1, .ofs_y = -4},
    {.bitmap_index = 11636, .adv_w = 371, .box_w = 13, .box_h = 22, .ofs_x = 5, .ofs_y = -4},
    {.bitmap_index = 11672, .adv_w = 371, .box_w = 17, .box_h = 17, .ofs_x = 3, .ofs_y = -2},
    {.bitmap_index = 11709, .adv_w = 371, .box_w = 21, .box_h = 10, .ofs_x = 1, .ofs_y = 1},
    {.bitmap_index = 11736, .adv_w = 371, .box_w = 16, .box_h = 15, .ofs_x = 3, .ofs_y = -1},
    {.bitmap_index = 11766, .adv_w = 371, .box_w = 13, .box_h = 20, .ofs_x = 6, .ofs_y = -4},
    {.bitmap_index = 11799, .adv_w = 371, .box_w = 21, .box_h = 12, .ofs_x = 1, .ofs_y = 0},
    {.bitmap_index = 11831, .adv_w = 371, .box_w = 21, .box_h = 8, .ofs_x = 1, .ofs_y = 0},
    {.bitmap_index = 11852, .adv_w = 371, .box_w = 18, .box_h = 18, .ofs_x = 3, .ofs_y = -2},
    {.bitmap_index = 11893, .adv_w = 371, .box_w = 20, .box_h = 20, .ofs_x = 2, .ofs_y = -3},
    {.bitmap_index = 11943, .adv_w = 371, .box_w = 17, .box_h = 21, .ofs_x = 3, .ofs_y = -4},
    {.bitmap_index = 11988, .adv_w = 371, .box_w = 22, .box_h = 22, .ofs_x = 1, .ofs_y = -4},
    {.bitmap_index = 12049, .adv_w = 371, .box_w = 18, .box_h = 21, .ofs_x = 3, .ofs_y = -3},
    {.bitmap_index = 12097, .adv_w = 371, .box_w = 16, .box_h = 14, .ofs_x = 4, .ofs_y = 0},
    {.bitmap_index = 12125, .adv_w = 371, .box_w = 19, .box_h = 13, .ofs_x = 3, .ofs_y = -1},
    {.bitmap_index = 12156, .adv_w = 371, .box_w = 17, .box_h = 13, .ofs_x = 3, .ofs_y = 0},
    {.bitmap_index = 12184, .adv_w = 371, .box_w = 16, .box_h = 16, .ofs_x = 3, .ofs_y = -1},
    {.bitmap_index = 12216, .adv_w = 371, .box_w = 15, .box_h = 14, .ofs_x = 4, .ofs_y = 0},
    {.bitmap_index = 12243, .adv_w = 371, .box_w = 20, .box_h = 13, .ofs_x = 1, .ofs_y = 0},
    {.bitmap_index = 12276, .adv_w = 371, .box_w = 12, .box_h = 14, .ofs_x = 6, .ofs_y = 0},
    {.bitmap_index = 12297, .adv_w = 371, .box_w = 17, .box_h = 16, .ofs_x = 3, .ofs_y = -1},
    {.bitmap_index = 12331, .adv_w = 371, .box_w = 19, .box_h = 11, .ofs_x = 2, .ofs_y = 0},
    {.bitmap_index = 12358, .adv_w = 371, .box_w = 21, .box_h = 16, .ofs_x = 1, .ofs_y = 0},
    {.bitmap_index = 12400, .adv_w = 371, .box_w = 20, .box_h = 12, .ofs_x = 2, .ofs_y = 0},
    {.bitmap_index = 12430, .adv_w = 371, .box_w = 20, .box_h = 10, .ofs_x = 1, .ofs_y = 2},
    {.bitmap_index = 12455, .adv_w = 371, .box_w = 12, .box_h = 15, .ofs_x = 6, .ofs_y = 0},
    {.bitmap_index = 12478, .adv_w = 371, .box_w = 20, .box_h = 14, .ofs_x = 1, .ofs_y = 0},
    {.bitmap_index = 12513, .adv_w = 371, .box_w = 19, .box_h = 13, .ofs_x = 2, .ofs_y = 0},
    {.bitmap_index = 12544, .adv_w = 371, .box_w = 16, .box_h = 16, .ofs_x = 4, .ofs_y = -1},
    {.bitmap_index = 12576, .adv_w = 371, .box_w = 16, .box_h = 15, .ofs_x = 4, .ofs_y = -1},
    {.bitmap_index = 12606, .adv_w = 371, .box_w = 16, .box_h = 16, .ofs_x = 4, .ofs_y = -1},
    {.bitmap_index = 12638, .adv_w = 371, .box_w = 16, .box_h = 16, .ofs_x = 4, .ofs_y = -1},
    {.bitmap_index = 12670, .adv_w = 371, .box_w = 14, .box_h = 15, .ofs_x = 5, .ofs_y = -1},
    {.bitmap_index = 12697, .adv_w = 371, .box_w = 21, .box_h = 13, .ofs_x = 1, .ofs_y = 0},
    {.bitmap_index = 12732, .adv_w = 371, .box_w = 10, .box_h = 18, .ofs_x = 7, .ofs_y = -2},
    {.bitmap_index = 12755, .adv_w = 371, .box_w = 18, .box_h = 9, .ofs_x = 2, .ofs_y = 0},
    {.bitmap_index = 12776, .adv_w = 371, .box_w = 20, .box_h = 15, .ofs_x = 2, .ofs_y = 0},
    {.bitmap_index = 12814, .adv_w = 371, .box_w = 14, .box_h = 16, .ofs_x = 5, .ofs_y = -1},
    {.bitmap_index = 12842, .adv_w = 371, .box_w = 18, .box_h = 17, .ofs_x = 3, .ofs_y = 0},
    {.bitmap_index = 12881, .adv_w = 371, .box_w = 12, .box_h = 21, .ofs_x = 6, .ofs_y = -4},
    {.bitmap_index = 12913, .adv_w = 371, .box_w = 16, .box_h = 17, .ofs_x = 3, .ofs_y = -1},
    {.bitmap_index = 12947, .adv_w = 371, .box_w = 20, .box_h = 15, .ofs_x = 2, .ofs_y = 0},
    {.bitmap_index = 12985, .adv_w = 371, .box_w = 12, .box_h = 16, .ofs_x = 6, .ofs_y = -1},
    {.bitmap_index = 13009, .adv_w = 371, .box_w = 12, .box_h = 16, .ofs_x = 5, .ofs_y = -1},
    {.bitmap_index = 13033, .adv_w = 371, .box_w = 18, .box_h = 18, .ofs_x = 3, .ofs_y = -2},
    {.bitmap_index = 13074, .adv_w = 371, .box_w = 19, .box_h = 14, .ofs_x = 2, .ofs_y = 0},
    {.bitmap_index = 13108, .adv_w = 371, .box_w = 13, .box_h = 21, .ofs_x = 5, .ofs_y = -4},
    {.bitmap_index = 13143, .adv_w = 371, .box_w = 15, .box_h = 15, .ofs_x = 4, .ofs_y = -1},
    {.bitmap_index = 13172, .adv_w = 371, .box_w = 12, .box_h = 19, .ofs_x = 6, .ofs_y = -3},
    {.bitmap_index = 13201, .adv_w = 371, .box_w = 16, .box_h = 16, .ofs_x = 3, .ofs_y = -1},
    {.bitmap_index = 13233, .adv_w = 371, .box_w = 16, .box_h = 16, .ofs_x = 3, .ofs_y = -1},
    {.bitmap_index = 13265, .adv_w = 371, .box_w = 16, .box_h = 16, .ofs_x = 3, .ofs_y = -1},
    {.bitmap_index = 13297, .adv_w = 371, .box_w = 16, .box_h = 16, .ofs_x = 3, .ofs_y = -1},
    {.bitmap_index = 13329, .adv_w = 371, .box_w = 16, .box_h = 16, .ofs_x = 3, .ofs_y = -1},
    {.bitmap_index = 13361, .adv_w = 371, .box_w = 21, .box_h = 13, .ofs_x = 2, .ofs_y = -2},
    {.bitmap_index = 13396, .adv_w = 371, .box_w = 18, .box_h = 15, .ofs_x = 2, .ofs_y = -2},
    {.bitmap_index = 13430, .adv_w = 371, .box_w = 20, .box_h = 13, .ofs_x = 1, .ofs_y = 0},
    {.bitmap_index = 13463, .adv_w = 371, .box_w = 21, .box_h = 13, .ofs_x = 1, .ofs_y = 0},
    {.bitmap_index = 13498, .adv_w = 371, .box_w = 20, .box_h = 12, .ofs_x = 1, .ofs_y = 0},
    {.bitmap_index = 13528, .adv_w = 371, .box_w = 21, .box_h = 12, .ofs_x = 1, .ofs_y = 0},
    {.bitmap_index = 13560, .adv_w = 371, .box_w = 21, .box_h = 11, .ofs_x = 1, .ofs_y = 0},
    {.bitmap_index = 13589, .adv_w = 371, .box_w = 18, .box_h = 17, .ofs_x = 3, .ofs_y = -1},
    {.bitmap_index = 13628, .adv_w = 371, .box_w = 21, .box_h = 14, .ofs_x = 1, .ofs_y = 0},
    {.bitmap_index = 13665, .adv_w = 371, .box_w = 18, .box_h = 21, .ofs_x = 3, .ofs_y = -4},
    {.bitmap_index = 13713, .adv_w = 371, .box_w = 21, .box_h = 9, .ofs_x = 1, .ofs_y = 0},
    {.bitmap_index = 13737, .adv_w = 371, .box_w = 17, .box_h = 16, .ofs_x = 3, .ofs_y = -1},
    {.bitmap_index = 13771, .adv_w = 371, .box_w = 17, .box_h = 12, .ofs_x = 3, .ofs_y = -1},
    {.bitmap_index = 13797, .adv_w = 371, .box_w = 17, .box_h = 15, .ofs_x = 3, .ofs_y = -1},
    {.bitmap_index = 13829, .adv_w = 371, .box_w = 21, .box_h = 17, .ofs_x = 1, .ofs_y = -3},
    {.bitmap_index = 13874, .adv_w = 371, .box_w = 21, .box_h = 17, .ofs_x = 1, .ofs_y = -2},
    {.bitmap_index = 13919, .adv_w = 371, .box_w = 20, .box_h = 18, .ofs_x = 2, .ofs_y = -3},
    {.bitmap_index = 13964, .adv_w = 371, .box_w = 22, .box_h = 16, .ofs_x = 0, .ofs_y = -2},
    {.bitmap_index = 14008, .adv_w = 371, .box_w = 20, .box_h = 18, .ofs_x = 2, .ofs_y = -2},
    {.bitmap_index = 14053, .adv_w = 371, .box_w = 17, .box_h = 17, .ofs_x = 4, .ofs_y = -2},
    {.bitmap_index = 14090, .adv_w = 371, .box_w = 17, .box_h = 19, .ofs_x = 3, .ofs_y = -3},
    {.bitmap_index = 14131, .adv_w = 371, .box_w = 18, .box_h = 17, .ofs_x = 2, .ofs_y = -2},
    {.bitmap_index = 14170, .adv_w = 371, .box_w = 21, .box_h = 13, .ofs_x = 1, .ofs_y = 0},
    {.bitmap_index = 14205, .adv_w = 371, .box_w = 20, .box_h = 15, .ofs_x = 2, .ofs_y = -1},
    {.bitmap_index = 14243, .adv_w = 371, .box_w = 21, .box_h = 15, .ofs_x = 1, .ofs_y = -1},
    {.bitmap_index = 14283, .adv_w = 371, .box_w = 19, .box_h = 16, .ofs_x = 2, .ofs_y = -1},
    {.bitmap_index = 14321, .adv_w = 371, .box_w = 10, .box_h = 14, .ofs_x = 6, .ofs_y = -1},
    {.bitmap_index = 14339, .adv_w = 371, .box_w = 21, .box_h = 9, .ofs_x = 1, .ofs_y = 0},
    {.bitmap_index = 14363, .adv_w = 371, .box_w = 12, .box_h = 15, .ofs_x = 5, .ofs_y = -2},
    {.bitmap_index = 14386, .adv_w = 371, .box_w = 21, .box_h = 13, .ofs_x = 1, .ofs_y = 0},
    {.bitmap_index = 14421, .adv_w = 371, .box_w = 15, .box_h = 17, .ofs_x = 4, .ofs_y = -1},
    {.bitmap_index = 14453, .adv_w = 371, .box_w = 18, .box_h = 14, .ofs_x = 3, .ofs_y = 0},
    {.bitmap_index = 14485, .adv_w = 371, .box_w = 17, .box_h = 15, .ofs_x = 3, .ofs_y = -2},
    {.bitmap_index = 14517, .adv_w = 371, .box_w = 19, .box_h = 15, .ofs_x = 2, .ofs_y = 0},
    {.bitmap_index = 14553, .adv_w = 371, .box_w = 20, .box_h = 13, .ofs_x = 2, .ofs_y = 0},
    {.bitmap_index = 14586, .adv_w = 371, .box_w = 18, .box_h = 19, .ofs_x = 3, .ofs_y = -3},
    {.bitmap_index = 14629, .adv_w = 371, .box_w = 16, .box_h = 17, .ofs_x = 3, .ofs_y = -2},
    {.bitmap_index = 14663, .adv_w = 371, .box_w = 11, .box_h = 16, .ofs_x = 6, .ofs_y = -1},
    {.bitmap_index = 14685, .adv_w = 371, .box_w = 17, .box_h = 14, .ofs_x = 3, .ofs_y = 0},
    {.bitmap_index = 14715, .adv_w = 371, .box_w = 16, .box_h = 21, .ofs_x = 3, .ofs_y = -4},
    {.bitmap_index = 14757, .adv_w = 371, .box_w = 13, .box_h = 17, .ofs_x = 5, .ofs_y = -2},
    {.bitmap_index = 14785, .adv_w = 371, .box_w = 16, .box_h = 17, .ofs_x = 3, .ofs_y = -2},
    {.bitmap_index = 14819, .adv_w = 371, .box_w = 21, .box_h = 15, .ofs_x = 1, .ofs_y = -1},
    {.bitmap_index = 14859, .adv_w = 371, .box_w = 21, .box_h = 16, .ofs_x = 1, .ofs_y = -2},
    {.bitmap_index = 14901, .adv_w = 371, .box_w = 17, .box_h = 15, .ofs_x = 3, .ofs_y = -2},
    {.bitmap_index = 14933, .adv_w = 371, .box_w = 21, .box_h = 18, .ofs_x = 1, .ofs_y = -2},
    {.bitmap_index = 14981, .adv_w = 371, .box_w = 21, .box_h = 20, .ofs_x = 1, .ofs_y = -3},
    {.bitmap_index = 15034, .adv_w = 371, .box_w = 17, .box_h = 18, .ofs_x = 3, .ofs_y = -2},
    {.bitmap_index = 15073, .adv_w = 371, .box_w = 19, .box_h = 22, .ofs_x = 2, .ofs_y = -4},
    {.bitmap_index = 15126, .adv_w = 371, .box_w = 18, .box_h = 19, .ofs_x = 3, .ofs_y = -4},
    {.bitmap_index = 15169, .adv_w = 371, .box_w = 17, .box_h = 17, .ofs_x = 3, .ofs_y = -2},
    {.bitmap_index = 15206, .adv_w = 371, .box_w = 17, .box_h = 15, .ofs_x = 4, .ofs_y = 0},
    {.bitmap_index = 15238, .adv_w = 371, .box_w = 17, .box_h = 16, .ofs_x = 4, .ofs_y = -1},
    {.bitmap_index = 15272, .adv_w = 371, .box_w = 21, .box_h = 18, .ofs_x = 1, .ofs_y = -2},
    {.bitmap_index = 15320, .adv_w = 371, .box_w = 21, .box_h = 17, .ofs_x = 1, .ofs_y = -2},
    {.bitmap_index = 15365, .adv_w = 371, .box_w = 21, .box_h = 17, .ofs_x = 1, .ofs_y = -2},
    {.bitmap_index = 15410, .adv_w = 371, .box_w = 16, .box_h = 17, .ofs_x = 3, .ofs_y = -2},
    {.bitmap_index = 15444, .adv_w = 371, .box_w = 20, .box_h = 18, .ofs_x = 2, .ofs_y = -2},
    {.bitmap_index = 15489, .adv_w = 371, .box_w = 18, .box_h = 21, .ofs_x = 3, .ofs_y = -4},
    {.bitmap_index = 15537, .adv_w = 371, .box_w = 19, .box_h = 18, .ofs_x = 2, .ofs_y = -2},
    {.bitmap_index = 15580, .adv_w = 371, .box_w = 19, .box_h = 18, .ofs_x = 2, .ofs_y = -2},
    {.bitmap_index = 15623, .adv_w = 371, .box_w = 18, .box_h = 14, .ofs_x = 3, .ofs_y = 0},
    {.bitmap_index = 15655, .adv_w = 371, .box_w = 17, .box_h = 21, .ofs_x = 3, .ofs_y = -4},
    {.bitmap_index = 15700, .adv_w = 371, .box_w = 19, .box_h = 20, .ofs_x = 2, .ofs_y = -3},
    {.bitmap_index = 15748, .adv_w = 371, .box_w = 21, .box_h = 17, .ofs_x = 1, .ofs_y = -2},
    {.bitmap_index = 15793, .adv_w = 371, .box_w = 23, .box_h = 13, .ofs_x = 0, .ofs_y = 0},
    {.bitmap_index = 15831, .adv_w = 371, .box_w = 12, .box_h = 18, .ofs_x = 6, .ofs_y = -2},
    {.bitmap_index = 15858, .adv_w = 371, .box_w = 13, .box_h = 16, .ofs_x = 5, .ofs_y = -1},
    {.bitmap_index = 15884, .adv_w = 371, .box_w = 19, .box_h = 12, .ofs_x = 2, .ofs_y = 1},
    {.bitmap_index = 15913, .adv_w = 371, .box_w = 18, .box_h = 17, .ofs_x = 3, .ofs_y = -2},
    {.bitmap_index = 15952, .adv_w = 371, .box_w = 14, .box_h = 19, .ofs_x = 5, .ofs_y = -3},
    {.bitmap_index = 15986, .adv_w = 371, .box_w = 14, .box_h = 19, .ofs_x = 5, .ofs_y = -3},
    {.bitmap_index = 16020, .adv_w = 371, .box_w = 19, .box_h = 14, .ofs_x = 2, .ofs_y = 0},
    {.bitmap_index = 16054, .adv_w = 371, .box_w = 19, .box_h = 14, .ofs_x = 2, .ofs_y = 0},
    {.bitmap_index = 16088, .adv_w = 371, .box_w = 15, .box_h = 14, .ofs_x = 4, .ofs_y = -1},
    {.bitmap_index = 16115, .adv_w = 371, .box_w = 17, .box_h = 17, .ofs_x = 2, .ofs_y = -1},
    {.bitmap_index = 16152, .adv_w = 371, .box_w = 14, .box_h = 20, .ofs_x = 4, .ofs_y = -3},
    {.bitmap_index = 16187, .adv_w = 371, .box_w = 16, .box_h = 17, .ofs_x = 3, .ofs_y = -1},
    {.bitmap_index = 16221, .adv_w = 371, .box_w = 17, .box_h = 17, .ofs_x = 3, .ofs_y = -2},
    {.bitmap_index = 16258, .adv_w = 371, .box_w = 19, .box_h = 20, .ofs_x = 2, .ofs_y = -3},
    {.bitmap_index = 16306, .adv_w = 371, .box_w = 24, .box_h = 11, .ofs_x = 0, .ofs_y = 2},
    {.bitmap_index = 16339, .adv_w = 371, .box_w = 22, .box_h = 16, .ofs_x = 1, .ofs_y = -1},
    {.bitmap_index = 16383, .adv_w = 371, .box_w = 18, .box_h = 9, .ofs_x = 3, .ofs_y = 3},
    {.bitmap_index = 16404, .adv_w = 371, .box_w = 22, .box_h = 10, .ofs_x = 1, .ofs_y = 3},
    {.bitmap_index = 16432, .adv_w = 371, .box_w = 17, .box_h = 20, .ofs_x = 3, .ofs_y = -3},
    {.bitmap_index = 16475, .adv_w = 371, .box_w = 19, .box_h = 17, .ofs_x = 2, .ofs_y = 0},
    {.bitmap_index = 16516, .adv_w = 371, .box_w = 14, .box_h = 19, .ofs_x = 5, .ofs_y = -4},
    {.bitmap_index = 16550, .adv_w = 371, .box_w = 15, .box_h = 22, .ofs_x = 4, .ofs_y = -4},
    {.bitmap_index = 16592, .adv_w = 371, .box_w = 19, .box_h = 17, .ofs_x = 2, .ofs_y = -2},
    {.bitmap_index = 16633, .adv_w = 371, .box_w = 12, .box_h = 17, .ofs_x = 5, .ofs_y = -2},
    {.bitmap_index = 16659, .adv_w = 371, .box_w = 19, .box_h = 16, .ofs_x = 2, .ofs_y = -2},
    {.bitmap_index = 16697, .adv_w = 371, .box_w = 17, .box_h = 17, .ofs_x = 3, .ofs_y = -2},
    {.bitmap_index = 16734, .adv_w = 371, .box_w = 16, .box_h = 18, .ofs_x = 3, .ofs_y = -2},
    {.bitmap_index = 16770, .adv_w = 371, .box_w = 17, .box_h = 12, .ofs_x = 3, .ofs_y = 1},
    {.bitmap_index = 16796, .adv_w = 371, .box_w = 21, .box_h = 9, .ofs_x = 1, .ofs_y = 0},
    {.bitmap_index = 16820, .adv_w = 371, .box_w = 21, .box_h = 9, .ofs_x = 1, .ofs_y = 1},
    {.bitmap_index = 16844, .adv_w = 371, .box_w = 19, .box_h = 17, .ofs_x = 3, .ofs_y = -3},
    {.bitmap_index = 16885, .adv_w = 371, .box_w = 19, .box_h = 13, .ofs_x = 3, .ofs_y = -2},
    {.bitmap_index = 16916, .adv_w = 371, .box_w = 16, .box_h = 20, .ofs_x = 2, .ofs_y = -2},
    {.bitmap_index = 16956, .adv_w = 371, .box_w = 19, .box_h = 19, .ofs_x = 2, .ofs_y = -3},
    {.bitmap_index = 17002, .adv_w = 371, .box_w = 15, .box_h = 16, .ofs_x = 4, .ofs_y = -2},
    {.bitmap_index = 17032, .adv_w = 371, .box_w = 18, .box_h = 14, .ofs_x = 2, .ofs_y = -1},
    {.bitmap_index = 17064, .adv_w = 371, .box_w = 13, .box_h = 16, .ofs_x = 5, .ofs_y = -2},
    {.bitmap_index = 17090, .adv_w = 371, .box_w = 14, .box_h = 17, .ofs_x = 5, .ofs_y = -2},
    {.bitmap_index = 17120, .adv_w = 371, .box_w = 13, .box_h = 17, .ofs_x = 5, .ofs_y = -2},
    {.bitmap_index = 17148, .adv_w = 371, .box_w = 14, .box_h = 17, .ofs_x = 5, .ofs_y = -2},
    {.bitmap_index = 17178, .adv_w = 371, .box_w = 17, .box_h = 15, .ofs_x = 3, .ofs_y = -1},
    {.bitmap_index = 17210, .adv_w = 371, .box_w = 14, .box_h = 19, .ofs_x = 5, .ofs_y = -3},
    {.bitmap_index = 17244, .adv_w = 371, .box_w = 14, .box_h = 19, .ofs_x = 5, .ofs_y = -3},
    {.bitmap_index = 17278, .adv_w = 371, .box_w = 13, .box_h = 19, .ofs_x = 5, .ofs_y = -3},
    {.bitmap_index = 17309, .adv_w = 371, .box_w = 14, .box_h = 17, .ofs_x = 5, .ofs_y = -1},
    {.bitmap_index = 17339, .adv_w = 371, .box_w = 14, .box_h = 19, .ofs_x = 5, .ofs_y = -2},
    {.bitmap_index = 17373, .adv_w = 371, .box_w = 17, .box_h = 19, .ofs_x = 3, .ofs_y = -2},
    {.bitmap_index = 17414, .adv_w = 371, .box_w = 13, .box_h = 17, .ofs_x = 5, .ofs_y = -2},
    {.bitmap_index = 17442, .adv_w = 371, .box_w = 17, .box_h = 20, .ofs_x = 3, .ofs_y = -3},
    {.bitmap_index = 17485, .adv_w = 371, .box_w = 14, .box_h = 17, .ofs_x = 5, .ofs_y = -1},
    {.bitmap_index = 17515, .adv_w = 371, .box_w = 13, .box_h = 15, .ofs_x = 5, .ofs_y = -2},
    {.bitmap_index = 17540, .adv_w = 371, .box_w = 13, .box_h = 19, .ofs_x = 5, .ofs_y = -2},
    {.bitmap_index = 17571, .adv_w = 371, .box_w = 13, .box_h = 17, .ofs_x = 5, .ofs_y = -2},
    {.bitmap_index = 17599, .adv_w = 371, .box_w = 14, .box_h = 17, .ofs_x = 5, .ofs_y = -1},
    {.bitmap_index = 17629, .adv_w = 371, .box_w = 14, .box_h = 17, .ofs_x = 4, .ofs_y = -1},
    {.bitmap_index = 17659, .adv_w = 371, .box_w = 19, .box_h = 21, .ofs_x = 2, .ofs_y = -4},
    {.bitmap_index = 17709, .adv_w = 371, .box_w = 17, .box_h = 18, .ofs_x = 5, .ofs_y = -3},
    {.bitmap_index = 17748, .adv_w = 371, .box_w = 16, .box_h = 17, .ofs_x = 4, .ofs_y = -2},
    {.bitmap_index = 17782, .adv_w = 371, .box_w = 18, .box_h = 17, .ofs_x = 3, .ofs_y = -3},
    {.bitmap_index = 17821, .adv_w = 371, .box_w = 14, .box_h = 18, .ofs_x = 4, .ofs_y = -2},
    {.bitmap_index = 17853, .adv_w = 371, .box_w = 18, .box_h = 14, .ofs_x = 3, .ofs_y = 0},
    {.bitmap_index = 17885, .adv_w = 371, .box_w = 16, .box_h = 18, .ofs_x = 4, .ofs_y = -1},
    {.bitmap_index = 17921, .adv_w = 371, .box_w = 14, .box_h = 16, .ofs_x = 5, .ofs_y = -1},
    {.bitmap_index = 17949, .adv_w = 371, .box_w = 19, .box_h = 17, .ofs_x = 3, .ofs_y = -2},
    {.bitmap_index = 17990, .adv_w = 371, .box_w = 13, .box_h = 19, .ofs_x = 5, .ofs_y = -1},
    {.bitmap_index = 18021, .adv_w = 371, .box_w = 15, .box_h = 19, .ofs_x = 3, .ofs_y = -2},
    {.bitmap_index = 18057, .adv_w = 371, .box_w = 9, .box_h = 21, .ofs_x = 7, .ofs_y = -4},
    {.bitmap_index = 18081, .adv_w = 371, .box_w = 15, .box_h = 16, .ofs_x = 4, .ofs_y = -1},
    {.bitmap_index = 18111, .adv_w = 371, .box_w = 13, .box_h = 18, .ofs_x = 5, .ofs_y = -1},
    {.bitmap_index = 18141, .adv_w = 371, .box_w = 19, .box_h = 16, .ofs_x = 2, .ofs_y = -1},
    {.bitmap_index = 18179, .adv_w = 371, .box_w = 10, .box_h = 16, .ofs_x = 7, .ofs_y = -1},
    {.bitmap_index = 18199, .adv_w = 371, .box_w = 16, .box_h = 16, .ofs_x = 4, .ofs_y = -1},
    {.bitmap_index = 18231, .adv_w = 371, .box_w = 17, .box_h = 17, .ofs_x = 3, .ofs_y = -2},
    {.bitmap_index = 18268, .adv_w = 371, .box_w = 17, .box_h = 14, .ofs_x = 3, .ofs_y = 0},
    {.bitmap_index = 18298, .adv_w = 371, .box_w = 21, .box_h = 14, .ofs_x = 1, .ofs_y = 0},
    {.bitmap_index = 18335, .adv_w = 371, .box_w = 14, .box_h = 17, .ofs_x = 5, .ofs_y = -2},
    {.bitmap_index = 18365, .adv_w = 371, .box_w = 21, .box_h = 18, .ofs_x = 1, .ofs_y = -3},
    {.bitmap_index = 18413, .adv_w = 371, .box_w = 19, .box_h = 15, .ofs_x = 3, .ofs_y = 0},
    {.bitmap_index = 18449, .adv_w = 371, .box_w = 16, .box_h = 20, .ofs_x = 3, .ofs_y = -3},
    {.bitmap_index = 18489, .adv_w = 371, .box_w = 21, .box_h = 18, .ofs_x = 1, .ofs_y = -2},
    {.bitmap_index = 18537, .adv_w = 371, .box_w = 12, .box_h = 21, .ofs_x = 6, .ofs_y = -4},
    {.bitmap_index = 18569, .adv_w = 371, .box_w = 22, .box_h = 18, .ofs_x = 1, .ofs_y = -1},
    {.bitmap_index = 18619, .adv_w = 371, .box_w = 17, .box_h = 16, .ofs_x = 3, .ofs_y = -2},
    {.bitmap_index = 18653, .adv_w = 371, .box_w = 17, .box_h = 16, .ofs_x = 3, .ofs_y = -1},
    {.bitmap_index = 18687, .adv_w = 371, .box_w = 16, .box_h = 17, .ofs_x = 4, .ofs_y = -1},
    {.bitmap_index = 18721, .adv_w = 371, .box_w = 16, .box_h = 16, .ofs_x = 4, .ofs_y = -1},
    {.bitmap_index = 18753, .adv_w = 371, .box_w = 20, .box_h = 21, .ofs_x = 2, .ofs_y = -3},
    {.bitmap_index = 18806, .adv_w = 371, .box_w = 16, .box_h = 16, .ofs_x = 4, .ofs_y = -1},
    {.bitmap_index = 18838, .adv_w = 371, .box_w = 16, .box_h = 16, .ofs_x = 4, .ofs_y = -1},
    {.bitmap_index = 18870, .adv_w = 371, .box_w = 16, .box_h = 16, .ofs_x = 4, .ofs_y = -1},
    {.bitmap_index = 18902, .adv_w = 371, .box_w = 16, .box_h = 16, .ofs_x = 4, .ofs_y = -1},
    {.bitmap_index = 18934, .adv_w = 371, .box_w = 18, .box_h = 16, .ofs_x = 4, .ofs_y = -1},
    {.bitmap_index = 18970, .adv_w = 371, .box_w = 17, .box_h = 16, .ofs_x = 3, .ofs_y = -1},
    {.bitmap_index = 19004, .adv_w = 371, .box_w = 16, .box_h = 16, .ofs_x = 3, .ofs_y = -1},
    {.bitmap_index = 19036, .adv_w = 371, .box_w = 17, .box_h = 17, .ofs_x = 3, .ofs_y = -2},
    {.bitmap_index = 19073, .adv_w = 371, .box_w = 12, .box_h = 20, .ofs_x = 6, .ofs_y = -3},
    {.bitmap_index = 19103, .adv_w = 371, .box_w = 18, .box_h = 18, .ofs_x = 3, .ofs_y = -2},
    {.bitmap_index = 19144, .adv_w = 371, .box_w = 19, .box_h = 19, .ofs_x = 2, .ofs_y = -3},
    {.bitmap_index = 19190, .adv_w = 371, .box_w = 19, .box_h = 20, .ofs_x = 2, .ofs_y = -3},
    {.bitmap_index = 19238, .adv_w = 371, .box_w = 17, .box_h = 18, .ofs_x = 3, .ofs_y = -2},
    {.bitmap_index = 19277, .adv_w = 371, .box_w = 17, .box_h = 16, .ofs_x = 2, .ofs_y = -1},
    {.bitmap_index = 19311, .adv_w = 371, .box_w = 14, .box_h = 22, .ofs_x = 5, .ofs_y = -4},
    {.bitmap_index = 19350, .adv_w = 371, .box_w = 22, .box_h = 17, .ofs_x = 1, .ofs_y = -2},
    {.bitmap_index = 19397, .adv_w = 371, .box_w = 16, .box_h = 15, .ofs_x = 4, .ofs_y = 0},
    {.bitmap_index = 19427, .adv_w = 371, .box_w = 18, .box_h = 19, .ofs_x = 3, .ofs_y = -3},
    {.bitmap_index = 19470, .adv_w = 371, .box_w = 17, .box_h = 16, .ofs_x = 4, .ofs_y = -2},
    {.bitmap_index = 19504, .adv_w = 371, .box_w = 16, .box_h = 18, .ofs_x = 4, .ofs_y = -3},
    {.bitmap_index = 19540, .adv_w = 371, .box_w = 18, .box_h = 20, .ofs_x = 2, .ofs_y = -4},
    {.bitmap_index = 19585, .adv_w = 371, .box_w = 19, .box_h = 18, .ofs_x = 3, .ofs_y = -2},
    {.bitmap_index = 19628, .adv_w = 371, .box_w = 16, .box_h = 14, .ofs_x = 4, .ofs_y = 0},
    {.bitmap_index = 19656, .adv_w = 371, .box_w = 14, .box_h = 17, .ofs_x = 4, .ofs_y = -2},
    {.bitmap_index = 19686, .adv_w = 371, .box_w = 16, .box_h = 16, .ofs_x = 3, .ofs_y = -1},
    {.bitmap_index = 19718, .adv_w = 371, .box_w = 11, .box_h = 19, .ofs_x = 6, .ofs_y = -3},
    {.bitmap_index = 19745, .adv_w = 371, .box_w = 17, .box_h = 11, .ofs_x = 3, .ofs_y = 1},
    {.bitmap_index = 19769, .adv_w = 371, .box_w = 17, .box_h = 11, .ofs_x = 3, .ofs_y = 1},
    {.bitmap_index = 19793, .adv_w = 371, .box_w = 17, .box_h = 11, .ofs_x = 4, .ofs_y = 1},
    {.bitmap_index = 19817, .adv_w = 371, .box_w = 17, .box_h = 11, .ofs_x = 3, .ofs_y = 1},
    {.bitmap_index = 19841, .adv_w = 371, .box_w = 17, .box_h = 12, .ofs_x = 3, .ofs_y = 1},
    {.bitmap_index = 19867, .adv_w = 371, .box_w = 16, .box_h = 16, .ofs_x = 3, .ofs_y = -1},
    {.bitmap_index = 19899, .adv_w = 371, .box_w = 17, .box_h = 17, .ofs_x = 3, .ofs_y = -2},
    {.bitmap_index = 19936, .adv_w = 371, .box_w = 13, .box_h = 16, .ofs_x = 5, .ofs_y = -1},
    {.bitmap_index = 19962, .adv_w = 371, .box_w = 17, .box_h = 22, .ofs_x = 4, .ofs_y = -4},
    {.bitmap_index = 20009, .adv_w = 371, .box_w = 16, .box_h = 16, .ofs_x = 3, .ofs_y = -1},
    {.bitmap_index = 20041, .adv_w = 371, .box_w = 17, .box_h = 18, .ofs_x = 3, .ofs_y = -2},
    {.bitmap_index = 20080, .adv_w = 371, .box_w = 18, .box_h = 17, .ofs_x = 3, .ofs_y = -2},
    {.bitmap_index = 20119, .adv_w = 371, .box_w = 20, .box_h = 20, .ofs_x = 2, .ofs_y = -3},
    {.bitmap_index = 20169, .adv_w = 371, .box_w = 20, .box_h = 20, .ofs_x = 2, .ofs_y = -3},
    {.bitmap_index = 20219, .adv_w = 371, .box_w = 17, .box_h = 16, .ofs_x = 3, .ofs_y = -1},
    {.bitmap_index = 20253, .adv_w = 371, .box_w = 19, .box_h = 16, .ofs_x = 3, .ofs_y = -1},
    {.bitmap_index = 20291, .adv_w = 371, .box_w = 15, .box_h = 16, .ofs_x = 4, .ofs_y = -1},
    {.bitmap_index = 20321, .adv_w = 371, .box_w = 14, .box_h = 17, .ofs_x = 5, .ofs_y = -2},
    {.bitmap_index = 20351, .adv_w = 371, .box_w = 16, .box_h = 17, .ofs_x = 3, .ofs_y = -1},
    {.bitmap_index = 20385, .adv_w = 371, .box_w = 16, .box_h = 16, .ofs_x = 3, .ofs_y = -1},
    {.bitmap_index = 20417, .adv_w = 371, .box_w = 16, .box_h = 18, .ofs_x = 4, .ofs_y = -1},
    {.bitmap_index = 20453, .adv_w = 371, .box_w = 16, .box_h = 16, .ofs_x = 3, .ofs_y = -1},
    {.bitmap_index = 20485, .adv_w = 371, .box_w = 16, .box_h = 16, .ofs_x = 3, .ofs_y = -1},
    {.bitmap_index = 20517, .adv_w = 371, .box_w = 16, .box_h = 16, .ofs_x = 3, .ofs_y = -1},
    {.bitmap_index = 20549, .adv_w = 371, .box_w = 13, .box_h = 21, .ofs_x = 5, .ofs_y = -4},
    {.bitmap_index = 20584, .adv_w = 371, .box_w = 9, .box_h = 19, .ofs_x = 7, .ofs_y = -3},
    {.bitmap_index = 20606, .adv_w = 371, .box_w = 9, .box_h = 19, .ofs_x = 7, .ofs_y = -3},
    {.bitmap_index = 20628, .adv_w = 371, .box_w = 15, .box_h = 13, .ofs_x = 4, .ofs_y = 0},
    {.bitmap_index = 20653, .adv_w = 371, .box_w = 15, .box_h = 18, .ofs_x = 4, .ofs_y = -2},
    {.bitmap_index = 20687, .adv_w = 371, .box_w = 14, .box_h = 14, .ofs_x = 5, .ofs_y = 0},
    {.bitmap_index = 20712, .adv_w = 371, .box_w = 18, .box_h = 19, .ofs_x = 3, .ofs_y = -3},
    {.bitmap_index = 20755, .adv_w = 371, .box_w = 18, .box_h = 17, .ofs_x = 2, .ofs_y = -2},
    {.bitmap_index = 20794, .adv_w = 371, .box_w = 17, .box_h = 17, .ofs_x = 3, .ofs_y = -2},
    {.bitmap_index = 20831, .adv_w = 371, .box_w = 18, .box_h = 18, .ofs_x = 3, .ofs_y = -1},
    {.bitmap_index = 20872, .adv_w = 371, .box_w = 17, .box_h = 17, .ofs_x = 3, .ofs_y = -2},
    {.bitmap_index = 20909, .adv_w = 371, .box_w = 22, .box_h = 16, .ofs_x = 1, .ofs_y = -2},
    {.bitmap_index = 20953, .adv_w = 371, .box_w = 18, .box_h = 18, .ofs_x = 3, .ofs_y = -1},
    {.bitmap_index = 20994, .adv_w = 371, .box_w = 18, .box_h = 18, .ofs_x = 3, .ofs_y = -1},
    {.bitmap_index = 21035, .adv_w = 371, .box_w = 18, .box_h = 18, .ofs_x = 3, .ofs_y = -1},
    {.bitmap_index = 21076, .adv_w = 371, .box_w = 17, .box_h = 13, .ofs_x = 3, .ofs_y = 1},
    {.bitmap_index = 21104, .adv_w = 371, .box_w = 20, .box_h = 20, .ofs_x = 2, .ofs_y = -3},
    {.bitmap_index = 21154, .adv_w = 371, .box_w = 17, .box_h = 17, .ofs_x = 3, .ofs_y = -2},
    {.bitmap_index = 21191, .adv_w = 371, .box_w = 17, .box_h = 16, .ofs_x = 5, .ofs_y = -1},
    {.bitmap_index = 21225, .adv_w = 371, .box_w = 16, .box_h = 16, .ofs_x = 4, .ofs_y = -1},
    {.bitmap_index = 21257, .adv_w = 371, .box_w = 17, .box_h = 10, .ofs_x = 3, .ofs_y = 2},
    {.bitmap_index = 21279, .adv_w = 371, .box_w = 16, .box_h = 15, .ofs_x = 4, .ofs_y = -1},
    {.bitmap_index = 21309, .adv_w = 371, .box_w = 16, .box_h = 15, .ofs_x = 3, .ofs_y = -1},
    {.bitmap_index = 21339, .adv_w = 371, .box_w = 19, .box_h = 18, .ofs_x = 3, .ofs_y = -2},
    {.bitmap_index = 21382, .adv_w = 371, .box_w = 20, .box_h = 15, .ofs_x = 2, .ofs_y = -1},
    {.bitmap_index = 21420, .adv_w = 371, .box_w = 17, .box_h = 13, .ofs_x = 3, .ofs_y = 0},
    {.bitmap_index = 21448, .adv_w = 371, .box_w = 17, .box_h = 14, .ofs_x = 3, .ofs_y = 0},
    {.bitmap_index = 21478, .adv_w = 371, .box_w = 18, .box_h = 20, .ofs_x = 3, .ofs_y = -3},
    {.bitmap_index = 21523, .adv_w = 371, .box_w = 17, .box_h = 11, .ofs_x = 3, .ofs_y = 1},
    {.bitmap_index = 21547, .adv_w = 371, .box_w = 20, .box_h = 8, .ofs_x = 1, .ofs_y = 3},
    {.bitmap_index = 21567, .adv_w = 371, .box_w = 17, .box_h = 13, .ofs_x = 3, .ofs_y = 0},
    {.bitmap_index = 21595, .adv_w = 371, .box_w = 16, .box_h = 16, .ofs_x = 4, .ofs_y = -2},
    {.bitmap_index = 21627, .adv_w = 371, .box_w = 16, .box_h = 17, .ofs_x = 4, .ofs_y = -2},
    {.bitmap_index = 21661, .adv_w = 371, .box_w = 16, .box_h = 16, .ofs_x = 4, .ofs_y = -1},
    {.bitmap_index = 21693, .adv_w = 371, .box_w = 17, .box_h = 16, .ofs_x = 4, .ofs_y = -2},
    {.bitmap_index = 21727, .adv_w = 371, .box_w = 13, .box_h = 19, .ofs_x = 5, .ofs_y = -4},
    {.bitmap_index = 21758, .adv_w = 371, .box_w = 21, .box_h = 15, .ofs_x = 1, .ofs_y = -1},
    {.bitmap_index = 21798, .adv_w = 371, .box_w = 19, .box_h = 16, .ofs_x = 2, .ofs_y = 0},
    {.bitmap_index = 21836, .adv_w = 371, .box_w = 12, .box_h = 20, .ofs_x = 5, .ofs_y = -3},
    {.bitmap_index = 21866, .adv_w = 371, .box_w = 17, .box_h = 16, .ofs_x = 2, .ofs_y = -1},
    {.bitmap_index = 21900, .adv_w = 371, .box_w = 16, .box_h = 17, .ofs_x = 3, .ofs_y = -2},
    {.bitmap_index = 21934, .adv_w = 371, .box_w = 12, .box_h = 16, .ofs_x = 5, .ofs_y = -1},
    {.bitmap_index = 21958, .adv_w = 371, .box_w = 21, .box_h = 20, .ofs_x = 1, .ofs_y = -3},
    {.bitmap_index = 22011, .adv_w = 371, .box_w = 16, .box_h = 16, .ofs_x = 3, .ofs_y = -1},
    {.bitmap_index = 22043, .adv_w = 371, .box_w = 16, .box_h = 12, .ofs_x = 3, .ofs_y = 1},
    {.bitmap_index = 22067, .adv_w = 371, .box_w = 18, .box_h = 15, .ofs_x = 1, .ofs_y = 1},
    {.bitmap_index = 22101, .adv_w = 371, .box_w = 18, .box_h = 15, .ofs_x = 3, .ofs_y = 0},
    {.bitmap_index = 22135, .adv_w = 371, .box_w = 21, .box_h = 17, .ofs_x = 1, .ofs_y = -4},
    {.bitmap_index = 22180, .adv_w = 371, .box_w = 16, .box_h = 17, .ofs_x = 3, .ofs_y = -2},
    {.bitmap_index = 22214, .adv_w = 371, .box_w = 21, .box_h = 13, .ofs_x = 1, .ofs_y = 0},
    {.bitmap_index = 22249, .adv_w = 371, .box_w = 18, .box_h = 14, .ofs_x = 2, .ofs_y = 0},
    {.bitmap_index = 22281, .adv_w = 371, .box_w = 16, .box_h = 20, .ofs_x = 4, .ofs_y = -4},
    {.bitmap_index = 22321, .adv_w = 371, .box_w = 21, .box_h = 15, .ofs_x = 1, .ofs_y = -1},
    {.bitmap_index = 22361, .adv_w = 371, .box_w = 18, .box_h = 16, .ofs_x = 3, .ofs_y = -1},
    {.bitmap_index = 22397, .adv_w = 371, .box_w = 18, .box_h = 15, .ofs_x = 3, .ofs_y = 0},
    {.bitmap_index = 22431, .adv_w = 371, .box_w = 12, .box_h = 16, .ofs_x = 5, .ofs_y = -2},
    {.bitmap_index = 22455, .adv_w = 371, .box_w = 21, .box_h = 18, .ofs_x = 1, .ofs_y = -2},
    {.bitmap_index = 22503, .adv_w = 371, .box_w = 8, .box_h = 8, .ofs_x = 8, .ofs_y = 3},
    {.bitmap_index = 22511, .adv_w = 371, .box_w = 19, .box_h = 19, .ofs_x = 2, .ofs_y = -3},
    {.bitmap_index = 22557, .adv_w = 371, .box_w = 17, .box_h = 18, .ofs_x = 3, .ofs_y = -2},
    {.bitmap_index = 22596, .adv_w = 371, .box_w = 16, .box_h = 18, .ofs_x = 3, .ofs_y = -2},
    {.bitmap_index = 22632, .adv_w = 371, .box_w = 18, .box_h = 18, .ofs_x = 3, .ofs_y = -2},
    {.bitmap_index = 22673, .adv_w = 371, .box_w = 18, .box_h = 18, .ofs_x = 3, .ofs_y = -2},
    {.bitmap_index = 22714, .adv_w = 371, .box_w = 20, .box_h = 9, .ofs_x = 1, .ofs_y = 2},
    {.bitmap_index = 22737, .adv_w = 371, .box_w = 13, .box_h = 21, .ofs_x = 6, .ofs_y = -4},
    {.bitmap_index = 22772, .adv_w = 371, .box_w = 15, .box_h = 17, .ofs_x = 4, .ofs_y = -1},
    {.bitmap_index = 22804, .adv_w = 371, .box_w = 14, .box_h = 18, .ofs_x = 6, .ofs_y = -2},
    {.bitmap_index = 22836, .adv_w = 371, .box_w = 17, .box_h = 13, .ofs_x = 3, .ofs_y = 1},
    {.bitmap_index = 22864, .adv_w = 371, .box_w = 18, .box_h = 16, .ofs_x = 3, .ofs_y = -1},
    {.bitmap_index = 22900, .adv_w = 371, .box_w = 15, .box_h = 15, .ofs_x = 4, .ofs_y = -1},
    {.bitmap_index = 22929, .adv_w = 371, .box_w = 13, .box_h = 16, .ofs_x = 5, .ofs_y = -1},
    {.bitmap_index = 22955, .adv_w = 371, .box_w = 13, .box_h = 16, .ofs_x = 5, .ofs_y = -1},
    {.bitmap_index = 22981, .adv_w = 371, .box_w = 14, .box_h = 18, .ofs_x = 4, .ofs_y = -2},
    {.bitmap_index = 23013, .adv_w = 371, .box_w = 17, .box_h = 18, .ofs_x = 3, .ofs_y = -2},
    {.bitmap_index = 23052, .adv_w = 371, .box_w = 7, .box_h = 16, .ofs_x = 8, .ofs_y = -1},
    {.bitmap_index = 23066, .adv_w = 371, .box_w = 8, .box_h = 18, .ofs_x = 8, .ofs_y = -2},
    {.bitmap_index = 23084, .adv_w = 371, .box_w = 15, .box_h = 15, .ofs_x = 4, .ofs_y = -1},
    {.bitmap_index = 23113, .adv_w = 371, .box_w = 13, .box_h = 14, .ofs_x = 5, .ofs_y = 0},
    {.bitmap_index = 23136, .adv_w = 371, .box_w = 14, .box_h = 14, .ofs_x = 5, .ofs_y = 0},
    {.bitmap_index = 23161, .adv_w = 371, .box_w = 15, .box_h = 14, .ofs_x = 4, .ofs_y = 0},
    {.bitmap_index = 23188, .adv_w = 371, .box_w = 14, .box_h = 14, .ofs_x = 5, .ofs_y = 0},
    {.bitmap_index = 23213, .adv_w = 371, .box_w = 9, .box_h = 15, .ofs_x = 7, .ofs_y = 0},
    {.bitmap_index = 23230, .adv_w = 371, .box_w = 21, .box_h = 20, .ofs_x = 1, .ofs_y = -3},
    {.bitmap_index = 23283, .adv_w = 371, .box_w = 16, .box_h = 16, .ofs_x = 3, .ofs_y = -1},
    {.bitmap_index = 23315, .adv_w = 371, .box_w = 16, .box_h = 16, .ofs_x = 3, .ofs_y = -1},
    {.bitmap_index = 23347, .adv_w = 371, .box_w = 16, .box_h = 16, .ofs_x = 3, .ofs_y = -1},
    {.bitmap_index = 23379, .adv_w = 371, .box_w = 16, .box_h = 16, .ofs_x = 3, .ofs_y = -1},
    {.bitmap_index = 23411, .adv_w = 371, .box_w = 16, .box_h = 16, .ofs_x = 3, .ofs_y = -1},
    {.bitmap_index = 23443, .adv_w = 371, .box_w = 16, .box_h = 16, .ofs_x = 3, .ofs_y = -1},
    {.bitmap_index = 23475, .adv_w = 371, .box_w = 14, .box_h = 21, .ofs_x = 4, .ofs_y = -4},
    {.bitmap_index = 23512, .adv_w = 371, .box_w = 16, .box_h = 16, .ofs_x = 3, .ofs_y = -2},
    {.bitmap_index = 23544, .adv_w = 371, .box_w = 10, .box_h = 18, .ofs_x = 6, .ofs_y = -3},
    {.bitmap_index = 23567, .adv_w = 371, .box_w = 11, .box_h = 17, .ofs_x = 7, .ofs_y = -2},
    {.bitmap_index = 23591, .adv_w = 371, .box_w = 16, .box_h = 16, .ofs_x = 4, .ofs_y = -1},
    {.bitmap_index = 23623, .adv_w = 371, .box_w = 21, .box_h = 4, .ofs_x = 0, .ofs_y = 5},
    {.bitmap_index = 23634, .adv_w = 371, .box_w = 16, .box_h = 13, .ofs_x = 4, .ofs_y = 0},
    {.bitmap_index = 23660, .adv_w = 371, .box_w = 14, .box_h = 15, .ofs_x = 5, .ofs_y = -1},
    {.bitmap_index = 23687, .adv_w = 371, .box_w = 14, .box_h = 18, .ofs_x = 3, .ofs_y = -2},
    {.bitmap_index = 23719, .adv_w = 371, .box_w = 15, .box_h = 17, .ofs_x = 4, .ofs_y = -2},
    {.bitmap_index = 23751, .adv_w = 371, .box_w = 16, .box_h = 16, .ofs_x = 3, .ofs_y = -1},
    {.bitmap_index = 23783, .adv_w = 371, .box_w = 13, .box_h = 18, .ofs_x = 5, .ofs_y = -3},
    {.bitmap_index = 23813, .adv_w = 371, .box_w = 14, .box_h = 16, .ofs_x = 5, .ofs_y = -3},
    {.bitmap_index = 23841, .adv_w = 371, .box_w = 14, .box_h = 14, .ofs_x = 5, .ofs_y = 0},
    {.bitmap_index = 23866, .adv_w = 371, .box_w = 14, .box_h = 14, .ofs_x = 5, .ofs_y = 0},
    {.bitmap_index = 23891, .adv_w = 371, .box_w = 19, .box_h = 19, .ofs_x = 2, .ofs_y = -3},
    {.bitmap_index = 23937, .adv_w = 371, .box_w = 19, .box_h = 19, .ofs_x = 2, .ofs_y = -3},
    {.bitmap_index = 23983, .adv_w = 371, .box_w = 17, .box_h = 17, .ofs_x = 3, .ofs_y = -2},
    {.bitmap_index = 24020, .adv_w = 371, .box_w = 17, .box_h = 16, .ofs_x = 3, .ofs_y = -1},
    {.bitmap_index = 24054, .adv_w = 371, .box_w = 14, .box_h = 14, .ofs_x = 5, .ofs_y = 0},
    {.bitmap_index = 24079, .adv_w = 371, .box_w = 13, .box_h = 14, .ofs_x = 5, .ofs_y = 0},
    {.bitmap_index = 24102, .adv_w = 371, .box_w = 17, .box_h = 15, .ofs_x = 3, .ofs_y = -1},
    {.bitmap_index = 24134, .adv_w = 371, .box_w = 17, .box_h = 15, .ofs_x = 3, .ofs_y = -1},
    {.bitmap_index = 24166, .adv_w = 371, .box_w = 15, .box_h = 13, .ofs_x = 4, .ofs_y = 0},
    {.bitmap_index = 24191, .adv_w = 371, .box_w = 15, .box_h = 13, .ofs_x = 4, .ofs_y = 0},
    {.bitmap_index = 24216, .adv_w = 371, .box_w = 16, .box_h = 16, .ofs_x = 3, .ofs_y = -1},
    {.bitmap_index = 24248, .adv_w = 371, .box_w = 15, .box_h = 19, .ofs_x = 4, .ofs_y = -3},
    {.bitmap_index = 24284, .adv_w = 371, .box_w = 14, .box_h = 14, .ofs_x = 5, .ofs_y = 0},
    {.bitmap_index = 24309, .adv_w = 371, .box_w = 14, .box_h = 16, .ofs_x = 4, .ofs_y = 0},
    {.bitmap_index = 24337, .adv_w = 371, .box_w = 18, .box_h = 13, .ofs_x = 2, .ofs_y = -1},
    {.bitmap_index = 24367, .adv_w = 371, .box_w = 16, .box_h = 16, .ofs_x = 3, .ofs_y = -1},
    {.bitmap_index = 24399, .adv_w = 371, .box_w = 15, .box_h = 16, .ofs_x = 4, .ofs_y = -1},
    {.bitmap_index = 24429, .adv_w = 371, .box_w = 15, .box_h = 16, .ofs_x = 4, .ofs_y = -1},
    {.bitmap_index = 24459, .adv_w = 371, .box_w = 16, .box_h = 16, .ofs_x = 4, .ofs_y = -1},
    {.bitmap_index = 24491, .adv_w = 371, .box_w = 15, .box_h = 16, .ofs_x = 4, .ofs_y = -1},
    {.bitmap_index = 24521, .adv_w = 371, .box_w = 15, .box_h = 16, .ofs_x = 4, .ofs_y = -1},
    {.bitmap_index = 24551, .adv_w = 371, .box_w = 15, .box_h = 16, .ofs_x = 4, .ofs_y = -1},
    {.bitmap_index = 24581, .adv_w = 371, .box_w = 15, .box_h = 16, .ofs_x = 4, .ofs_y = -1},
    {.bitmap_index = 24611, .adv_w = 371, .box_w = 15, .box_h = 16, .ofs_x = 4, .ofs_y = -1},
    {.bitmap_index = 24641, .adv_w = 371, .box_w = 16, .box_h = 16, .ofs_x = 4, .ofs_y = -1},
    {.bitmap_index = 24673, .adv_w = 371, .box_w = 15, .box_h = 16, .ofs_x = 4, .ofs_y = -1},
    {.bitmap_index = 24703, .adv_w = 371, .box_w = 15, .box_h = 16, .ofs_x = 4, .ofs_y = -1},
    {.bitmap_index = 24733, .adv_w = 371, .box_w = 15, .box_h = 16, .ofs_x = 4, .ofs_y = -1},
    {.bitmap_index = 24763, .adv_w = 371, .box_w = 15, .box_h = 16, .ofs_x = 4, .ofs_y = -1},
    {.bitmap_index = 24793, .adv_w = 371, .box_w = 15, .box_h = 16, .ofs_x = 4, .ofs_y = -1},
    {.bitmap_index = 24823, .adv_w = 371, .box_w = 16, .box_h = 16, .ofs_x = 4, .ofs_y = -1},
    {.bitmap_index = 24855, .adv_w = 371, .box_w = 15, .box_h = 16, .ofs_x = 4, .ofs_y = -1},
    {.bitmap_index = 24885, .adv_w = 371, .box_w = 15, .box_h = 16, .ofs_x = 4, .ofs_y = -1},
    {.bitmap_index = 24915, .adv_w = 371, .box_w = 15, .box_h = 16, .ofs_x = 4, .ofs_y = -1},
    {.bitmap_index = 24945, .adv_w = 371, .box_w = 15, .box_h = 16, .ofs_x = 4, .ofs_y = -1},
    {.bitmap_index = 24975, .adv_w = 371, .box_w = 15, .box_h = 16, .ofs_x = 4, .ofs_y = -1},
    {.bitmap_index = 25005, .adv_w = 371, .box_w = 16, .box_h = 16, .ofs_x = 4, .ofs_y = -1},
    {.bitmap_index = 25037, .adv_w = 371, .box_w = 15, .box_h = 16, .ofs_x = 4, .ofs_y = -1},
    {.bitmap_index = 25067, .adv_w = 371, .box_w = 15, .box_h = 16, .ofs_x = 4, .ofs_y = -1},
    {.bitmap_index = 25097, .adv_w = 371, .box_w = 15, .box_h = 16, .ofs_x = 4, .ofs_y = -1},
    {.bitmap_index = 25127, .adv_w = 371, .box_w = 5, .box_h = 19, .ofs_x = 9, .ofs_y = -3},
    {.bitmap_index = 25139, .adv_w = 371, .box_w = 20, .box_h = 14, .ofs_x = 1, .ofs_y = 0},
    {.bitmap_index = 25174, .adv_w = 371, .box_w = 22, .box_h = 10, .ofs_x = 1, .ofs_y = 2},
    {.bitmap_index = 25202, .adv_w = 371, .box_w = 6, .box_h = 18, .ofs_x = 8, .ofs_y = -2},
    {.bitmap_index = 25216, .adv_w = 371, .box_w = 15, .box_h = 17, .ofs_x = 5, .ofs_y = -1},
    {.bitmap_index = 25248, .adv_w = 371, .box_w = 22, .box_h = 10, .ofs_x = 1, .ofs_y = 3},
    {.bitmap_index = 25276, .adv_w = 371, .box_w = 17, .box_h = 19, .ofs_x = 3, .ofs_y = -3},
    {.bitmap_index = 25317, .adv_w = 371, .box_w = 19, .box_h = 19, .ofs_x = 2, .ofs_y = -3},
    {.bitmap_index = 25363, .adv_w = 371, .box_w = 15, .box_h = 20, .ofs_x = 4, .ofs_y = -3},
    {.bitmap_index = 25401, .adv_w = 371, .box_w = 15, .box_h = 21, .ofs_x = 4, .ofs_y = -4},
    {.bitmap_index = 25441, .adv_w = 371, .box_w = 17, .box_h = 16, .ofs_x = 3, .ofs_y = 0},
    {.bitmap_index = 25475, .adv_w = 371, .box_w = 16, .box_h = 16, .ofs_x = 4, .ofs_y = -2},
    {.bitmap_index = 25507, .adv_w = 371, .box_w = 16, .box_h = 16, .ofs_x = 4, .ofs_y = -1},
    {.bitmap_index = 25539, .adv_w = 371, .box_w = 17, .box_h = 16, .ofs_x = 3, .ofs_y = -1},
    {.bitmap_index = 25573, .adv_w = 371, .box_w = 17, .box_h = 17, .ofs_x = 3, .ofs_y = -1},
    {.bitmap_index = 25610, .adv_w = 371, .box_w = 22, .box_h = 22, .ofs_x = 0, .ofs_y = -4},
    {.bitmap_index = 25671, .adv_w = 371, .box_w = 14, .box_h = 19, .ofs_x = 4, .ofs_y = -3},
    {.bitmap_index = 25705, .adv_w = 371, .box_w = 20, .box_h = 22, .ofs_x = 1, .ofs_y = -4},
    {.bitmap_index = 25760, .adv_w = 371, .box_w = 16, .box_h = 16, .ofs_x = 4, .ofs_y = -1},
    {.bitmap_index = 25792, .adv_w = 371, .box_w = 21, .box_h = 19, .ofs_x = 1, .ofs_y = -4},
    {.bitmap_index = 25842, .adv_w = 371, .box_w = 22, .box_h = 21, .ofs_x = 1, .ofs_y = -4},
    {.bitmap_index = 25900, .adv_w = 371, .box_w = 11, .box_h = 16, .ofs_x = 6, .ofs_y = -1},
    {.bitmap_index = 25922, .adv_w = 371, .box_w = 13, .box_h = 20, .ofs_x = 4, .ofs_y = -2},
    {.bitmap_index = 25955, .adv_w = 371, .box_w = 16, .box_h = 16, .ofs_x = 3, .ofs_y = -1},
    {.bitmap_index = 25987, .adv_w = 371, .box_w = 17, .box_h = 14, .ofs_x = 3, .ofs_y = 0},
    {.bitmap_index = 26017, .adv_w = 371, .box_w = 17, .box_h = 15, .ofs_x = 3, .ofs_y = -1},
    {.bitmap_index = 26049, .adv_w = 371, .box_w = 13, .box_h = 16, .ofs_x = 5, .ofs_y = -1},
    {.bitmap_index = 26075, .adv_w = 371, .box_w = 15, .box_h = 16, .ofs_x = 4, .ofs_y = -1},
    {.bitmap_index = 26105, .adv_w = 371, .box_w = 16, .box_h = 15, .ofs_x = 3, .ofs_y = -1},
    {.bitmap_index = 26135, .adv_w = 371, .box_w = 16, .box_h = 16, .ofs_x = 3, .ofs_y = -1},
    {.bitmap_index = 26167, .adv_w = 371, .box_w = 12, .box_h = 16, .ofs_x = 5, .ofs_y = -1},
    {.bitmap_index = 26191, .adv_w = 371, .box_w = 18, .box_h = 16, .ofs_x = 2, .ofs_y = -1},
    {.bitmap_index = 26227, .adv_w = 371, .box_w = 17, .box_h = 15, .ofs_x = 4, .ofs_y = -1},
    {.bitmap_index = 26259, .adv_w = 371, .box_w = 15, .box_h = 16, .ofs_x = 4, .ofs_y = -1},
    {.bitmap_index = 26289, .adv_w = 371, .box_w = 15, .box_h = 17, .ofs_x = 4, .ofs_y = -1},
    {.bitmap_index = 26321, .adv_w = 371, .box_w = 16, .box_h = 16, .ofs_x = 4, .ofs_y = -1},
    {.bitmap_index = 26353, .adv_w = 371, .box_w = 18, .box_h = 18, .ofs_x = 3, .ofs_y = -2},
    {.bitmap_index = 26394, .adv_w = 371, .box_w = 18, .box_h = 19, .ofs_x = 3, .ofs_y = -2},
    {.bitmap_index = 26437, .adv_w = 371, .box_w = 21, .box_h = 13, .ofs_x = 1, .ofs_y = 0},
    {.bitmap_index = 26472, .adv_w = 371, .box_w = 21, .box_h = 10, .ofs_x = 1, .ofs_y = 0},
    {.bitmap_index = 26499, .adv_w = 371, .box_w = 21, .box_h = 21, .ofs_x = 1, .ofs_y = -4},
    {.bitmap_index = 26555, .adv_w = 371, .box_w = 15, .box_h = 20, .ofs_x = 4, .ofs_y = -3},
    {.bitmap_index = 26593, .adv_w = 371, .box_w = 17, .box_h = 17, .ofs_x = 3, .ofs_y = -2},
    {.bitmap_index = 26630, .adv_w = 371, .box_w = 13, .box_h = 16, .ofs_x = 5, .ofs_y = -1},
    {.bitmap_index = 26656, .adv_w = 371, .box_w = 16, .box_h = 16, .ofs_x = 4, .ofs_y = -1},
    {.bitmap_index = 26688, .adv_w = 371, .box_w = 16, .box_h = 16, .ofs_x = 4, .ofs_y = -1},
    {.bitmap_index = 26720, .adv_w = 371, .box_w = 21, .box_h = 16, .ofs_x = 1, .ofs_y = -1},
    {.bitmap_index = 26762, .adv_w = 371, .box_w = 16, .box_h = 16, .ofs_x = 4, .ofs_y = -1},
    {.bitmap_index = 26794, .adv_w = 371, .box_w = 16, .box_h = 16, .ofs_x = 4, .ofs_y = -1},
    {.bitmap_index = 26826, .adv_w = 371, .box_w = 16, .box_h = 16, .ofs_x = 4, .ofs_y = -1},
    {.bitmap_index = 26858, .adv_w = 371, .box_w = 16, .box_h = 16, .ofs_x = 4, .ofs_y = -1},
    {.bitmap_index = 26890, .adv_w = 371, .box_w = 17, .box_h = 17, .ofs_x = 3, .ofs_y = -1},
    {.bitmap_index = 26927, .adv_w = 371, .box_w = 16, .box_h = 18, .ofs_x = 4, .ofs_y = -1},
    {.bitmap_index = 26963, .adv_w = 371, .box_w = 16, .box_h = 16, .ofs_x = 4, .ofs_y = -1},
    {.bitmap_index = 26995, .adv_w = 371, .box_w = 16, .box_h = 16, .ofs_x = 4, .ofs_y = -1},
    {.bitmap_index = 27027, .adv_w = 371, .box_w = 16, .box_h = 16, .ofs_x = 4, .ofs_y = -1},
    {.bitmap_index = 27059, .adv_w = 371, .box_w = 16, .box_h = 16, .ofs_x = 4, .ofs_y = -1},
    {.bitmap_index = 27091, .adv_w = 371, .box_w = 16, .box_h = 16, .ofs_x = 4, .ofs_y = -1},
    {.bitmap_index = 27123, .adv_w = 371, .box_w = 16, .box_h = 16, .ofs_x = 4, .ofs_y = -1},
    {.bitmap_index = 27155, .adv_w = 371, .box_w = 16, .box_h = 16, .ofs_x = 4, .ofs_y = -1},
    {.bitmap_index = 27187, .adv_w = 371, .box_w = 16, .box_h = 16, .ofs_x = 4, .ofs_y = -1},
    {.bitmap_index = 27219, .adv_w = 371, .box_w = 16, .box_h = 16, .ofs_x = 4, .ofs_y = -1},
    {.bitmap_index = 27251, .adv_w = 371, .box_w = 16, .box_h = 16, .ofs_x = 4, .ofs_y = -1},
    {.bitmap_index = 27283, .adv_w = 371, .box_w = 16, .box_h = 17, .ofs_x = 4, .ofs_y = -1},
    {.bitmap_index = 27317, .adv_w = 371, .box_w = 16, .box_h = 16, .ofs_x = 4, .ofs_y = -1},
    {.bitmap_index = 27349, .adv_w = 371, .box_w = 16, .box_h = 16, .ofs_x = 4, .ofs_y = -1},
    {.bitmap_index = 27381, .adv_w = 371, .box_w = 16, .box_h = 16, .ofs_x = 4, .ofs_y = -1},
    {.bitmap_index = 27413, .adv_w = 371, .box_w = 16, .box_h = 16, .ofs_x = 4, .ofs_y = -1},
    {.bitmap_index = 27445, .adv_w = 371, .box_w = 17, .box_h = 16, .ofs_x = 4, .ofs_y = -1},
    {.bitmap_index = 27479, .adv_w = 371, .box_w = 16, .box_h = 16, .ofs_x = 4, .ofs_y = -1},
    {.bitmap_index = 27511, .adv_w = 371, .box_w = 16, .box_h = 16, .ofs_x = 4, .ofs_y = -1},
    {.bitmap_index = 27543, .adv_w = 371, .box_w = 16, .box_h = 16, .ofs_x = 4, .ofs_y = -1},
    {.bitmap_index = 27575, .adv_w = 371, .box_w = 16, .box_h = 16, .ofs_x = 4, .ofs_y = -1},
    {.bitmap_index = 27607, .adv_w = 371, .box_w = 16, .box_h = 16, .ofs_x = 4, .ofs_y = -1},
    {.bitmap_index = 27639, .adv_w = 371, .box_w = 16, .box_h = 16, .ofs_x = 4, .ofs_y = -1},
    {.bitmap_index = 27671, .adv_w = 371, .box_w = 16, .box_h = 16, .ofs_x = 4, .ofs_y = -1},
    {.bitmap_index = 27703, .adv_w = 371, .box_w = 16, .box_h = 16, .ofs_x = 4, .ofs_y = -1},
    {.bitmap_index = 27735, .adv_w = 371, .box_w = 16, .box_h = 16, .ofs_x = 4, .ofs_y = -1},
    {.bitmap_index = 27767, .adv_w = 371, .box_w = 16, .box_h = 16, .ofs_x = 4, .ofs_y = -1},
    {.bitmap_index = 27799, .adv_w = 371, .box_w = 16, .box_h = 16, .ofs_x = 4, .ofs_y = -1},
    {.bitmap_index = 27831, .adv_w = 371, .box_w = 21, .box_h = 17, .ofs_x = 1, .ofs_y = -2},
    {.bitmap_index = 27876, .adv_w = 371, .box_w = 16, .box_h = 16, .ofs_x = 4, .ofs_y = -1},
    {.bitmap_index = 27908, .adv_w = 371, .box_w = 16, .box_h = 16, .ofs_x = 4, .ofs_y = -1},
    {.bitmap_index = 27940, .adv_w = 371, .box_w = 16, .box_h = 16, .ofs_x = 4, .ofs_y = -1},
    {.bitmap_index = 27972, .adv_w = 371, .box_w = 16, .box_h = 16, .ofs_x = 4, .ofs_y = -1},
    {.bitmap_index = 28004, .adv_w = 371, .box_w = 16, .box_h = 16, .ofs_x = 4, .ofs_y = -1},
    {.bitmap_index = 28036, .adv_w = 371, .box_w = 16, .box_h = 16, .ofs_x = 4, .ofs_y = -1},
    {.bitmap_index = 28068, .adv_w = 371, .box_w = 16, .box_h = 16, .ofs_x = 4, .ofs_y = -1},
    {.bitmap_index = 28100, .adv_w = 371, .box_w = 16, .box_h = 16, .ofs_x = 4, .ofs_y = -1},
    {.bitmap_index = 28132, .adv_w = 371, .box_w = 16, .box_h = 16, .ofs_x = 4, .ofs_y = -1},
    {.bitmap_index = 28164, .adv_w = 371, .box_w = 16, .box_h = 16, .ofs_x = 4, .ofs_y = -1},
    {.bitmap_index = 28196, .adv_w = 371, .box_w = 16, .box_h = 16, .ofs_x = 4, .ofs_y = -1},
    {.bitmap_index = 28228, .adv_w = 371, .box_w = 17, .box_h = 16, .ofs_x = 3, .ofs_y = -1},
    {.bitmap_index = 28262, .adv_w = 371, .box_w = 16, .box_h = 18, .ofs_x = 4, .ofs_y = -3},
    {.bitmap_index = 28298, .adv_w = 371, .box_w = 16, .box_h = 16, .ofs_x = 4, .ofs_y = -1},
    {.bitmap_index = 28330, .adv_w = 371, .box_w = 16, .box_h = 16, .ofs_x = 4, .ofs_y = -1},
    {.bitmap_index = 28362, .adv_w = 371, .box_w = 16, .box_h = 16, .ofs_x = 4, .ofs_y = -1},
    {.bitmap_index = 28394, .adv_w = 371, .box_w = 16, .box_h = 16, .ofs_x = 4, .ofs_y = -1},
    {.bitmap_index = 28426, .adv_w = 371, .box_w = 16, .box_h = 16, .ofs_x = 4, .ofs_y = -1},
    {.bitmap_index = 28458, .adv_w = 371, .box_w = 15, .box_h = 16, .ofs_x = 4, .ofs_y = -1},
    {.bitmap_index = 28488, .adv_w = 371, .box_w = 17, .box_h = 19, .ofs_x = 3, .ofs_y = -2},
    {.bitmap_index = 28529, .adv_w = 371, .box_w = 21, .box_h = 19, .ofs_x = 1, .ofs_y = -2},
    {.bitmap_index = 28579, .adv_w = 371, .box_w = 17, .box_h = 19, .ofs_x = 3, .ofs_y = -2},
    {.bitmap_index = 28620, .adv_w = 371, .box_w = 17, .box_h = 19, .ofs_x = 3, .ofs_y = -2},
    {.bitmap_index = 28661, .adv_w = 371, .box_w = 17, .box_h = 19, .ofs_x = 3, .ofs_y = -2},
    {.bitmap_index = 28702, .adv_w = 371, .box_w = 17, .box_h = 19, .ofs_x = 3, .ofs_y = -2},
    {.bitmap_index = 28743, .adv_w = 371, .box_w = 17, .box_h = 19, .ofs_x = 3, .ofs_y = -2},
    {.bitmap_index = 28784, .adv_w = 371, .box_w = 17, .box_h = 19, .ofs_x = 3, .ofs_y = -2},
    {.bitmap_index = 28825, .adv_w = 371, .box_w = 17, .box_h = 20, .ofs_x = 3, .ofs_y = -3},
    {.bitmap_index = 28868, .adv_w = 371, .box_w = 16, .box_h = 16, .ofs_x = 4, .ofs_y = -1},
    {.bitmap_index = 28900, .adv_w = 371, .box_w = 16, .box_h = 16, .ofs_x = 4, .ofs_y = -1},
    {.bitmap_index = 28932, .adv_w = 371, .box_w = 16, .box_h = 16, .ofs_x = 4, .ofs_y = -1},
    {.bitmap_index = 28964, .adv_w = 371, .box_w = 16, .box_h = 16, .ofs_x = 4, .ofs_y = -1},
    {.bitmap_index = 28996, .adv_w = 371, .box_w = 13, .box_h = 16, .ofs_x = 5, .ofs_y = -1},
    {.bitmap_index = 29022, .adv_w = 371, .box_w = 17, .box_h = 17, .ofs_x = 3, .ofs_y = -1},
    {.bitmap_index = 29059, .adv_w = 371, .box_w = 15, .box_h = 16, .ofs_x = 4, .ofs_y = -1},
    {.bitmap_index = 29089, .adv_w = 371, .box_w = 20, .box_h = 16, .ofs_x = 1, .ofs_y = -1},
    {.bitmap_index = 29129, .adv_w = 371, .box_w = 20, .box_h = 16, .ofs_x = 2, .ofs_y = -1},
    {.bitmap_index = 29169, .adv_w = 371, .box_w = 20, .box_h = 17, .ofs_x = 2, .ofs_y = -2},
    {.bitmap_index = 29212, .adv_w = 371, .box_w = 18, .box_h = 20, .ofs_x = 3, .ofs_y = -3},
    {.bitmap_index = 29257, .adv_w = 371, .box_w = 23, .box_h = 18, .ofs_x = 0, .ofs_y = -3},
    {.bitmap_index = 29309, .adv_w = 371, .box_w = 13, .box_h = 17, .ofs_x = 5, .ofs_y = -2},
    {.bitmap_index = 29337, .adv_w = 371, .box_w = 13, .box_h = 17, .ofs_x = 5, .ofs_y = -2},
    {.bitmap_index = 29365, .adv_w = 371, .box_w = 22, .box_h = 21, .ofs_x = 1, .ofs_y = -4}
};

/*---------------------
 *  CHARACTER MAPPING
 *--------------------*/

static const uint16_t unicode_list_0[] = {
    0x0, 0x1, 0x2, 0x3, 0x4, 0x5, 0xe, 0x11,
    0x14, 0x15, 0x18, 0x1d, 0x20, 0x22, 0x23, 0x26,
    0x2a, 0x2e, 0x2f, 0x38, 0x39, 0x3a, 0x40, 0x42
};

static const uint16_t unicode_list_2[] = {
    0x0, 0x2, 0x3, 0x5, 0x18, 0x1b, 0x1c, 0x2f,
    0x30, 0x31, 0x32, 0x33, 0x34, 0x36, 0x38, 0x39,
    0x3d, 0x3e, 0x44, 0x47, 0x48, 0x4d, 0x4e, 0x5a,
    0x5b, 0x61, 0x62, 0x65, 0x6b, 0x6c, 0x6e, 0x70,
    0x71, 0x86, 0x87, 0x8d, 0x8e, 0x8f, 0x90, 0x91,
    0x92, 0x94, 0x95, 0x96, 0x97, 0x9a, 0x9f, 0xa2,
    0xa5, 0xa6, 0xa7, 0xa8, 0xa9, 0xaa, 0xac, 0xaf,
    0xb1, 0xb3, 0xba, 0xbe, 0xc5, 0xd0, 0xd1, 0xe1,
    0xe4, 0xe9, 0xeb, 0xf0, 0xf1, 0xf2, 0xf4, 0x100,
    0x101, 0x132, 0x133, 0x134, 0x13e, 0x14d, 0x15c
};

static const uint8_t glyph_id_ofs_list_5[] = {
    0, 1, 0, 2, 3, 4
};

static const uint8_t glyph_id_ofs_list_7[] = {
    0, 1, 2, 0, 3, 4, 5, 6,
    7, 8, 9
};

static const uint16_t unicode_list_12[] = {
    0x0, 0x1, 0x4, 0x5, 0x6, 0x7, 0x8, 0x9,
    0xa, 0xb, 0x18, 0x1b, 0x1c, 0x1d, 0x1e, 0x21,
    0x26, 0x27, 0x35, 0x36, 0x39, 0x42, 0x43, 0x4d,
    0x53, 0x54, 0x55, 0x62, 0x63, 0x64, 0x6d, 0x6e,
    0x6f, 0x72, 0x74, 0x79, 0x80, 0x84
};

/*Collect the unicode lists and glyph_id offsets*/
static const lv_font_fmt_txt_cmap_t cmaps[] =
{
    {
        .range_start = 9728, .range_length = 67, .glyph_id_start = 1,
        .unicode_list = unicode_list_0, .glyph_id_ofs_list = NULL, .list_length = 24, .type = LV_FONT_FMT_TXT_CMAP_SPARSE_TINY
    },
    {
        .range_start = 9800, .range_length = 25, .glyph_id_start = 25,
        .unicode_list = NULL, .glyph_id_ofs_list = NULL, .list_length = 0, .type = LV_FONT_FMT_TXT_CMAP_FORMAT0_TINY
    },
    {
        .range_start = 9827, .range_length = 349, .glyph_id_start = 50,
        .unicode_list = unicode_list_2, .glyph_id_ofs_list = NULL, .list_length = 79, .type = LV_FONT_FMT_TXT_CMAP_SPARSE_TINY
    },
    {
        .range_start = 127744, .range_length = 34, .glyph_id_start = 129,
        .unicode_list = NULL, .glyph_id_ofs_list = NULL, .list_length = 0, .type = LV_FONT_FMT_TXT_CMAP_FORMAT0_TINY
    },
    {
        .range_start = 127780, .range_length = 112, .glyph_id_start = 163,
        .unicode_list = NULL, .glyph_id_ofs_list = NULL, .list_length = 0, .type = LV_FONT_FMT_TXT_CMAP_FORMAT0_TINY
    },
    {
        .range_start = 127894, .range_length = 6, .glyph_id_start = 275,
        .unicode_list = NULL, .glyph_id_ofs_list = glyph_id_ofs_list_5, .list_length = 6, .type = LV_FONT_FMT_TXT_CMAP_FORMAT0_FULL
    },
    {
        .range_start = 127902, .range_length = 83, .glyph_id_start = 280,
        .unicode_list = NULL, .glyph_id_ofs_list = NULL, .list_length = 0, .type = LV_FONT_FMT_TXT_CMAP_FORMAT0_TINY
    },
    {
        .range_start = 127987, .range_length = 11, .glyph_id_start = 363,
        .unicode_list = NULL, .glyph_id_ofs_list = glyph_id_ofs_list_7, .list_length = 11, .type = LV_FONT_FMT_TXT_CMAP_FORMAT0_FULL
    },
    {
        .range_start = 127998, .range_length = 256, .glyph_id_start = 373,
        .unicode_list = NULL, .glyph_id_ofs_list = NULL, .list_length = 0, .type = LV_FONT_FMT_TXT_CMAP_FORMAT0_TINY
    },
    {
        .range_start = 128255, .range_length = 63, .glyph_id_start = 629,
        .unicode_list = NULL, .glyph_id_ofs_list = NULL, .list_length = 0, .type = LV_FONT_FMT_TXT_CMAP_FORMAT0_TINY
    },
    {
        .range_start = 128329, .range_length = 6, .glyph_id_start = 692,
        .unicode_list = NULL, .glyph_id_ofs_list = NULL, .list_length = 0, .type = LV_FONT_FMT_TXT_CMAP_FORMAT0_TINY
    },
    {
        .range_start = 128336, .range_length = 24, .glyph_id_start = 698,
        .unicode_list = NULL, .glyph_id_ofs_list = NULL, .list_length = 0, .type = LV_FONT_FMT_TXT_CMAP_FORMAT0_TINY
    },
    {
        .range_start = 128367, .range_length = 133, .glyph_id_start = 722,
        .unicode_list = unicode_list_12, .glyph_id_ofs_list = NULL, .list_length = 38, .type = LV_FONT_FMT_TXT_CMAP_SPARSE_TINY
    },
    {
        .range_start = 128506, .range_length = 86, .glyph_id_start = 760,
        .unicode_list = NULL, .glyph_id_ofs_list = NULL, .list_length = 0, .type = LV_FONT_FMT_TXT_CMAP_FORMAT0_TINY
    }
};



/*--------------------
 *  ALL CUSTOM DATA
 *--------------------*/

#if LVGL_VERSION_MAJOR == 8
/*Store all the custom data of the font*/
static  lv_font_fmt_txt_glyph_cache_t cache;
#endif

#if LVGL_VERSION_MAJOR >= 8
static const lv_font_fmt_txt_dsc_t font_dsc = {
#else
static lv_font_fmt_txt_dsc_t font_dsc = {
#endif
    .glyph_bitmap = glyph_bitmap,
    .glyph_dsc = glyph_dsc,
    .cmaps = cmaps,
    .kern_dsc = NULL,
    .kern_scale = 0,
    .cmap_num = 14,
    .bpp = 1,
    .kern_classes = 0,
    .bitmap_format = 0,
#if LVGL_VERSION_MAJOR == 8
    .cache = &cache
#endif

};

extern const lv_font_t lv_font_montserrat_18;


/*-----------------
 *  PUBLIC FONT
 *----------------*/

/*Initialize a public general font descriptor*/
#if LVGL_VERSION_MAJOR >= 8
const lv_font_t emoji = {
#else
lv_font_t emoji = {
#endif
    .get_glyph_dsc = lv_font_get_glyph_dsc_fmt_txt,    /*Function pointer to get glyph's data*/
    .get_glyph_bitmap = lv_font_get_bitmap_fmt_txt,    /*Function pointer to get glyph's bitmap*/
    .line_height = 23,          /*The maximum line height required by the font*/
    .base_line = 5,             /*Baseline measured from the bottom of the line*/
#if !(LVGL_VERSION_MAJOR == 6 && LVGL_VERSION_MINOR == 0)
    .subpx = LV_FONT_SUBPX_NONE,
#endif
#if LV_VERSION_CHECK(7, 4, 0) || LVGL_VERSION_MAJOR >= 8
    .underline_position = -1,
    .underline_thickness = 1,
#endif
    .static_bitmap = 0,
    .dsc = &font_dsc,          /*The custom font data. Will be accessed by `get_glyph_bitmap/dsc` */
#if LV_VERSION_CHECK(8, 2, 0) || LVGL_VERSION_MAJOR >= 9
    .fallback = &lv_font_montserrat_18,
#endif
    .user_data = NULL,
};



#endif /*#if EMOJI*/
